ts_code,trade_date,open,high,low,close,pre_close,change,pct_chg,vol,amount,daily_return,ma5,volume_volatility,week,month,year
300102.SZ,2018-01-02,10.0,10.11,9.655999999999999,10.101999999999999,10.06,0.05,0.5,275401.21,274228.07,0.0,10.101999999999999,0.0,2018-01-01/2018-01-07,2018-01,2018
300102.SZ,2018-01-03,10.047999999999993,10.35,9.655999999999999,10.101999999999999,10.11,0.13,1.29,328967.75,335900.548,0.0,10.101999999999999,37877.26367870045,2018-01-01/2018-01-07,2018-01,2018
300102.SZ,2018-01-04,10.047999999999993,10.48,9.655999999999999,10.101999999999999,10.24,0.01,0.1,340830.06,351013.627,0.0,10.101999999999999,34859.29579139115,2018-01-01/2018-01-07,2018-01,2018
300102.SZ,2018-01-05,10.047999999999993,10.2,9.655999999999999,9.89,10.25,-0.36,-3.51,326708.05,326391.267,-0.020985943377548777,10.049,29051.60962228242,2018-01-01/2018-01-07,2018-01,2018
300102.SZ,2018-01-08,9.83,9.84,9.51,9.64,9.89,-0.25,-2.53,323330.21,310918.971,-0.025278058645096024,9.9672,25273.086189745027,2018-01-08/2018-01-14,2018-01,2018
300102.SZ,2018-01-09,9.62,9.73,9.53,9.7,9.64,0.06,0.62,185016.21,178232.161,0.006224066390041472,9.8868,65154.443462508985,2018-01-08/2018-01-14,2018-01,2018
300102.SZ,2018-01-10,9.65,9.71,9.48,9.64,9.7,-0.06,-0.62,155863.9,149618.451,-0.006185567010309145,9.7944,88401.75557862427,2018-01-08/2018-01-14,2018-01,2018
300102.SZ,2018-01-11,9.62,9.81,9.53,9.74,9.64,0.1,1.04,186890.38,181587.43,0.010373443983402453,9.722,82593.05621638629,2018-01-08/2018-01-14,2018-01,2018
300102.SZ,2018-01-12,9.4,9.45,8.77,8.88,9.74,-0.86,-8.83,562720.48,509719.644,-0.08829568788501019,9.52,169463.31825005266,2018-01-08/2018-01-14,2018-01,2018
300102.SZ,2018-01-15,8.8,8.81,8.38,8.45,8.88,-0.43,-4.84,262679.05,225911.159,-0.04842342342342354,9.282,167998.0422039877,2018-01-15/2018-01-21,2018-01,2018
300102.SZ,2018-01-16,8.4,8.55,8.31,8.4,8.45,-0.05,-0.59,169020.4,142126.951,-0.005917159763313529,9.022,170174.2587896466,2018-01-15/2018-01-21,2018-01,2018
300102.SZ,2018-01-17,8.45,8.67,8.33,8.62,8.4,0.22,2.62,207268.89,177004.264,0.026190476190476097,8.818000000000001,163156.7386750708,2018-01-15/2018-01-21,2018-01,2018
300102.SZ,2018-01-18,8.56,8.59,8.46,8.5,8.62,-0.12,-1.39,108914.48,92806.147,-0.013921113689094988,8.57,177136.29798676033,2018-01-15/2018-01-21,2018-01,2018
300102.SZ,2018-01-19,8.5,8.6,8.37,8.38,8.5,-0.12,-1.41,120964.03,102427.747,-0.014117647058823457,8.469999999999999,63332.97411976912,2018-01-15/2018-01-21,2018-01,2018
300102.SZ,2018-01-22,8.34,8.45,8.09,8.4,8.38,0.02,0.24,166208.49,137644.002,0.0023866348448686736,8.46,39796.93569469469,2018-01-22/2018-01-28,2018-01,2018
300102.SZ,2018-01-23,8.38,8.43,8.3,8.34,8.4,-0.06,-0.71,97273.23,81222.238,-0.0071428571428572285,8.448,45733.36838037816,2018-01-22/2018-01-28,2018-01,2018
300102.SZ,2018-01-24,8.32,8.57,8.2,8.52,8.34,0.18,2.16,170870.62,144266.765,0.021582733812949506,8.428,33683.26101739619,2018-01-22/2018-01-28,2018-01,2018
300102.SZ,2018-01-25,8.47,8.78,8.46,8.61,8.52,0.09,1.06,206713.03,178839.272,0.010563380281690016,8.45,43327.0245766057,2018-01-22/2018-01-28,2018-01,2018
300102.SZ,2018-01-26,8.54,8.65,8.52,8.55,8.61,-0.06,-0.7,96645.7,82786.172,-0.00696864111498241,8.484,48762.83354681948,2018-01-22/2018-01-28,2018-01,2018
300102.SZ,2018-01-29,8.56,8.63,8.34,8.39,8.55,-0.16,-1.87,85755.17,72554.717,-0.018713450292397682,8.482,54050.71079274667,2018-01-29/2018-02-04,2018-01,2018
300102.SZ,2018-01-30,8.46,8.64,8.43,8.54,8.39,0.15,1.79,93510.23,80049.065,0.01787842669845041,8.522,54668.25294520707,2018-01-29/2018-02-04,2018-01,2018
300102.SZ,2018-01-31,8.49,8.57,8.22,8.26,8.54,-0.28,-3.28,109668.07,91652.29,-0.032786885245901565,8.469999999999999,50084.56832700458,2018-01-29/2018-02-04,2018-01,2018
300102.SZ,2018-02-01,8.29,8.34,7.65,7.65,8.26,-0.61,-7.39,173916.53,137965.9,-0.07384987893462458,8.278,35726.25416251876,2018-01-29/2018-02-04,2018-02,2018
300102.SZ,2018-02-02,7.44,7.61,7.16,7.42,7.65,-0.23,-3.01,222360.67,164132.702,-0.030065359477124187,8.052000000000001,58978.15779512508,2018-01-29/2018-02-04,2018-02,2018
300102.SZ,2018-02-05,7.29,7.58,7.21,7.48,7.42,0.06,0.81,118999.0,88400.385,0.008086253369272267,7.87,53356.96756098864,2018-02-05/2018-02-11,2018-02,2018
300102.SZ,2018-02-06,7.29,7.53,7.03,7.05,7.48,-0.43,-5.75,139132.92,101931.071,-0.0574866310160429,7.572,46027.85439459964,2018-02-05/2018-02-11,2018-02,2018
300102.SZ,2018-02-07,7.18,7.4,7.03,7.27,7.05,0.22,3.12,138464.89,100180.023,0.031205673758865293,7.374,40781.87408283325,2018-02-05/2018-02-11,2018-02,2018
300102.SZ,2018-02-08,7.3,7.6,7.25,7.47,7.27,0.2,2.75,133771.67,100111.551,0.02751031636863832,7.337999999999999,40957.7520041438,2018-02-05/2018-02-11,2018-02,2018
300102.SZ,2018-02-09,7.29,7.55,7.18,7.33,7.47,-0.14,-1.87,158955.12,117423.496,-0.018741633199464536,7.32,14312.948306077387,2018-02-05/2018-02-11,2018-02,2018
300102.SZ,2018-02-12,7.39,7.93,7.39,7.9,7.33,0.57,7.78,207890.23,159650.348,0.07776261937244211,7.403999999999999,30768.36225048753,2018-02-12/2018-02-18,2018-02,2018
300102.SZ,2018-02-13,7.82,7.82,7.66,7.72,7.9,-0.18,-2.28,181496.99,140007.334,-0.0227848101265824,7.537999999999999,30917.93377227199,2018-02-12/2018-02-18,2018-02,2018
300102.SZ,2018-02-14,7.71,7.73,7.57,7.61,7.72,-0.11,-1.42,103997.38,79245.816,-0.014248704663212375,7.606,40442.32475586148,2018-02-12/2018-02-18,2018-02,2018
300102.SZ,2018-02-22,7.68,7.8,7.63,7.74,7.61,0.13,1.71,93994.52,72664.926,0.01708278580814726,7.659999999999999,49177.486109872116,2018-02-19/2018-02-25,2018-02,2018
300102.SZ,2018-02-23,7.68,7.73,7.61,7.7,7.74,-0.04,-0.52,83607.35,64038.595,-0.0051679586563307955,7.734,56470.23626393396,2018-02-19/2018-02-25,2018-02,2018
300102.SZ,2018-02-26,7.76,8.04,7.7,7.99,7.7,0.29,3.77,174497.37,137790.016,0.03766233766233773,7.752,46706.479808287426,2018-02-26/2018-03-04,2018-02,2018
300102.SZ,2018-02-27,8.03,8.23,7.91,8.09,7.99,0.1,1.25,204519.84,165829.225,0.01251564455569465,7.8260000000000005,53933.96299381644,2018-02-26/2018-03-04,2018-02,2018
300102.SZ,2018-03-01,8.08,8.17,7.8,8.17,8.09,0.08,0.99,257772.79,206069.605,0.009888751545117369,7.938000000000001,73998.046485296,2018-02-26/2018-03-04,2018-03,2018
300102.SZ,2018-03-02,8.01,8.14,7.89,7.91,8.17,-0.26,-3.18,159634.89,127596.832,-0.03182374541003674,7.9719999999999995,63848.74068135111,2018-02-26/2018-03-04,2018-03,2018
300102.SZ,2018-03-05,7.9,8.07,7.89,8.05,7.91,0.14,1.77,105960.65,84470.275,0.017699115044247815,8.042,56070.34253605664,2018-03-05/2018-03-11,2018-03,2018
300102.SZ,2018-03-06,8.06,8.19,7.98,8.11,8.05,0.06,0.75,165713.65,134541.735,0.007453416149068248,8.066,56440.90920290957,2018-03-05/2018-03-11,2018-03,2018
300102.SZ,2018-03-07,8.08,8.12,7.96,7.96,8.11,-0.15,-1.85,114758.0,92156.834,-0.018495684340320562,8.040000000000001,60325.03292407123,2018-03-05/2018-03-11,2018-03,2018
300102.SZ,2018-03-08,7.97,8.1,7.93,7.99,7.96,0.03,0.38,83124.14,66615.742,0.0037688442211054607,8.004,35618.27661244602,2018-03-05/2018-03-11,2018-03,2018
300102.SZ,2018-03-09,7.97,8.21,7.97,8.18,7.99,0.19,2.38,189476.04,154438.245,0.02377972465581979,8.058000000000002,44170.414743853384,2018-03-05/2018-03-11,2018-03,2018
300102.SZ,2018-03-12,8.24,8.38,8.19,8.25,8.18,0.07,0.86,195551.57,161802.774,0.008557457212714059,8.097999999999999,48975.05045708626,2018-03-12/2018-03-18,2018-03,2018
300102.SZ,2018-03-13,8.2,8.37,8.18,8.24,8.25,-0.01,-0.12,169926.15,140813.156,-0.00121212121212122,8.123999999999999,49353.63579906394,2018-03-12/2018-03-18,2018-03,2018
300102.SZ,2018-03-14,8.2,8.28,8.03,8.04,8.24,-0.2,-2.43,149030.23,121369.772,-0.024271844660194275,8.139999999999999,45354.91472691275,2018-03-12/2018-03-18,2018-03,2018
300102.SZ,2018-03-15,8.01,8.1,7.9,8.0,8.04,-0.04,-0.5,122800.48,98035.721,-0.004975124378109319,8.142,29966.389892745323,2018-03-12/2018-03-18,2018-03,2018
300102.SZ,2018-03-16,8.0,8.06,7.95,7.95,8.0,-0.05,-0.63,86510.0,69281.276,-0.006249999999999978,8.096,42150.43446940286,2018-03-12/2018-03-18,2018-03,2018
300102.SZ,2018-03-19,7.95,8.1,7.9,8.04,7.95,0.09,1.13,97065.33,77918.918,0.011320754716980908,8.054,34865.644314552126,2018-03-19/2018-03-25,2018-03,2018
300102.SZ,2018-03-20,7.92,8.33,7.81,8.28,8.04,0.24,2.99,286345.19,232532.677,0.029850746268656803,8.062000000000001,80855.14226832717,2018-03-19/2018-03-25,2018-03,2018
300102.SZ,2018-03-21,8.31,8.31,8.01,8.05,8.28,-0.23,-2.78,233569.94,191749.211,-0.027777777777777568,8.064,89418.61869706202,2018-03-19/2018-03-25,2018-03,2018
300102.SZ,2018-03-22,8.0,8.1,7.87,7.92,8.05,-0.13,-1.61,143309.76,114120.264,-0.016149068322981464,8.048,87432.41373855081,2018-03-19/2018-03-25,2018-03,2018
300102.SZ,2018-03-23,7.67,7.72,7.17,7.26,7.92,-0.66,-8.33,191139.8,142985.325,-0.08333333333333337,7.909999999999999,74159.38386274209,2018-03-19/2018-03-25,2018-03,2018
300102.SZ,2018-03-26,7.1,7.49,7.1,7.49,7.26,0.23,3.17,113295.48,83496.358,0.031680440771350016,7.8,69251.75093559356,2018-03-26/2018-04-01,2018-03,2018
300102.SZ,2018-03-27,7.64,7.84,7.55,7.78,7.49,0.29,3.87,145035.25,111822.943,0.03871829105473967,7.7,47241.86790783022,2018-03-26/2018-04-01,2018-03,2018
300102.SZ,2018-03-28,7.65,7.84,7.62,7.75,7.78,-0.03,-0.39,97157.63,75268.588,-0.003856041131105381,7.640000000000001,35985.89432931361,2018-03-26/2018-04-01,2018-03,2018
300102.SZ,2018-03-29,7.74,7.87,7.68,7.77,7.75,0.02,0.26,112949.64,87681.338,0.002580645161290196,7.609999999999999,37397.072304564754,2018-03-26/2018-04-01,2018-03,2018
300102.SZ,2018-03-30,7.8,8.08,7.76,8.07,7.77,0.3,3.86,182281.61,144860.705,0.038610038610038755,7.772,33940.01676053305,2018-03-26/2018-04-01,2018-03,2018
300102.SZ,2018-04-02,8.17,8.34,8.08,8.26,8.07,0.19,2.35,335023.49,275890.015,0.023543990086740907,7.926,95481.4173715864,2018-04-02/2018-04-08,2018-04,2018
300102.SZ,2018-04-03,8.09,8.16,8.04,8.12,8.26,-0.14,-1.69,150415.34,121700.43,-0.016949152542372947,7.994,95096.03995154779,2018-04-02/2018-04-08,2018-04,2018
300102.SZ,2018-04-04,8.18,8.2,7.86,7.87,8.12,-0.25,-3.08,146842.9,117902.361,-0.030788177339901357,8.017999999999999,87115.57200944523,2018-04-02/2018-04-08,2018-04,2018
300102.SZ,2018-04-09,7.85,8.19,7.73,8.18,7.87,0.31,3.94,207305.52,165988.443,0.039390088945362,8.1,77115.69424998442,2018-04-09/2018-04-15,2018-04,2018
300102.SZ,2018-04-10,8.21,8.23,7.97,8.09,8.18,-0.09,-1.1,150451.77,121400.154,-0.011002444987775029,8.104,80629.10785441718,2018-04-09/2018-04-15,2018-04,2018
300102.SZ,2018-04-11,8.14,8.22,8.08,8.11,8.09,0.02,0.25,125876.7,102564.984,0.0024721878862792313,8.074,30353.47646623168,2018-04-09/2018-04-15,2018-04,2018
300102.SZ,2018-04-12,8.07,8.23,8.03,8.15,8.11,0.04,0.49,127711.31,103940.64,0.004932182490752224,8.08,33012.891345546355,2018-04-09/2018-04-15,2018-04,2018
300102.SZ,2018-04-13,8.18,8.34,8.13,8.29,8.15,0.14,1.72,228623.31,188320.34,0.01717791411042935,8.164,47237.698773593685,2018-04-09/2018-04-15,2018-04,2018
300102.SZ,2018-04-16,8.23,8.31,8.11,8.24,8.29,-0.05,-0.6,171483.14,140709.128,-0.00603136308805774,8.176,42236.56808948891,2018-04-16/2018-04-22,2018-04,2018
300102.SZ,2018-04-17,8.2,8.37,7.98,7.98,8.24,-0.26,-3.16,201707.03,165000.134,-0.03155339805825241,8.154,45203.958944429585,2018-04-16/2018-04-22,2018-04,2018
300102.SZ,2018-04-18,8.03,8.5,7.99,8.43,7.95,0.48,6.04,443990.67,367664.647,0.05639097744360888,8.218,122852.55177264263,2018-04-16/2018-04-22,2018-04,2018
300102.SZ,2018-04-19,8.33,8.58,8.29,8.45,8.43,0.02,0.24,367295.42,309402.344,0.0023724792408066353,8.278,117286.37259313745,2018-04-16/2018-04-22,2018-04,2018
300102.SZ,2018-04-20,8.4,8.68,8.36,8.55,8.45,0.1,1.18,448736.27,383822.084,0.01183431952662728,8.330000000000002,132300.26477620777,2018-04-16/2018-04-22,2018-04,2018
300102.SZ,2018-04-23,8.61,8.65,8.21,8.44,8.55,-0.11,-1.29,290256.1,243686.402,-0.01286549707602358,8.370000000000001,105405.85695071849,2018-04-23/2018-04-29,2018-04,2018
300102.SZ,2018-04-24,8.39,8.67,8.3,8.67,8.44,0.23,2.73,308825.56,263190.714,0.027251184834123254,8.508000000000001,73766.79346770805,2018-04-23/2018-04-29,2018-04,2018
300102.SZ,2018-04-25,8.55,8.72,8.48,8.56,8.67,-0.11,-1.27,275918.22,237021.519,-0.012687427912341342,8.533999999999999,70896.58955769408,2018-04-23/2018-04-29,2018-04,2018
300102.SZ,2018-04-26,8.56,8.67,8.4,8.4,8.56,-0.16,-1.87,230702.93,197005.595,-0.01869158878504673,8.524000000000001,82287.00605554428,2018-04-23/2018-04-29,2018-04,2018
300102.SZ,2018-04-27,8.43,8.5,8.1,8.18,8.4,-0.22,-2.62,210481.2,173661.562,-0.02619047619047632,8.45,41263.79179311146,2018-04-23/2018-04-29,2018-04,2018
300102.SZ,2018-05-02,8.24,8.32,7.84,7.99,8.18,-0.19,-2.32,181124.9,146014.193,-0.023227383863080653,8.36,51091.09578864447,2018-04-30/2018-05-06,2018-05,2018
300102.SZ,2018-05-03,7.98,8.07,7.68,8.05,7.99,0.06,0.75,167659.51,132048.284,0.007509386733416834,8.236,42866.26079092953,2018-04-30/2018-05-06,2018-05,2018
300102.SZ,2018-05-04,7.99,8.12,7.85,7.85,8.05,-0.2,-2.48,117856.91,94267.421,-0.024844720496894568,8.094,43309.8137224192,2018-04-30/2018-05-06,2018-05,2018
300102.SZ,2018-05-07,7.86,8.06,7.86,8.05,7.85,0.2,2.55,113925.95,91021.958,0.025477707006369643,8.024,41641.66539408724,2018-05-07/2018-05-13,2018-05,2018
300102.SZ,2018-05-08,8.04,8.06,7.93,7.98,8.05,-0.07,-0.87,111313.0,88847.116,-0.008695652173913104,7.984,33302.53885796872,2018-05-07/2018-05-13,2018-05,2018
300102.SZ,2018-05-09,7.99,8.11,7.95,8.02,7.98,0.04,0.5,106766.83,85827.808,0.005012531328320691,7.99,25010.453165984043,2018-05-07/2018-05-13,2018-05,2018
300102.SZ,2018-05-10,8.04,8.04,7.85,7.93,8.02,-0.09,-1.12,97908.28,77664.939,-0.01122194513715713,7.965999999999999,7657.307833201289,2018-05-07/2018-05-13,2018-05,2018
300102.SZ,2018-05-11,7.93,7.97,7.69,7.7,7.93,-0.23,-2.9,115904.0,90463.927,-0.029003783102143688,7.936,7161.697158791738,2018-05-07/2018-05-13,2018-05,2018
300102.SZ,2018-05-14,7.68,7.79,7.55,7.59,7.7,-0.11,-1.43,79904.14,61398.755,-0.014285714285714346,7.843999999999999,14204.750544573917,2018-05-14/2018-05-20,2018-05,2018
300102.SZ,2018-05-15,7.58,7.76,7.58,7.75,7.59,0.16,2.11,69318.27,53129.342,0.021080368906455815,7.798,19143.70002688612,2018-05-14/2018-05-20,2018-05,2018
300102.SZ,2018-05-16,7.72,7.72,7.6,7.61,7.75,-0.14,-1.81,62405.18,47756.927,-0.01806451612903226,7.715999999999999,21817.725289313417,2018-05-14/2018-05-20,2018-05,2018
300102.SZ,2018-05-17,7.62,7.67,7.51,7.56,7.61,-0.05,-0.66,53853.02,40928.176,-0.006570302233902869,7.642,24120.22733057636,2018-05-14/2018-05-20,2018-05,2018
300102.SZ,2018-05-18,7.59,7.68,7.5,7.67,7.56,0.11,1.46,65939.63,50069.152,0.014550264550264647,7.636,9544.73817203117,2018-05-14/2018-05-20,2018-05,2018
300102.SZ,2018-05-21,7.71,7.84,7.71,7.79,7.67,0.12,1.56,107507.85,83664.5,0.015645371577575062,7.676,20772.037040119852,2018-05-21/2018-05-27,2018-05,2018
300102.SZ,2018-05-22,7.8,7.81,7.69,7.79,7.79,0.0,0.0,93586.81,72534.747,0.0,7.684,22783.71840815351,2018-05-21/2018-05-27,2018-05,2018
300102.SZ,2018-05-23,7.78,7.83,7.64,7.7,7.79,-0.09,-1.16,84754.88,65503.96,-0.011553273427471145,7.702000000000001,21441.104259522985,2018-05-21/2018-05-27,2018-05,2018
300102.SZ,2018-05-24,7.71,7.73,7.59,7.61,7.7,-0.09,-1.17,75801.49,57923.181,-0.011688311688311637,7.712000000000001,16023.144887339886,2018-05-21/2018-05-27,2018-05,2018
300102.SZ,2018-05-25,7.59,7.63,7.39,7.4,7.61,-0.21,-2.76,83305.16,62346.082,-0.02759526938239154,7.6579999999999995,12126.74591961247,2018-05-21/2018-05-27,2018-05,2018
300102.SZ,2018-05-28,7.4,7.5,7.35,7.36,7.4,-0.04,-0.54,49829.68,36927.373,-0.005405405405405461,7.572,16685.624894758763,2018-05-28/2018-06-03,2018-05,2018
300102.SZ,2018-05-29,7.39,7.47,7.35,7.36,7.36,0.0,0.0,46641.8,34532.189,0.0,7.486,18453.64618219337,2018-05-28/2018-06-03,2018-05,2018
300102.SZ,2018-05-30,7.26,7.29,6.76,6.91,7.36,-0.45,-6.11,127504.99,90486.266,-0.06114130434782605,7.328,32600.065928235377,2018-05-28/2018-06-03,2018-05,2018
300102.SZ,2018-05-31,6.95,7.08,6.88,6.96,6.91,0.05,0.72,66206.23,46167.383,0.00723589001447178,7.198,32940.68628233529,2018-05-28/2018-06-03,2018-05,2018
300102.SZ,2018-06-01,6.95,6.95,6.73,6.77,6.96,-0.19,-2.73,94415.0,64560.645,-0.027298850574712707,7.072,34023.35939394159,2018-05-28/2018-06-03,2018-06,2018
300102.SZ,2018-06-04,6.74,6.84,6.73,6.76,6.77,-0.01,-0.15,45296.38,30725.27,-0.001477104874446078,6.952,34972.88059906294,2018-06-04/2018-06-10,2018-06,2018
300102.SZ,2018-06-05,6.76,6.96,6.75,6.93,6.76,0.17,2.51,56124.26,38497.648,0.025147928994082802,6.866,33193.83589310271,2018-06-04/2018-06-10,2018-06,2018
300102.SZ,2018-06-06,6.93,6.96,6.84,6.91,6.93,-0.02,-0.29,55620.3,38316.91,-0.0028860028860028253,6.866,18781.09847514885,2018-06-04/2018-06-10,2018-06,2018
300102.SZ,2018-06-07,6.9,7.0,6.88,6.92,6.91,0.01,0.14,76990.19,53400.156,0.0014471780028944004,6.858,19758.68095662358,2018-06-04/2018-06-10,2018-06,2018
300102.SZ,2018-06-08,6.92,6.94,6.68,6.74,6.92,-0.18,-2.6,57109.0,38672.164,-0.026011560693641522,6.851999999999999,11529.576658474354,2018-06-04/2018-06-10,2018-06,2018
300102.SZ,2018-06-11,6.74,6.74,6.59,6.6,6.74,-0.14,-2.08,47576.2,31600.051,-0.020771513353115778,6.82,10919.237206795025,2018-06-11/2018-06-17,2018-06,2018
300102.SZ,2018-06-12,6.65,6.77,6.45,6.7,6.6,0.1,1.52,162348.07,106428.754,0.015151515151515138,6.774000000000001,47328.397044225305,2018-06-11/2018-06-17,2018-06,2018
300102.SZ,2018-06-13,6.65,6.65,6.36,6.38,6.7,-0.32,-4.78,114567.22,74515.112,-0.047761194029850795,6.667999999999999,47100.64601031708,2018-06-11/2018-06-17,2018-06,2018
300102.SZ,2018-06-14,6.3,6.43,6.27,6.37,6.38,-0.01,-0.16,92343.75,58491.807,-0.0015673981191222097,6.558,46395.62494707922,2018-06-11/2018-06-17,2018-06,2018
300102.SZ,2018-06-15,6.34,6.39,6.15,6.2,6.37,-0.17,-2.67,83993.0,52620.225,-0.026687598116169498,6.45,42315.616368121606,2018-06-11/2018-06-17,2018-06,2018
300102.SZ,2018-06-19,6.1,6.23,5.72,6.13,6.2,-0.07,-1.13,219584.33,133871.654,-0.011290322580645218,6.356,56436.37516466939,2018-06-18/2018-06-24,2018-06,2018
300102.SZ,2018-06-20,6.06,6.22,5.82,6.13,6.13,0.0,0.0,186954.33,113223.944,0.0,6.242,60398.251569530665,2018-06-18/2018-06-24,2018-06,2018
300102.SZ,2018-06-21,6.08,6.13,5.87,5.96,6.13,-0.17,-2.77,136024.46,81543.066,-0.027732463295269127,6.1579999999999995,58929.281349445584,2018-06-18/2018-06-24,2018-06,2018
300102.SZ,2018-06-22,5.96,6.3,5.93,6.24,5.96,0.28,4.7,149268.3,91931.226,0.046979865771812124,6.132,51543.66233062042,2018-06-18/2018-06-24,2018-06,2018
300102.SZ,2018-06-25,6.32,6.51,6.25,6.39,6.24,0.15,2.4,138865.35,88804.403,0.024038461538461453,6.17,36142.21660127976,2018-06-25/2018-07-01,2018-06,2018
300102.SZ,2018-06-26,6.33,6.57,6.27,6.55,6.39,0.16,2.5,118915.84,76654.534,0.025039123630672844,6.254,25356.9769615133,2018-06-25/2018-07-01,2018-06,2018
300102.SZ,2018-06-27,6.5,6.56,6.34,6.49,6.55,-0.06,-0.92,101226.11,65176.246,-0.009160305343511421,6.326,18910.667751569512,2018-06-25/2018-07-01,2018-06,2018
300102.SZ,2018-06-28,6.43,6.53,6.35,6.37,6.49,-0.12,-1.85,55462.11,35787.324,-0.018489984591679498,6.4079999999999995,36974.037088859346,2018-06-25/2018-07-01,2018-06,2018
300102.SZ,2018-06-29,6.38,6.61,6.33,6.56,6.37,0.19,2.98,105641.94,68849.419,0.029827315541601118,6.4719999999999995,30839.86718563853,2018-06-25/2018-07-01,2018-06,2018
300102.SZ,2018-07-02,6.51,6.57,6.36,6.44,6.56,-0.12,-1.83,77958.22,50226.179,-0.018292682926829174,6.481999999999999,25138.35920291936,2018-07-02/2018-07-08,2018-07,2018
300102.SZ,2018-07-03,6.44,6.59,6.3,6.56,6.44,0.12,1.86,101150.13,65571.557,0.01863354037267073,6.484,21320.36421317046,2018-07-02/2018-07-08,2018-07,2018
300102.SZ,2018-07-04,6.5,6.52,6.37,6.37,6.56,-0.19,-2.9,68590.31,44053.46,-0.02896341463414631,6.459999999999999,21364.67576648515,2018-07-02/2018-07-08,2018-07,2018
300102.SZ,2018-07-05,6.34,6.42,6.1,6.1,6.37,-0.27,-4.24,81195.79,50688.027,-0.042386185243328156,6.406000000000001,15827.700751550723,2018-07-02/2018-07-08,2018-07,2018
300102.SZ,2018-07-06,6.1,6.33,6.08,6.23,6.1,0.13,2.13,68589.04,42590.99,0.021311475409836245,6.340000000000001,13342.14420371542,2018-07-02/2018-07-08,2018-07,2018
300102.SZ,2018-07-09,6.26,6.32,6.22,6.31,6.23,0.08,1.28,52983.6,33255.675,0.01284109149277679,6.314,17943.53901814788,2018-07-09/2018-07-15,2018-07,2018
300102.SZ,2018-07-10,6.32,6.41,6.28,6.41,6.31,0.1,1.58,62288.69,39464.039,0.015847860538827252,6.284000000000001,10306.12208224766,2018-07-09/2018-07-15,2018-07,2018
300102.SZ,2018-07-11,6.33,6.34,6.11,6.2,6.41,-0.21,-3.28,63403.88,39360.274,-0.032761310452418035,6.25,10332.978607062561,2018-07-09/2018-07-15,2018-07,2018
300102.SZ,2018-07-12,6.2,6.45,6.2,6.38,6.2,0.18,2.9,67174.98,42711.021,0.029032258064516148,6.305999999999999,6115.60501105832,2018-07-09/2018-07-15,2018-07,2018
300102.SZ,2018-07-13,6.46,6.53,6.42,6.42,6.38,0.04,0.63,87192.36,56330.975,0.006269592476489061,6.343999999999999,12635.114163278578,2018-07-09/2018-07-15,2018-07,2018
300102.SZ,2018-07-16,6.43,6.52,6.4,6.46,6.42,0.04,0.62,52998.48,34255.525,0.006230529595015577,6.374,12631.10380937006,2018-07-16/2018-07-22,2018-07,2018
300102.SZ,2018-07-17,6.48,6.48,6.31,6.45,6.46,-0.01,-0.15,61976.0,39559.986,-0.001547987616099089,6.382,12658.60245086964,2018-07-16/2018-07-22,2018-07,2018
300102.SZ,2018-07-18,6.44,6.5,6.38,6.39,6.45,-0.06,-0.93,58251.0,37533.287,-0.009302325581395432,6.42,13177.792840322025,2018-07-16/2018-07-22,2018-07,2018
300102.SZ,2018-07-19,6.33,6.38,6.22,6.26,6.39,-0.13,-2.03,61153.18,38466.601,-0.020344287949921713,6.396,13263.4586837688,2018-07-16/2018-07-22,2018-07,2018
300102.SZ,2018-07-20,6.29,6.36,6.18,6.31,6.26,0.05,0.7987,47173.0,29662.783,0.007987220447284393,6.374,6200.370204099031,2018-07-16/2018-07-22,2018-07,2018
300102.SZ,2018-07-23,6.29,6.45,6.23,6.4,6.31,0.09,1.4263,60127.8,38309.457,0.014263074484944571,6.362,6066.663419874188,2018-07-23/2018-07-29,2018-07,2018
300102.SZ,2018-07-24,6.38,6.51,6.34,6.49,6.4,0.09,1.4063,75046.36,48419.472,0.014062499999999867,6.369999999999999,9933.737940004281,2018-07-23/2018-07-29,2018-07,2018
300102.SZ,2018-07-25,6.49,6.58,6.42,6.5,6.49,0.01,0.1541,69456.0,45143.154,0.0015408320493066618,6.392,10584.347192466868,2018-07-23/2018-07-29,2018-07,2018
300102.SZ,2018-07-26,6.49,6.52,6.42,6.52,6.5,0.02,0.3077,73280.0,47463.693,0.003076923076922977,6.444,11520.44447897225,2018-07-23/2018-07-29,2018-07,2018
300102.SZ,2018-07-27,6.53,6.54,6.43,6.45,6.52,-0.07,-1.0736,62814.16,40701.082,-0.010736196319018343,6.4719999999999995,6488.62594665799,2018-07-23/2018-07-29,2018-07,2018
300102.SZ,2018-07-30,6.5,6.59,6.39,6.44,6.45,-0.01,-0.155,71642.0,46405.907,-0.0015503875968991832,6.4799999999999995,4739.471262624572,2018-07-30/2018-08-05,2018-07,2018
300102.SZ,2018-07-31,6.28,6.29,6.07,6.16,6.44,-0.28,-4.3478,112230.09,69166.192,-0.0434782608695653,6.414,19608.31799837168,2018-07-30/2018-08-05,2018-07,2018
300102.SZ,2018-08-01,6.17,6.23,6.05,6.06,6.16,-0.1,-1.6234,59945.0,36825.568,-0.016233766233766267,6.3260000000000005,21039.473684012777,2018-07-30/2018-08-05,2018-08,2018
300102.SZ,2018-08-02,6.08,6.1,5.83,5.95,6.06,-0.11,-1.8152,96030.06,57544.185,-0.018151815181518094,6.212000000000001,22703.17872200912,2018-07-30/2018-08-05,2018-08,2018
300102.SZ,2018-08-03,6.36,6.55,6.2,6.55,5.95,0.6,10.084,360865.84,235574.077,0.10084033613445365,6.231999999999999,125067.74196607339,2018-07-30/2018-08-05,2018-08,2018
300102.SZ,2018-08-06,6.59,6.72,6.21,6.26,6.55,-0.29,-4.4275,375283.89,242972.324,-0.04427480916030535,6.196,153888.9015868969,2018-08-06/2018-08-12,2018-08,2018
300102.SZ,2018-08-07,6.12,6.52,6.11,6.49,6.26,0.23,3.6741,231509.25,146054.32,0.036741214057508076,6.2620000000000005,145742.21221669065,2018-08-06/2018-08-12,2018-08,2018
300102.SZ,2018-08-08,6.41,6.55,6.27,6.27,6.49,-0.22,-3.3898,138933.38,89215.915,-0.033898305084745894,6.303999999999999,126414.79827585163,2018-08-06/2018-08-12,2018-08,2018
300102.SZ,2018-08-09,6.29,6.88,6.22,6.68,6.27,0.41,6.5391,247411.19,163370.863,0.065390749601276,6.45,98117.71468613655,2018-08-06/2018-08-12,2018-08,2018
300102.SZ,2018-08-10,6.68,6.77,6.61,6.71,6.68,0.03,0.4491,161512.34,108049.872,0.004491017964071808,6.482000000000001,92725.67110003885,2018-08-06/2018-08-12,2018-08,2018
300102.SZ,2018-08-13,6.63,6.78,6.54,6.77,6.71,0.06,0.8942,137527.97,91613.595,0.008941877794336861,6.5840000000000005,52374.906276546615,2018-08-13/2018-08-19,2018-08,2018
300102.SZ,2018-08-14,6.72,6.76,6.62,6.66,6.77,-0.11,-1.6248,88029.14,58749.208,-0.016248153618906858,6.617999999999999,58374.308866710635,2018-08-13/2018-08-19,2018-08,2018
300102.SZ,2018-08-15,6.63,6.66,6.48,6.53,6.66,-0.13,-1.952,90429.02,59255.115,-0.019519519519519468,6.67,65269.07682212434,2018-08-13/2018-08-19,2018-08,2018
300102.SZ,2018-08-16,6.43,6.65,6.4,6.59,6.53,0.06,0.9188,104718.33,68744.309,0.009188361408882129,6.652000000000001,32005.327093459582,2018-08-13/2018-08-19,2018-08,2018
300102.SZ,2018-08-17,6.63,6.7,6.21,6.26,6.59,-0.33,-5.0076,110612.78,71939.994,-0.050075872534142696,6.562,19887.141025639015,2018-08-13/2018-08-19,2018-08,2018
300102.SZ,2018-08-20,6.21,6.36,6.15,6.36,6.26,0.1,1.5974,68911.97,43172.456,0.015974440894568787,6.4799999999999995,16263.648071624324,2018-08-20/2018-08-26,2018-08,2018
300102.SZ,2018-08-21,6.35,6.41,6.25,6.35,6.36,-0.01,-0.1572,63252.73,40092.119,-0.0015723270440252124,6.418000000000001,21051.48160525543,2018-08-20/2018-08-26,2018-08,2018
300102.SZ,2018-08-22,6.35,6.35,6.15,6.18,6.35,-0.17,-2.6772,48000.47,30011.719,-0.026771653543307128,6.348,27255.5811738817,2018-08-20/2018-08-26,2018-08,2018
300102.SZ,2018-08-23,6.18,6.32,6.18,6.27,6.18,0.09,1.4563,47488.41,29791.358,0.014563106796116498,6.284,25784.310656294267,2018-08-20/2018-08-26,2018-08,2018
300102.SZ,2018-08-24,6.22,6.31,6.22,6.26,6.27,-0.01,-0.1595,35337.19,22164.23,-0.0015948963317383713,6.284,13461.515909623424,2018-08-20/2018-08-26,2018-08,2018
300102.SZ,2018-08-27,6.26,6.49,6.26,6.49,6.26,0.23,3.6741,77304.35,49550.072,0.036741214057508076,6.31,16240.526178636124,2018-08-27/2018-09-02,2018-08,2018
300102.SZ,2018-08-28,6.52,6.52,6.41,6.46,6.49,-0.03,-0.4622,57977.49,37440.874,-0.0046224961479198745,6.332,15673.059085210036,2018-08-27/2018-09-02,2018-08,2018
300102.SZ,2018-08-29,6.43,6.48,6.39,6.47,6.46,0.01,0.1548,40863.15,26296.846,0.001547987616099089,6.39,16566.997977753374,2018-08-27/2018-09-02,2018-08,2018
300102.SZ,2018-08-30,6.46,6.46,6.33,6.36,6.47,-0.11,-1.7002,51476.87,32949.38,-0.017001545595053957,6.4079999999999995,16403.061072993805,2018-08-27/2018-09-02,2018-08,2018
300102.SZ,2018-08-31,6.36,6.4,6.18,6.19,6.36,-0.17,-2.673,33946.56,21422.971,-0.02672955974842761,6.394,16776.310054032878,2018-08-27/2018-09-02,2018-08,2018
300102.SZ,2018-09-03,6.23,6.3,6.15,6.3,6.19,0.11,1.7771,35010.75,21782.3,0.017770597738287375,6.356,10522.437144133548,2018-09-03/2018-09-09,2018-09,2018
300102.SZ,2018-09-04,6.29,6.4,6.24,6.36,6.3,0.06,0.9524,43576.12,27550.452,0.009523809523809712,6.336,7107.018636341843,2018-09-03/2018-09-09,2018-09,2018
300102.SZ,2018-09-05,6.35,6.37,6.17,6.18,6.36,-0.18,-2.8302,47043.48,29559.254,-0.028301886792452935,6.2780000000000005,7602.916063918551,2018-09-03/2018-09-09,2018-09,2018
300102.SZ,2018-09-06,6.19,6.28,6.12,6.14,6.18,-0.04,-0.6472,43514.0,26958.162,-0.006472491909385147,6.234,5795.978071799455,2018-09-03/2018-09-09,2018-09,2018
300102.SZ,2018-09-07,6.16,6.25,6.09,6.17,6.14,0.03,0.4886,40289.7,24864.654,0.004885993485342022,6.2299999999999995,4525.586219945501,2018-09-03/2018-09-09,2018-09,2018
300102.SZ,2018-09-10,6.16,6.18,5.98,6.03,6.17,-0.14,-2.269,42025.09,25403.693,-0.02269043760129652,6.176,2491.1066639309383,2018-09-10/2018-09-16,2018-09,2018
300102.SZ,2018-09-11,6.0,6.07,5.95,6.02,6.03,-0.01,-0.1658,28572.21,17190.518,-0.0016583747927032544,6.108,7005.726263178575,2018-09-10/2018-09-16,2018-09,2018
300102.SZ,2018-09-12,6.03,6.09,6.01,6.05,6.02,0.03,0.4983,24024.658,13467.168,0.004983388704318914,6.082,8792.73281398344,2018-09-10/2018-09-16,2018-09,2018
300102.SZ,2018-09-13,6.09,6.14,6.04,6.1,6.05,0.05,0.8264,24024.658,14376.897,0.008264462809917328,6.074,8774.354323618129,2018-09-10/2018-09-16,2018-09,2018
300102.SZ,2018-09-14,6.13,6.13,6.0,6.02,6.1,-0.08,-1.3115,25844.0,15662.334,-0.013114754098360715,6.044,7570.542771394604,2018-09-10/2018-09-16,2018-09,2018
300102.SZ,2018-09-17,6.62,6.62,6.1,6.11,6.02,0.09,1.495,132547.99,84345.348,0.014950166112956964,6.0600000000000005,47857.47333703882,2018-09-17/2018-09-23,2018-09,2018
300102.SZ,2018-09-18,6.02,6.15,5.95,6.14,6.11,0.03,0.491,90640.19,54816.977,0.004909983633387682,6.0840000000000005,49888.40387101594,2018-09-17/2018-09-23,2018-09,2018
300102.SZ,2018-09-19,6.08,6.22,6.07,6.15,6.14,0.01,0.1629,72309.0,44502.788,0.0016286644951140072,6.104,45833.36474066844,2018-09-17/2018-09-23,2018-09,2018
300102.SZ,2018-09-20,6.15,6.17,6.12,6.13,6.15,-0.02,-0.3252,37419.0,22992.909,-0.003252032520325243,6.11,42835.51599884611,2018-09-17/2018-09-23,2018-09,2018
300102.SZ,2018-09-21,6.13,6.21,6.11,6.19,6.13,0.06,0.9788,40539.75,25008.304,0.00978792822185981,6.144,39252.36215154958,2018-09-17/2018-09-23,2018-09,2018
300102.SZ,2018-09-25,6.19,6.19,6.09,6.12,6.19,-0.07,-1.1309,33170.2,20359.681,-0.011308562197092087,6.146,25319.879631262775,2018-09-24/2018-09-30,2018-09,2018
300102.SZ,2018-09-26,6.12,6.15,6.04,6.07,6.12,-0.05,-0.817,45225.33,27595.127,-0.008169934640522847,6.132000000000001,15495.627525527721,2018-09-24/2018-09-30,2018-09,2018
300102.SZ,2018-09-27,6.06,6.07,5.91,5.92,6.07,-0.15,-2.4712,55036.0,32961.171,-0.02471169686985175,6.086,8382.075116216221,2018-09-24/2018-09-30,2018-09,2018
300102.SZ,2018-09-28,5.93,6.01,5.89,5.99,5.92,0.07,1.1824,34288.0,20386.87,0.011824324324324342,6.058000000000001,8934.577081311178,2018-09-24/2018-09-30,2018-09,2018
300102.SZ,2018-10-08,5.9,5.92,5.73,5.76,5.99,-0.23,-3.8397,47173.85,27379.916,-0.038397328881469184,5.9719999999999995,9216.290629998135,2018-10-08/2018-10-14,2018-10,2018
300102.SZ,2018-10-09,5.76,5.86,5.76,5.8,5.76,0.04,0.6944,28797.54,16737.495,0.00694444444444442,5.9079999999999995,10498.028834252224,2018-10-08/2018-10-14,2018-10,2018
300102.SZ,2018-10-10,5.79,5.83,5.76,5.8,5.8,0.0,0.0,24024.658,12051.738,0.0,5.854,12923.49363510542,2018-10-08/2018-10-14,2018-10,2018
300102.SZ,2018-11-01,5.41,5.76,5.41,5.64,5.8,-0.16,-2.7586,147836.05,82582.407,-0.02758620689655178,5.798,51828.24835547577,2018-10-29/2018-11-04,2018-11,2018
300102.SZ,2018-11-02,5.59,5.79,5.57,5.79,5.64,0.15,2.6596,101788.19,57843.652,0.02659574468085113,5.758,53388.479030426024,2018-10-29/2018-11-04,2018-11,2018
300102.SZ,2018-11-05,5.79,5.87,5.73,5.86,5.79,0.07,1.209,74797.51,43380.47,0.012089810017271274,5.7780000000000005,51852.878528635745,2018-11-05/2018-11-11,2018-11,2018
300102.SZ,2018-11-06,5.83,5.87,5.78,5.83,5.86,-0.03,-0.5119,36687.73,21377.46,-0.005119453924914752,5.784000000000001,50170.99181610786,2018-11-05/2018-11-11,2018-11,2018
300102.SZ,2018-11-07,5.83,5.86,5.75,5.78,5.83,-0.05,-0.8576,43889.65,25505.174,-0.00857632933104624,5.779999999999999,45492.94630709968,2018-11-05/2018-11-11,2018-11,2018
300102.SZ,2018-11-08,5.85,5.9,5.81,5.87,5.78,0.09,1.5571,65320.33,38286.944,0.015570934256055269,5.826,25958.763460605915,2018-11-05/2018-11-11,2018-11,2018
300102.SZ,2018-11-09,5.84,5.9,5.76,5.87,5.87,0.0,0.0,89478.77,52171.948,0.0,5.8420000000000005,21786.31100825213,2018-11-05/2018-11-11,2018-11,2018
300102.SZ,2018-11-12,5.83,6.0,5.82,6.0,5.87,0.13,2.2147,125853.01,74323.709,0.022146507666098714,5.87,36356.28535282849,2018-11-12/2018-11-18,2018-11,2018
300102.SZ,2018-11-13,5.92,6.14,5.91,6.08,6.0,0.08,1.3333,103415.23,62662.927,0.01333333333333342,5.92,32030.259260522642,2018-11-12/2018-11-18,2018-11,2018
300102.SZ,2018-11-14,6.12,6.14,6.04,6.07,6.08,-0.01,-0.1645,54685.01,33287.157,-0.0016447368421051989,5.978,28708.06117900645,2018-11-12/2018-11-18,2018-11,2018
300102.SZ,2018-11-15,6.11,6.17,6.06,6.15,6.07,0.08,1.318,56313.99,34509.621,0.01317957166392092,6.034000000000001,30681.954667858055,2018-11-12/2018-11-18,2018-11,2018
300102.SZ,2018-11-16,6.15,6.23,6.12,6.18,6.15,0.03,0.4878,57473.96,35493.221,0.004878048780487809,6.096,33011.54855890093,2018-11-12/2018-11-18,2018-11,2018
300102.SZ,2018-11-19,6.17,6.21,6.09,6.13,6.18,-0.05,-0.8091,51433.56,31515.36,-0.008090614886731351,6.122,21781.3105213832,2018-11-19/2018-11-25,2018-11,2018
300102.SZ,2018-11-20,6.09,6.19,6.01,6.02,6.13,-0.11,-1.7945,61714.81,37647.171,-0.01794453507340954,6.11,3774.4546598674888,2018-11-19/2018-11-25,2018-11,2018
300102.SZ,2018-11-21,6.03,6.09,5.96,6.07,6.02,0.05,0.8306,47395.57,28587.968,0.008305647840531671,6.11,5554.126772989147,2018-11-19/2018-11-25,2018-11,2018
300102.SZ,2018-11-22,6.1,6.27,6.09,6.14,6.07,0.07,1.1532,78478.92,48518.517,0.01153212520593061,6.108,12047.749080844793,2018-11-19/2018-11-25,2018-11,2018
300102.SZ,2018-11-23,6.12,6.25,5.97,6.17,6.14,0.03,0.4886,110327.2,67243.574,0.004885993485342022,6.106,25604.72604344832,2018-11-19/2018-11-25,2018-11,2018
300102.SZ,2018-11-26,6.15,6.37,6.1,6.33,6.17,0.16,2.5932,142644.29,89623.683,0.025931928687196182,6.146,38453.61265761188,2018-11-26/2018-12-02,2018-11,2018
300102.SZ,2018-11-27,6.31,6.35,6.1,6.15,6.33,-0.18,-2.8436,101025.69,62740.345,-0.028436018957345932,6.172,35621.593085141656,2018-11-26/2018-12-02,2018-11,2018
300102.SZ,2018-11-28,6.15,6.15,5.96,6.1,6.15,-0.05,-0.813,70955.0,43022.868,-0.008130081300813163,6.178,28419.41673110364,2018-11-26/2018-12-02,2018-11,2018
300102.SZ,2018-11-29,6.14,6.16,5.91,6.01,6.1,-0.09,-1.4754,85075.44,51263.491,-0.014754098360655665,6.151999999999999,27260.238686779943,2018-11-26/2018-12-02,2018-11,2018
300102.SZ,2018-11-30,5.96,6.06,5.81,5.94,6.01,-0.07,-1.1647,45016.0,26586.957,-0.011647254575707033,6.106,36393.43154420326,2018-11-26/2018-12-02,2018-11,2018
300102.SZ,2018-12-03,6.07,6.24,6.03,6.18,5.94,0.24,4.0404,105557.93,64967.728,0.04040404040404022,6.076,24571.814315053038,2018-12-03/2018-12-09,2018-12,2018
300102.SZ,2018-12-04,6.15,6.21,6.12,6.18,6.18,0.0,0.0,47035.41,29015.344,0.0,6.082,25697.618334472183,2018-12-03/2018-12-09,2018-12,2018
300102.SZ,2018-12-05,6.09,6.11,6.05,6.06,6.18,-0.12,-1.9417,49179.0,29884.383,-0.01941747572815533,6.074,27436.004960493046,2018-12-03/2018-12-09,2018-12,2018
300102.SZ,2018-12-06,6.02,6.13,5.96,6.08,6.06,0.02,0.33,62817.16,37957.904,0.0033003300330034513,6.088,25370.766352085564,2018-12-03/2018-12-09,2018-12,2018
300102.SZ,2018-12-07,6.06,6.17,6.05,6.17,6.08,0.09,1.4803,62771.0,38445.49,0.014802631578947345,6.1339999999999995,23593.40511757721,2018-12-03/2018-12-09,2018-12,2018
300102.SZ,2018-12-10,6.13,6.26,6.08,6.22,6.17,0.05,0.8104,79630.04,49302.293,0.008103727714748654,6.142,13093.103742550373,2018-12-10/2018-12-16,2018-12,2018
300102.SZ,2018-12-11,6.24,6.35,6.23,6.33,6.22,0.11,1.7685,129535.11,81563.805,0.01768488745980723,6.172,31401.641410887954,2018-12-10/2018-12-16,2018-12,2018
300102.SZ,2018-12-12,6.96,6.96,6.52,6.59,6.33,0.26,4.1074,455025.71,309131.233,0.041074249605055346,6.2780000000000005,168303.81657819837,2018-12-10/2018-12-16,2018-12,2018
300102.SZ,2018-12-13,6.48,6.88,6.38,6.75,6.59,0.16,2.4279,418673.69,279804.812,0.02427921092564489,6.412000000000001,191637.9263145565,2018-12-10/2018-12-16,2018-12,2018
300102.SZ,2018-12-14,6.62,6.7,6.43,6.43,6.75,-0.32,-4.7407,286006.49,188511.19,-0.047407407407407454,6.464,167700.9771470622,2018-12-10/2018-12-16,2018-12,2018
300102.SZ,2018-12-17,6.4,6.49,6.33,6.45,6.43,0.02,0.311,90160.69,57739.776,0.0031104199066873672,6.510000000000001,164692.3328895106,2018-12-17/2018-12-23,2018-12,2018
300102.SZ,2018-12-18,6.4,6.45,6.25,6.25,6.45,-0.2,-3.1008,99663.0,63119.406,-0.03100775193798455,6.494,171720.27684043412,2018-12-17/2018-12-23,2018-12,2018
300102.SZ,2018-12-19,6.31,6.32,5.93,6.07,6.25,-0.18,-2.88,156391.0,95267.618,-0.028799999999999937,6.39,140295.3794081874,2018-12-17/2018-12-23,2018-12,2018
300102.SZ,2018-12-20,5.98,6.03,5.87,5.96,6.07,-0.11,-1.8122,100501.39,59638.472,-0.018121911037891292,6.232,82224.65759710911,2018-12-17/2018-12-23,2018-12,2018
300102.SZ,2018-12-21,5.92,6.0,5.88,5.92,5.96,-0.04,-0.6711,65075.0,38649.499,-0.006711409395973145,6.13,33425.55749233986,2018-12-17/2018-12-23,2018-12,2018
300102.SZ,2018-12-24,5.9,6.02,5.9,5.94,5.92,0.02,0.3378,80812.37,48119.58,0.0033783783783785104,6.0280000000000005,34521.866971042524,2018-12-24/2018-12-30,2018-12,2018
300102.SZ,2018-12-25,5.92,6.12,5.81,6.11,5.94,0.17,2.862,235270.11,141530.384,0.028619528619528545,6.0,69380.41218701014,2018-12-24/2018-12-30,2018-12,2018
300102.SZ,2018-12-26,6.04,6.2,6.01,6.08,6.11,-0.03,-0.491,229577.0,140382.38,-0.004909983633387904,6.002000000000001,83295.04066183911,2018-12-24/2018-12-30,2018-12,2018
300102.SZ,2018-12-27,6.11,6.14,5.67,5.73,6.08,-0.35,-5.7566,208696.0,123000.89,-0.05756578947368418,5.956,83791.07420218301,2018-12-24/2018-12-30,2018-12,2018
300102.SZ,2018-12-28,5.74,6.11,5.57,5.83,5.73,0.1,1.7452,139715.0,80475.735,0.017452006980802626,5.938,66689.87879158085,2018-12-24/2018-12-30,2018-12,2018
300102.SZ,2019-01-02,5.83,5.97,5.73,5.94,5.83,0.11,1.8868,155729.02,91512.901,0.018867924528301883,5.938000000000001,43578.20922905508,2018-12-31/2019-01-06,2019-01,2019
300102.SZ,2019-01-03,5.96,5.97,5.79,5.83,5.94,-0.11,-1.8519,73639.0,43008.393,-0.0185185185185186,5.882,61419.42273237424,2018-12-31/2019-01-06,2019-01,2019
300102.SZ,2019-01-04,5.76,5.9,5.69,5.88,5.83,0.05,0.8576,100819.0,58761.453,0.00857632933104635,5.8420000000000005,51995.06669765969,2018-12-31/2019-01-06,2019-01,2019
300102.SZ,2019-01-07,5.89,6.06,5.87,6.04,5.88,0.16,2.7211,124142.12,74095.813,0.027210884353741527,5.904,32374.989890295175,2019-01-07/2019-01-13,2019-01,2019
300102.SZ,2019-01-08,6.01,6.06,5.95,5.96,6.04,-0.08,-1.3245,69079.02,41411.61,-0.013245033112582738,5.93,36161.64170601924,2019-01-07/2019-01-13,2019-01,2019
300102.SZ,2019-01-09,5.97,6.08,5.96,5.96,5.96,0.0,0.0,83016.02,49943.746,0.0,5.934,22565.372650424066,2019-01-07/2019-01-13,2019-01,2019
300102.SZ,2019-01-10,5.95,6.02,5.94,6.0,5.96,0.04,0.6711,80425.25,48135.499,0.006711409395973256,5.968,21503.953347815066,2019-01-07/2019-01-13,2019-01,2019
300102.SZ,2019-01-11,6.01,6.26,5.95,6.18,6.0,0.18,3.0,153813.29,93706.257,0.030000000000000027,6.0280000000000005,35652.83123043582,2019-01-07/2019-01-13,2019-01,2019
300102.SZ,2019-01-14,6.26,6.26,6.04,6.05,6.18,-0.13,-2.1036,108183.73,66098.354,-0.021035598705501646,6.029999999999999,33854.70815770325,2019-01-14/2019-01-20,2019-01,2019
300102.SZ,2019-01-15,6.08,6.15,6.03,6.14,6.05,0.09,1.4876,60987.49,37169.615,0.014876033057851235,6.066,35775.66937989517,2019-01-14/2019-01-20,2019-01,2019
300102.SZ,2019-01-16,6.1,6.14,6.04,6.05,6.14,-0.09,-1.4658,56752.04,34487.37,-0.014657980456026065,6.084,40065.44645861677,2019-01-14/2019-01-20,2019-01,2019
300102.SZ,2019-01-17,6.04,6.04,5.91,5.91,6.05,-0.14,-2.314,62413.08,37190.756,-0.023140495867768562,6.066,42126.74059091703,2019-01-14/2019-01-20,2019-01,2019
300102.SZ,2019-01-18,5.92,6.0,5.9,5.97,5.91,0.06,1.0152,47578.0,28260.852,0.010152284263959421,6.023999999999999,23639.7826393021,2019-01-14/2019-01-20,2019-01,2019
300102.SZ,2019-01-21,5.97,6.03,5.94,5.99,5.97,0.02,0.335,46292.0,27776.29,0.003350083752093891,6.0120000000000005,7493.292425656097,2019-01-21/2019-01-27,2019-01,2019
300102.SZ,2019-01-22,6.0,6.0,5.89,5.92,5.99,-0.07,-1.1686,37169.85,22084.049,-0.0116861435726211,5.968,9796.610303189234,2019-01-21/2019-01-27,2019-01,2019
300102.SZ,2019-01-23,5.9,5.99,5.9,5.95,5.92,0.03,0.5068,37246.49,22202.958,0.0050675675675675436,5.948,10325.48051862005,2019-01-21/2019-01-27,2019-01,2019
300102.SZ,2019-01-24,5.94,6.08,5.94,6.01,5.95,0.06,1.0084,56971.49,34366.873,0.010084033613445342,5.968,8262.063784261278,2019-01-21/2019-01-27,2019-01,2019
300102.SZ,2019-01-25,5.98,6.08,5.97,6.05,6.01,0.04,0.6656,68295.49,41241.272,0.006655574043261225,5.984,13426.662352221165,2019-01-21/2019-01-27,2019-01,2019
300102.SZ,2019-01-28,6.02,6.09,5.95,5.98,6.05,-0.07,-1.157,64242.0,38794.537,-0.01157024793388417,5.982,14787.182372600753,2019-01-28/2019-02-03,2019-01,2019
300102.SZ,2019-01-29,5.98,6.06,5.8,6.0,5.98,0.02,0.3344,126094.31,75344.435,0.0033444816053511683,5.998,33254.855937316286,2019-01-28/2019-02-03,2019-01,2019
300102.SZ,2019-01-30,6.0,6.06,5.94,5.97,6.0,-0.03,-0.5,67798.0,40786.988,-0.0050000000000000044,6.002,27991.486093111464,2019-01-28/2019-02-03,2019-01,2019
300102.SZ,2019-01-31,5.97,6.07,5.92,5.98,5.97,0.01,0.1675,153270.49,91993.943,0.0016750418760469454,5.996,41100.552904855904,2019-01-28/2019-02-03,2019-01,2019
300102.SZ,2019-02-01,6.05,6.18,5.98,6.15,5.98,0.17,2.8428,196996.05,120055.039,0.028428093645485042,6.016,56772.23429343386,2019-01-28/2019-02-03,2019-02,2019
300102.SZ,2019-02-11,6.16,6.22,6.11,6.2,6.15,0.05,0.813,113862.0,70165.034,0.008130081300812941,6.0600000000000005,47858.90166905788,2019-02-11/2019-02-17,2019-02,2019
300102.SZ,2019-02-12,6.18,6.27,6.15,6.25,6.2,0.05,0.8065,105119.37,65376.36,0.008064516129032251,6.11,49358.36891575197,2019-02-11/2019-02-17,2019-02,2019
300102.SZ,2019-02-13,6.26,6.45,6.19,6.37,6.25,0.12,1.92,139959.08,88942.29,0.019200000000000106,6.19,36426.4908930091,2019-02-11/2019-02-17,2019-02,2019
300102.SZ,2019-02-14,6.34,6.35,6.23,6.27,6.37,-0.1,-1.5699,112917.0,70916.634,-0.01569858712715866,6.248,37708.99355523761,2019-02-11/2019-02-17,2019-02,2019
300102.SZ,2019-02-15,6.24,6.29,6.17,6.19,6.27,-0.08,-1.2759,93775.2,58506.532,-0.012759170653907415,6.256,17023.21314028863,2019-02-11/2019-02-17,2019-02,2019
300102.SZ,2019-02-18,6.23,6.48,6.22,6.44,6.19,0.25,4.0388,156074.31,99549.662,0.04038772213247177,6.304,25723.307573964285,2019-02-18/2019-02-24,2019-02,2019
300102.SZ,2019-02-19,6.45,6.48,6.3,6.4,6.44,-0.04,-0.6211,142304.81,90910.885,-0.006211180124223614,6.3340000000000005,25147.499402359088,2019-02-18/2019-02-24,2019-02,2019
300102.SZ,2019-02-20,6.36,6.54,6.33,6.48,6.4,0.08,1.25,140960.0,90928.883,0.012499999999999956,6.356,25260.218382684874,2019-02-18/2019-02-24,2019-02,2019
300102.SZ,2019-02-21,6.5,6.71,6.34,6.37,6.48,-0.11,-1.6975,198436.31,128982.138,-0.016975308641975384,6.3759999999999994,37473.534667445456,2019-02-18/2019-02-24,2019-02,2019
300102.SZ,2019-02-22,6.36,6.91,6.33,6.74,6.37,0.37,5.8085,369457.96,244804.393,0.058084772370486704,6.486,96762.47172679032,2019-02-18/2019-02-24,2019-02,2019
300102.SZ,2019-02-25,6.91,7.06,6.6,7.02,6.74,0.28,4.1543,462948.38,316479.565,0.041543026706231334,6.601999999999999,145724.09987885333,2019-02-25/2019-03-03,2019-02,2019
300102.SZ,2019-02-26,6.91,6.91,6.72,6.75,7.02,-0.27,-3.8462,319542.17,217670.603,-0.038461538461538436,6.672,129761.70607939844,2019-02-25/2019-03-03,2019-02,2019
300102.SZ,2019-02-27,6.7,6.79,6.55,6.65,6.75,-0.1,-1.4815,203321.98,135803.961,-0.014814814814814725,6.706,112742.42520518137,2019-02-25/2019-03-03,2019-02,2019
300102.SZ,2019-02-28,6.64,6.72,6.6,6.69,6.65,0.04,0.6015,105114.88,70030.397,0.006015037593984918,6.7700000000000005,140331.2731778118,2019-02-25/2019-03-03,2019-02,2019
300102.SZ,2019-03-01,6.68,6.7,6.5,6.61,6.69,-0.08,-1.1958,117900.88,77603.796,-0.01195814648729443,6.744,150386.84871472124,2019-02-25/2019-03-03,2019-03,2019
300102.SZ,2019-03-04,6.67,6.82,6.63,6.68,6.61,0.07,1.059,209315.87,141021.714,0.010590015128592922,6.676,86212.12105834276,2019-03-04/2019-03-10,2019-03,2019
300102.SZ,2019-03-05,6.67,6.98,6.63,6.93,6.68,0.25,3.7425,244192.69,166277.086,0.03742514970059885,6.712000000000001,61046.875456210386,2019-03-04/2019-03-10,2019-03,2019
300102.SZ,2019-03-06,7.01,7.11,6.82,6.97,6.93,0.04,0.5772,298477.54,207105.454,0.005772005772005873,6.776000000000001,82698.36042697816,2019-03-04/2019-03-10,2019-03,2019
300102.SZ,2019-03-07,6.97,7.24,6.92,7.15,6.97,0.18,2.5825,336479.72,238778.34,0.02582496413199431,6.868,84538.66226469926,2019-03-04/2019-03-10,2019-03,2019
300102.SZ,2019-03-08,7.12,7.54,6.9,7.14,7.15,-0.01,-0.1399,495806.41,359571.236,-0.0013986013986014845,6.973999999999999,111345.12066798976,2019-03-04/2019-03-10,2019-03,2019
300102.SZ,2019-03-11,7.28,7.4,7.11,7.4,7.14,0.26,3.6415,326582.99,237807.364,0.036414565826330625,7.118,94035.53495874594,2019-03-11/2019-03-17,2019-03,2019
300102.SZ,2019-03-12,7.41,7.45,7.26,7.45,7.4,0.05,0.6757,345480.41,253920.195,0.006756756756756799,7.2219999999999995,77632.97340526394,2019-03-11/2019-03-17,2019-03,2019
300102.SZ,2019-03-13,7.45,7.45,7.06,7.1,7.45,-0.35,-4.698,222026.08,160717.084,-0.046979865771812124,7.248,97822.27770179321,2019-03-11/2019-03-17,2019-03,2019
300102.SZ,2019-03-14,7.02,7.09,6.76,6.85,7.1,-0.25,-3.5211,185905.81,127887.761,-0.035211267605633756,7.188,121514.9271648766,2019-03-11/2019-03-17,2019-03,2019
300102.SZ,2019-03-15,6.86,6.97,6.84,6.91,6.85,0.06,0.8759,112252.22,77501.615,0.008759124087591275,7.142,97697.81128269866,2019-03-11/2019-03-17,2019-03,2019
300102.SZ,2019-03-18,6.9,7.0,6.8,7.0,6.91,0.09,1.3025,123611.79,85296.23,0.013024602026049159,7.062,94021.508313497,2019-03-18/2019-03-24,2019-03,2019
300102.SZ,2019-03-19,6.98,7.04,6.91,6.96,7.0,-0.04,-0.5714,115144.15,80158.683,-0.005714285714285672,6.964,49490.305349323215,2019-03-18/2019-03-24,2019-03,2019
300102.SZ,2019-03-20,6.97,7.0,6.72,6.86,6.96,-0.1,-1.4368,142668.01,97765.204,-0.014367816091953922,6.9159999999999995,30362.018057628746,2019-03-18/2019-03-24,2019-03,2019
300102.SZ,2019-03-21,6.86,7.01,6.83,6.95,6.86,0.09,1.312,161734.57,112003.393,0.013119533527696792,6.936,20845.83525629549,2019-03-18/2019-03-24,2019-03,2019
300102.SZ,2019-03-22,6.93,6.95,6.77,6.91,6.95,-0.04,-0.5755,126875.0,87145.102,-0.0057553956834532904,6.936,18429.35265380673,2019-03-18/2019-03-24,2019-03,2019
300102.SZ,2019-03-25,6.83,7.1,6.81,7.02,6.91,0.11,1.5919,221803.82,155440.471,0.015918958031837738,6.94,41924.06393319772,2019-03-25/2019-03-31,2019-03,2019
300102.SZ,2019-03-26,6.99,7.01,6.61,6.65,7.02,-0.37,-5.2707,176271.86,120082.225,-0.052706552706552556,6.878,36444.598555106546,2019-03-25/2019-03-31,2019-03,2019
300102.SZ,2019-03-27,6.68,6.75,6.56,6.72,6.65,0.07,1.0526,86026.79,57353.105,0.010526315789473495,6.85,51253.94911138234,2019-03-25/2019-03-31,2019-03,2019
300102.SZ,2019-03-28,6.72,6.82,6.62,6.73,6.72,0.01,0.1488,89698.5,60558.908,0.0014880952380953438,6.806,58358.87964208595,2019-03-25/2019-03-31,2019-03,2019
300102.SZ,2019-03-29,6.72,6.96,6.61,6.95,6.73,0.22,3.2689,142518.32,97026.081,0.0326894502228825,6.814,57887.69123226384,2019-03-25/2019-03-31,2019-03,2019
300102.SZ,2019-04-01,7.0,7.15,6.92,7.12,6.95,0.17,2.446,180394.85,127489.546,0.02446043165467615,6.8340000000000005,45473.0237653548,2019-04-01/2019-04-07,2019-04,2019
300102.SZ,2019-04-02,7.11,7.14,7.04,7.05,7.12,-0.07,-0.9831,135434.01,95981.019,-0.0098314606741573,6.914,39474.65821384297,2019-04-01/2019-04-07,2019-04,2019
300102.SZ,2019-04-03,7.0,7.25,6.96,7.23,7.05,0.18,2.5532,188851.6,133863.3,0.025531914893617058,7.016000000000001,39696.88897557121,2019-04-01/2019-04-07,2019-04,2019
300102.SZ,2019-04-04,7.52,7.67,7.16,7.17,7.23,-0.06,-0.8299,290252.22,212663.924,-0.008298755186722073,7.103999999999999,61936.554360315844,2019-04-01/2019-04-07,2019-04,2019
300102.SZ,2019-04-08,7.15,7.24,6.94,7.01,7.17,-0.16,-2.2315,176368.95,124531.981,-0.02231520223152028,7.116,57481.706317449745,2019-04-08/2019-04-14,2019-04,2019
300102.SZ,2019-04-09,6.99,7.06,6.94,7.03,7.01,0.02,0.2853,89019.6,62316.073,0.0028530670470756636,7.098000000000001,74883.33921248796,2019-04-08/2019-04-14,2019-04,2019
300102.SZ,2019-04-10,6.89,6.89,6.72,6.8,7.03,-0.23,-3.2717,169624.39,115333.859,-0.03271692745376964,7.048,71750.11715329028,2019-04-08/2019-04-14,2019-04,2019
300102.SZ,2019-04-11,6.78,6.83,6.7,6.73,6.8,-0.07,-1.0294,95147.0,64136.99,-0.010294117647058787,6.948,81374.15093242125,2019-04-08/2019-04-14,2019-04,2019
300102.SZ,2019-04-12,6.73,6.79,6.71,6.76,6.73,0.03,0.4458,59212.02,39928.921,0.004457652303120341,6.866,52177.77991100871,2019-04-08/2019-04-14,2019-04,2019
300102.SZ,2019-04-15,6.81,6.85,6.67,6.7,6.76,-0.06,-0.8876,82124.49,55653.762,-0.008875739644970349,6.804,41743.62644471175,2019-04-15/2019-04-21,2019-04,2019
300102.SZ,2019-04-16,6.64,6.8,6.59,6.8,6.7,0.1,1.4925,101118.98,67631.548,0.014925373134328401,6.758,41367.580964585286,2019-04-15/2019-04-21,2019-04,2019
300102.SZ,2019-04-17,6.77,6.85,6.77,6.81,6.8,0.01,0.1471,99055.78,67518.764,0.0014705882352941124,6.76,17367.019714178492,2019-04-15/2019-04-21,2019-04,2019
300102.SZ,2019-04-18,6.82,6.82,6.72,6.73,6.81,-0.08,-1.1747,87564.03,59163.926,-0.011747430249632762,6.76,16836.920544684945,2019-04-15/2019-04-21,2019-04,2019
300102.SZ,2019-04-19,6.75,6.84,6.71,6.83,6.73,0.1,1.4859,90771.2,61683.828,0.014858841010401136,6.774000000000001,7930.523181286075,2019-04-15/2019-04-21,2019-04,2019
300102.SZ,2019-04-22,6.85,6.89,6.73,6.74,6.83,-0.09,-1.3177,87222.19,59532.004,-0.013177159590043952,6.781999999999999,6526.551497829168,2019-04-22/2019-04-28,2019-04,2019
300102.SZ,2019-04-23,6.69,6.69,6.26,6.41,6.74,-0.33,-4.8961,202284.02,130085.121,-0.04896142433234418,6.704000000000001,49927.350264409404,2019-04-22/2019-04-28,2019-04,2019
300102.SZ,2019-04-24,6.4,6.41,6.23,6.4,6.41,-0.01,-0.156,111140.6,70377.944,-0.0015600624024960652,6.622,49349.76624788878,2019-04-22/2019-04-28,2019-04,2019
300102.SZ,2019-04-25,6.35,6.4,6.17,6.19,6.4,-0.21,-3.2813,83213.0,52302.233,-0.03281250000000002,6.514,50006.05646277371,2019-04-22/2019-04-28,2019-04,2019
300102.SZ,2019-04-26,6.16,6.22,6.12,6.14,6.19,-0.05,-0.8078,53917.2,33307.246,-0.008077544426494443,6.376,56721.71866236169,2019-04-22/2019-04-28,2019-04,2019
300102.SZ,2019-04-29,6.16,6.2,5.95,5.96,6.14,-0.18,-2.9316,94468.19,56990.825,-0.02931596091205202,6.22,56162.149568335706,2019-04-29/2019-05-05,2019-04,2019
300102.SZ,2019-04-30,5.97,6.1,5.97,6.08,5.96,0.12,2.0134,51376.55,31092.537,0.020134228187919545,6.154,25894.39046917408,2019-04-29/2019-05-05,2019-04,2019
300102.SZ,2019-05-06,5.99,5.99,5.61,5.66,6.08,-0.42,-6.9079,104524.78,60785.911,-0.06907894736842102,6.006,23924.25375351994,2019-05-06/2019-05-12,2019-05,2019
300102.SZ,2019-05-07,5.73,5.75,5.58,5.71,5.66,0.05,0.8834,51305.02,29168.601,0.008833922261484162,5.909999999999999,26169.595275919943,2019-05-06/2019-05-12,2019-05,2019
300102.SZ,2019-05-08,5.63,5.75,5.59,5.69,5.71,-0.02,-0.3503,46425.37,26453.609,-0.003502626970227629,5.819999999999999,27577.296070602188,2019-05-06/2019-05-12,2019-05,2019
300102.SZ,2019-05-09,5.7,5.77,5.67,5.73,5.69,0.04,0.703,34648.2,19884.466,0.007029876977152849,5.774,27073.67212342477,2019-05-06/2019-05-12,2019-05,2019
300102.SZ,2019-05-10,5.75,5.92,5.7,5.91,5.73,0.18,3.1414,78840.71,46046.901,0.03141361256544495,5.74,28241.990884233164,2019-05-06/2019-05-12,2019-05,2019
300102.SZ,2019-05-13,5.84,5.96,5.84,5.88,5.91,-0.03,-0.5076,41743.55,24632.44,-0.005076142131979711,5.784000000000001,16943.72039989523,2019-05-13/2019-05-19,2019-05,2019
300102.SZ,2019-05-14,5.81,5.88,5.79,5.79,5.88,-0.09,-1.5306,35384.02,20613.061,-0.015306122448979553,5.8,18223.99108221975,2019-05-13/2019-05-19,2019-05,2019
300102.SZ,2019-05-15,5.82,5.88,5.82,5.86,5.79,0.07,1.209,37321.0,21857.662,0.012089810017271274,5.8340000000000005,18792.72623754213,2019-05-13/2019-05-19,2019-05,2019
300102.SZ,2019-05-16,5.87,5.96,5.82,5.93,5.86,0.07,1.1945,57114.02,33662.922,0.011945392491467421,5.8740000000000006,18199.699054169156,2019-05-13/2019-05-19,2019-05,2019
300102.SZ,2019-05-17,5.94,6.04,5.82,5.86,5.93,-0.07,-1.1804,86147.0,51167.23,-0.011804384485666009,5.864,21141.666283252034,2019-05-13/2019-05-19,2019-05,2019
300102.SZ,2019-05-20,5.93,6.45,5.88,6.17,5.86,0.31,5.2901,193876.2,119561.903,0.05290102389078499,5.922,65806.63224690431,2019-05-20/2019-05-26,2019-05,2019
300102.SZ,2019-05-21,6.08,6.3,6.01,6.11,6.17,-0.06,-0.9724,129699.31,79419.762,-0.00972447325769843,5.986,62552.18393536768,2019-05-20/2019-05-26,2019-05,2019
300102.SZ,2019-05-22,6.09,6.15,5.89,5.95,6.11,-0.16,-2.6187,128771.04,77118.989,-0.026186579378068786,6.004,51782.0289407848,2019-05-20/2019-05-26,2019-05,2019
300102.SZ,2019-05-23,5.96,6.05,5.86,5.89,5.95,-0.06,-1.0084,99081.0,59005.416,-0.010084033613445453,5.996,41623.19513221321,2019-05-20/2019-05-26,2019-05,2019
300102.SZ,2019-05-24,5.8,5.82,5.62,5.68,5.89,-0.21,-3.5654,95262.22,54326.911,-0.035653650254668934,5.96,39504.03801953514,2019-05-20/2019-05-26,2019-05,2019
300102.SZ,2019-05-27,5.74,5.91,5.64,5.88,5.68,0.2,3.5211,75963.9,44154.854,0.035211267605633756,5.901999999999999,23158.251363044903,2019-05-27/2019-06-02,2019-05,2019
300102.SZ,2019-05-28,5.89,5.94,5.83,5.87,5.88,-0.01,-0.1701,71046.0,41826.427,-0.00170068027210879,5.854,22850.70523571883,2019-05-27/2019-06-02,2019-05,2019
300102.SZ,2019-05-29,6.0,6.16,5.89,6.06,5.87,0.19,3.2368,168705.64,102265.9,0.03236797274275971,5.8759999999999994,39177.76338945487,2019-05-27/2019-06-02,2019-05,2019
300102.SZ,2019-05-30,5.95,6.01,5.76,5.84,6.06,-0.22,-3.6304,122518.24,71759.289,-0.0363036303630363,5.866,40129.959119856976,2019-05-27/2019-06-02,2019-05,2019
300102.SZ,2019-05-31,6.0,6.01,5.82,5.82,5.84,-0.02,-0.3425,68399.02,40483.413,-0.003424657534246478,5.894,43684.74404614717,2019-05-27/2019-06-02,2019-05,2019
300102.SZ,2019-06-03,5.82,5.87,5.65,5.76,5.82,-0.06,-1.0309,72298.55,41589.397,-0.010309278350515538,5.87,44243.92990476084,2019-06-03/2019-06-09,2019-06,2019
300102.SZ,2019-06-04,5.75,5.78,5.69,5.77,5.76,0.01,0.1736,51600.0,29604.855,0.0017361111111111605,5.85,48170.99710289781,2019-06-03/2019-06-09,2019-06,2019
300102.SZ,2019-06-05,5.81,5.83,5.73,5.8,5.77,0.03,0.5199,40253.37,23235.39,0.005199306759098743,5.798,31560.63481990994,2019-06-03/2019-06-09,2019-06,2019
300102.SZ,2019-06-06,5.65,5.82,5.65,5.76,5.8,-0.04,-0.6897,60218.9,34694.636,-0.006896551724137945,5.782,12960.325419376946,2019-06-03/2019-06-09,2019-06,2019
300102.SZ,2019-06-10,5.9,5.9,5.82,5.85,5.76,0.09,1.5625,60485.0,35480.55,0.015625,5.787999999999999,11897.033591349897,2019-06-10/2019-06-16,2019-06,2019
300102.SZ,2019-06-11,5.85,6.03,5.78,6.0,5.85,0.15,2.5641,92982.02,55065.966,0.025641025641025772,5.836,19637.015016967292,2019-06-10/2019-06-16,2019-06,2019
300102.SZ,2019-06-12,5.95,5.98,5.9,5.94,6.0,-0.06,-1.0,57128.0,33927.104,-0.009999999999999898,5.869999999999999,19116.600013197934,2019-06-10/2019-06-16,2019-06,2019
300102.SZ,2019-06-13,5.96,6.01,5.92,5.99,5.94,0.05,0.8418,68828.0,41117.434,0.008417508417508435,5.9079999999999995,14662.728167304365,2019-06-10/2019-06-16,2019-06,2019
300102.SZ,2019-06-14,5.96,5.97,5.84,5.84,5.99,-0.15,-2.5042,50470.0,29856.308,-0.025041736227045086,5.924,16479.784641616538,2019-06-10/2019-06-16,2019-06,2019
300102.SZ,2019-06-17,5.85,5.94,5.81,5.9,5.84,0.06,1.0274,35507.02,20890.547,0.010273972602739878,5.934,21563.227129307405,2019-06-17/2019-06-23,2019-06,2019
300102.SZ,2019-06-18,5.9,6.04,5.9,5.98,5.9,0.08,1.3559,57507.02,34458.72,0.013559322033898313,5.930000000000001,12210.053803325227,2019-06-17/2019-06-23,2019-06,2019
300102.SZ,2019-06-19,6.07,6.11,6.01,6.03,5.98,0.05,0.8361,118214.7,71824.274,0.00836120401337781,5.948,31533.515612936346,2019-06-17/2019-06-23,2019-06,2019
300102.SZ,2019-06-20,6.0,6.1,5.94,6.04,6.03,0.01,0.1658,57020.0,34413.84,0.0016583747927030323,5.958,31720.243414944023,2019-06-17/2019-06-23,2019-06,2019
300102.SZ,2019-06-21,6.18,6.24,6.05,6.09,6.04,0.05,0.8278,95937.68,58959.938,0.008278145695364225,6.008,33434.60129846717,2019-06-17/2019-06-23,2019-06,2019
300102.SZ,2019-06-24,6.12,6.12,5.97,6.0,6.09,-0.09,-1.4778,73762.0,44476.399,-0.014778325123152691,6.0280000000000005,26391.798187887547,2019-06-24/2019-06-30,2019-06,2019
300102.SZ,2019-06-25,6.0,6.03,5.87,5.94,6.0,-0.06,-1.0,55711.81,33050.592,-0.009999999999999898,6.0200000000000005,26791.78346548255,2019-06-24/2019-06-30,2019-06,2019
300102.SZ,2019-06-26,5.92,5.98,5.89,5.93,5.94,-0.01,-0.1684,41143.39,24445.187,-0.0016835016835018424,6.0,20932.004255133084,2019-06-24/2019-06-30,2019-06,2019
300102.SZ,2019-06-27,5.97,6.03,5.93,5.98,5.93,0.05,0.8432,41502.4,24846.568,0.008431703204047292,5.988,23366.89461348488,2019-06-24/2019-06-30,2019-06,2019
300102.SZ,2019-06-28,5.98,6.01,5.81,5.83,5.98,-0.15,-2.5084,37866.43,22240.454,-0.025083612040133874,5.936,14959.358658051,2019-06-24/2019-06-30,2019-06,2019
300102.SZ,2019-07-01,5.91,6.03,5.9,6.01,5.83,0.18,3.0875,50913.54,30422.408,0.030874785591766596,5.938000000000001,7529.831590142244,2019-07-01/2019-07-07,2019-07,2019
300102.SZ,2019-07-02,6.02,6.03,5.93,5.95,6.01,-0.06,-0.9983,36902.43,22033.364,-0.009983361064891727,5.9399999999999995,5544.033118997668,2019-07-01/2019-07-07,2019-07,2019
300102.SZ,2019-07-03,5.95,5.95,5.83,5.86,5.95,-0.09,-1.5126,32998.27,19388.616,-0.015126050420168013,5.926,6792.0383908148315,2019-07-01/2019-07-07,2019-07,2019
300102.SZ,2019-07-04,5.85,5.9,5.81,5.84,5.86,-0.02,-0.3413,28960.0,16937.104,-0.0034129692832765013,5.898000000000001,8270.544594589994,2019-07-01/2019-07-07,2019-07,2019
300102.SZ,2019-07-05,5.82,5.9,5.8,5.82,5.84,-0.02,-0.3425,40029.0,23328.806,-0.003424657534246478,5.896000000000001,8348.834893710733,2019-07-01/2019-07-07,2019-07,2019
300102.SZ,2019-07-08,5.82,5.82,5.45,5.52,5.82,-0.3,-5.1546,74270.0,41491.346,-0.05154639175257747,5.798,18167.959180103946,2019-07-08/2019-07-14,2019-07,2019
300102.SZ,2019-07-09,5.53,5.57,5.48,5.56,5.52,0.04,0.7246,28463.0,15701.034,0.007246376811594235,5.720000000000001,19196.260985008324,2019-07-08/2019-07-14,2019-07,2019
300102.SZ,2019-07-10,5.56,5.57,5.42,5.45,5.54,-0.09,-1.6245,24638.26,13523.186,-0.01978417266187038,5.638,20388.423335154985,2019-07-08/2019-07-14,2019-07,2019
300102.SZ,2019-07-11,5.48,5.51,5.41,5.43,5.45,-0.02,-0.367,24024.658,12677.762,-0.003669724770642313,5.556,21118.855979805743,2019-07-08/2019-07-14,2019-07,2019
300102.SZ,2019-07-12,5.42,5.47,5.41,5.44,5.43,0.01,0.1842,24024.658,12051.738,0.0018416206261511192,5.48,21983.583716190686,2019-07-08/2019-07-14,2019-07,2019
300102.SZ,2019-07-15,5.42,5.44,5.22,5.38,5.44,-0.06,-1.1029,42368.0,22599.65,-0.011029411764705954,5.452,7859.479967654498,2019-07-15/2019-07-21,2019-07,2019
300102.SZ,2019-07-16,5.36,5.44,5.33,5.41,5.38,0.03,0.5576,24024.658,12219.009,0.005576208178438735,5.422,8139.127072042437,2019-07-15/2019-07-21,2019-07,2019
300102.SZ,2019-07-17,5.42,5.51,5.38,5.48,5.41,0.07,1.2939,29555.56,16178.178,0.012939001848428777,5.428,7954.136775102273,2019-07-15/2019-07-21,2019-07,2019
300102.SZ,2019-07-18,5.46,5.46,5.31,5.34,5.48,-0.14,-2.5547,24072.0,12963.506,-0.025547445255474588,5.41,7947.056980045027,2019-07-15/2019-07-21,2019-07,2019
300102.SZ,2019-07-19,5.34,5.45,5.34,5.37,5.34,0.03,0.5618,24024.658,12051.738,0.005617977528090012,5.396,7947.056980045027,2019-07-15/2019-07-21,2019-07,2019
300102.SZ,2019-07-22,5.38,5.41,5.2,5.32,5.37,-0.05,-0.9311,35439.42,18676.004,-0.009310986964618184,5.384,5077.8307162576775,2019-07-22/2019-07-28,2019-07,2019
300102.SZ,2019-07-23,5.32,5.51,5.24,5.48,5.32,0.16,3.0075,60746.04,32935.288,0.03007518796992481,5.398000000000001,15266.816220663948,2019-07-22/2019-07-28,2019-07,2019
300102.SZ,2019-07-24,5.47,5.57,5.44,5.54,5.48,0.06,1.0949,48860.02,26940.751,0.010948905109488871,5.41,16040.602402910588,2019-07-22/2019-07-28,2019-07,2019
300102.SZ,2019-07-25,5.5,5.63,5.46,5.5,5.54,-0.04,-0.722,41232.03,22784.981,-0.0072202166064981865,5.442,13831.120135911913,2019-07-22/2019-07-28,2019-07,2019
300102.SZ,2019-07-26,5.46,5.51,5.44,5.47,5.5,-0.03,-0.5455,25465.4,13909.744,-0.00545454545454549,5.462,13368.716543161248,2019-07-22/2019-07-28,2019-07,2019
300102.SZ,2019-07-29,5.45,5.55,5.45,5.5,5.47,0.03,0.5484,31493.39,17326.683,0.005484460694698434,5.497999999999999,13981.011867064666,2019-07-29/2019-08-04,2019-07,2019
300102.SZ,2019-07-30,5.49,5.57,5.49,5.51,5.5,0.01,0.1818,24024.658,12506.368,0.0018181818181817189,5.504,10624.512365288187,2019-07-29/2019-08-04,2019-07,2019
300102.SZ,2019-07-31,5.55,5.56,5.48,5.49,5.51,-0.02,-0.363,24024.658,12051.738,-0.003629764065335661,5.494,7374.5070572056875,2019-07-29/2019-08-04,2019-07,2019
300102.SZ,2019-08-01,5.48,5.49,5.37,5.44,5.49,-0.05,-0.9107,24024.658,12733.577,-0.00910746812386154,5.482,3239.6739730614017,2019-07-29/2019-08-04,2019-08,2019
300102.SZ,2019-08-02,5.36,5.36,5.23,5.27,5.44,-0.17,-3.125,31765.57,16807.097,-0.03125000000000011,5.442,4166.443992126119,2019-07-29/2019-08-04,2019-08,2019
300102.SZ,2019-08-05,5.29,5.32,5.18,5.18,5.27,-0.09,-1.7078,26796.28,14017.053,-0.017077798861480087,5.378,3372.7189655480556,2019-08-05/2019-08-11,2019-08,2019
300102.SZ,2019-08-06,5.11,5.11,4.75,4.94,5.18,-0.24,-4.6332,59384.88,29240.467,-0.04633204633204624,5.264,14975.704978269696,2019-08-05/2019-08-11,2019-08,2019
300102.SZ,2019-08-07,4.97,4.98,4.88,4.89,4.94,-0.05,-1.0121,24266.17,12051.738,-0.010121457489878694,5.144,14939.060315183595,2019-08-05/2019-08-11,2019-08,2019
300102.SZ,2019-08-08,4.9,4.95,4.85,4.88,4.89,-0.01,-0.2045,24061.0,12051.738,-0.002044989775051076,5.032,14933.45903587379,2019-08-05/2019-08-11,2019-08,2019
300102.SZ,2019-08-09,4.89,4.94,4.75,4.78,4.88,-0.1,-2.0492,30364.75,14680.952,-0.020491803278688492,4.934,14981.445714172596,2019-08-05/2019-08-11,2019-08,2019
300102.SZ,2019-08-12,4.71,4.87,4.71,4.87,4.78,0.09,1.8828,24024.658,12051.738,0.01882845188284521,4.872,15314.767362887793,2019-08-12/2019-08-18,2019-08,2019
300102.SZ,2019-08-13,4.83,4.86,4.79,4.8,4.87,-0.07,-1.4374,24024.658,12051.738,-0.014373716632443578,4.843999999999999,2806.108225980499,2019-08-12/2019-08-18,2019-08,2019
300102.SZ,2019-08-14,4.85,4.9,4.81,4.82,4.8,0.02,0.4167,24024.658,12051.738,0.004166666666666874,4.83,2831.3559118393096,2019-08-12/2019-08-18,2019-08,2019
300102.SZ,2019-08-15,4.72,4.87,4.68,4.87,4.82,0.05,1.0373,29193.0,13913.553,0.010373443983402453,4.828,3178.8250569522884,2019-08-12/2019-08-18,2019-08,2019
300102.SZ,2019-08-16,4.87,4.9,4.83,4.88,4.87,0.01,0.2053,24024.658,12051.738,0.002053388090349051,4.848,2311.3528085865505,2019-08-12/2019-08-18,2019-08,2019
300102.SZ,2019-08-19,4.9,5.02,4.86,5.0,4.88,0.12,2.459,38222.02,19001.171,0.024590163934426146,4.8740000000000006,6190.128199495563,2019-08-19/2019-08-25,2019-08,2019
300102.SZ,2019-08-20,5.01,5.06,4.98,5.0,5.0,0.0,0.0,37330.15,18751.228,0.0,4.914,6925.163437346949,2019-08-19/2019-08-25,2019-08,2019
300102.SZ,2019-08-21,4.99,5.04,4.98,4.99,5.0,-0.01,-0.2,35553.0,17826.176,-0.0020000000000000018,4.948,6072.392476121527,2019-08-19/2019-08-25,2019-08,2019
300102.SZ,2019-08-22,5.02,5.12,4.99,5.08,4.99,0.09,1.8036,52979.88,26831.847,0.018036072144288484,4.99,10313.560841982498,2019-08-19/2019-08-25,2019-08,2019
300102.SZ,2019-08-23,5.03,5.06,4.96,5.0,5.08,-0.08,-1.5748,41534.0,20781.764,-0.015748031496062964,5.014,6974.611407395609,2019-08-19/2019-08-25,2019-08,2019
300102.SZ,2019-08-26,4.91,4.93,4.84,4.86,5.0,-0.14,-2.8,34982.65,17087.109,-0.027999999999999914,4.986,7446.065647018079,2019-08-26/2019-09-01,2019-08,2019
300102.SZ,2019-08-27,4.88,5.05,4.88,5.02,4.86,0.16,3.2922,50441.51,25169.964,0.03292181069958833,4.99,8318.814787284517,2019-08-26/2019-09-01,2019-08,2019
300102.SZ,2019-08-28,5.02,5.05,5.01,5.04,5.02,0.02,0.3984,41423.0,20839.925,0.003984063745019917,5.0,7344.989719880068,2019-08-26/2019-09-01,2019-08,2019
300102.SZ,2019-08-29,5.03,5.09,4.99,4.99,5.04,-0.05,-0.9921,28676.0,14422.958,-0.009920634920634885,4.982,8140.607035863019,2019-08-26/2019-09-01,2019-08,2019
300102.SZ,2019-08-30,5.05,5.05,4.81,4.88,4.99,-0.11,-2.2044,46967.0,23180.021,-0.022044088176352727,4.958,8828.303159970368,2019-08-26/2019-09-01,2019-08,2019
300102.SZ,2019-09-02,4.83,5.08,4.83,5.06,4.88,0.18,3.6885,58742.02,29422.279,0.03688524590163933,4.998,11194.617833095248,2019-09-02/2019-09-08,2019-09,2019
300102.SZ,2019-09-03,5.06,5.12,5.05,5.11,5.06,0.05,0.9881,38112.28,19378.358,0.00988142292490135,5.016,11122.823877737768,2019-09-02/2019-09-08,2019-09,2019
300102.SZ,2019-09-04,5.1,5.14,5.05,5.11,5.11,0.0,0.0,53698.0,27389.079,0.0,5.029999999999999,12062.289594648859,2019-09-02/2019-09-08,2019-09,2019
300102.SZ,2019-09-05,5.13,5.22,5.08,5.13,5.11,0.02,0.3914,68283.2,35263.357,0.003913894324853118,5.058,11455.857611596626,2019-09-02/2019-09-08,2019-09,2019
300102.SZ,2019-09-06,5.13,5.22,5.11,5.16,5.13,0.03,0.5848,37012.0,19092.449,0.005847953216374213,5.114,13486.483042927677,2019-09-02/2019-09-08,2019-09,2019
300102.SZ,2019-09-09,5.18,5.35,5.16,5.33,5.16,0.17,3.2946,80235.59,42342.148,0.032945736434108586,5.168,18858.954888443765,2019-09-09/2019-09-15,2019-09,2019
300102.SZ,2019-09-10,5.32,5.38,5.29,5.35,5.33,0.02,0.3752,64033.61,34189.641,0.0037523452157597337,5.215999999999999,16281.855021527139,2019-09-09/2019-09-15,2019-09,2019
300102.SZ,2019-09-11,5.34,5.43,5.27,5.28,5.35,-0.07,-1.3084,59746.0,31938.691,-0.013084112149532645,5.25,15855.097483838717,2019-09-09/2019-09-15,2019-09,2019
300102.SZ,2019-09-12,5.3,5.38,5.28,5.34,5.28,0.06,1.1364,44055.0,23490.427,0.011363636363636243,5.292,17058.697531699992,2019-09-09/2019-09-15,2019-09,2019
300102.SZ,2019-09-16,5.35,5.41,5.33,5.36,5.34,0.02,0.3745,38478.62,20682.535,0.0037453183520599342,5.332,16636.10232075132,2019-09-16/2019-09-22,2019-09,2019
300102.SZ,2019-09-17,5.31,5.35,5.19,5.28,5.36,-0.08,-1.4925,61299.01,32136.444,-0.014925373134328401,5.322,11463.435078031649,2019-09-16/2019-09-22,2019-09,2019
300102.SZ,2019-09-18,5.3,5.66,5.2,5.21,5.28,-0.07,-1.3258,139778.96,74618.596,-0.013257575757575801,5.2940000000000005,40950.79700581053,2019-09-16/2019-09-22,2019-09,2019
300102.SZ,2019-09-19,5.2,5.64,5.05,5.46,5.21,0.25,4.7985,242066.45,131684.222,0.04798464491362764,5.33,86668.70740890314,2019-09-16/2019-09-22,2019-09,2019
300102.SZ,2019-09-20,5.43,5.55,5.38,5.44,5.46,-0.02,-0.3663,163368.94,89122.934,-0.003663003663003539,5.35,81943.54215285685,2019-09-16/2019-09-22,2019-09,2019
300102.SZ,2019-09-23,5.44,5.44,5.26,5.3,5.44,-0.14,-2.5735,85618.51,45437.599,-0.02573529411764719,5.338,70891.69066023981,2019-09-23/2019-09-29,2019-09,2019
300102.SZ,2019-09-24,5.31,5.44,5.31,5.41,5.3,0.11,2.0755,96928.28,52185.298,0.020754716981132182,5.364,62494.19927194503,2019-09-23/2019-09-29,2019-09,2019
300102.SZ,2019-09-25,5.36,5.39,5.14,5.14,5.41,-0.27,-4.9908,92180.07,48104.205,-0.049907578558225585,5.35,67052.63889455995,2019-09-23/2019-09-29,2019-09,2019
300102.SZ,2019-09-26,5.15,5.19,4.9,4.94,5.14,-0.2,-3.8911,64277.9,32247.058,-0.03891050583657574,5.2459999999999996,37309.44290115767,2019-09-23/2019-09-29,2019-09,2019
300102.SZ,2019-09-27,4.93,5.01,4.92,4.94,4.94,0.0,0.0,39654.02,19678.97,0.0,5.146,23719.092625646954,2019-09-23/2019-09-29,2019-09,2019
300102.SZ,2019-09-30,4.96,4.96,4.8,4.8,4.94,-0.14,-2.834,33225.1,16173.432,-0.028340080971660075,5.046,29199.466764378896,2019-09-30/2019-10-06,2019-09,2019
300102.SZ,2019-10-08,4.83,4.87,4.73,4.75,4.8,-0.05,-1.0417,30745.37,14726.223,-0.01041666666666663,4.914,26085.73787672021,2019-10-07/2019-10-13,2019-10,2019
300102.SZ,2019-10-09,4.72,4.83,4.71,4.81,4.75,0.06,1.2632,27589.67,13172.36,0.012631578947368327,4.848,14756.655812864672,2019-10-07/2019-10-13,2019-10,2019
300102.SZ,2019-10-10,4.8,4.87,4.77,4.85,4.81,0.04,0.8316,30907.19,14886.973,0.008316008316008316,4.83,4511.214023068675,2019-10-07/2019-10-13,2019-10,2019
300102.SZ,2019-10-11,4.84,4.87,4.78,4.83,4.85,-0.02,-0.4124,33745.74,16280.6,-0.00412371134020606,4.808,2444.3634771881298,2019-10-07/2019-10-13,2019-10,2019
300102.SZ,2019-10-14,4.86,4.92,4.85,4.87,4.83,0.04,0.8282,34156.0,16664.885,0.008281573498964745,4.822,2659.130662323926,2019-10-14/2019-10-20,2019-10,2019
300102.SZ,2019-10-15,4.73,4.79,4.68,4.71,4.87,-0.16,-3.2854,56147.06,26542.467,-0.03285420944558526,4.814,11288.936378474822,2019-10-14/2019-10-20,2019-10,2019
300102.SZ,2019-10-16,4.7,4.75,4.57,4.57,4.71,-0.14,-2.9724,64412.75,29883.499,-0.02972399150743088,4.766,15310.35261850796,2019-10-14/2019-10-20,2019-10,2019
300102.SZ,2019-10-17,4.57,4.6,4.52,4.54,4.57,-0.03,-0.6565,31564.0,14397.191,-0.006564551422319487,4.704,15173.493160715616,2019-10-14/2019-10-20,2019-10,2019
300102.SZ,2019-10-18,4.55,4.6,4.43,4.47,4.54,-0.07,-1.5419,38425.82,17299.048,-0.01541850220264318,4.632,14512.346064119465,2019-10-14/2019-10-20,2019-10,2019
300102.SZ,2019-10-21,4.51,4.6,4.44,4.59,4.47,0.12,2.6846,49112.9,22360.973,0.02684563758389258,4.576,13217.18329569747,2019-10-21/2019-10-27,2019-10,2019
300102.SZ,2019-10-22,4.59,4.61,4.55,4.59,4.59,0.0,0.0,32083.27,14692.042,0.0,4.552,13844.510858280746,2019-10-21/2019-10-27,2019-10,2019
300102.SZ,2019-10-23,4.59,4.59,4.51,4.54,4.59,-0.05,-1.0893,25278.36,12051.738,-0.010893246187363759,4.545999999999999,9018.107050267377,2019-10-21/2019-10-27,2019-10,2019
300102.SZ,2019-10-24,4.55,4.55,4.44,4.54,4.54,0.0,0.0,48486.0,21744.619,0.0,4.546,10346.356967555426,2019-10-21/2019-10-27,2019-10,2019
300102.SZ,2019-10-25,4.5,4.55,4.46,4.53,4.54,-0.01,-0.2203,31710.74,14277.933,-0.0022026431718060735,4.558,10812.4842573001,2019-10-21/2019-10-27,2019-10,2019
300102.SZ,2019-10-28,4.52,4.67,4.51,4.65,4.53,0.12,2.649,60465.22,27869.305,0.026490066225165476,4.57,14475.576982289958,2019-10-28/2019-11-03,2019-10,2019
300102.SZ,2019-10-29,4.65,4.66,4.54,4.54,4.65,-0.11,-2.3656,46406.0,21276.212,-0.023655913978494647,4.5600000000000005,14025.213490149208,2019-10-28/2019-11-03,2019-10,2019
300102.SZ,2019-10-30,4.55,4.57,4.39,4.46,4.54,-0.08,-1.7621,52755.98,23529.695,-0.017621145374449365,4.544,10560.680367897905,2019-10-28/2019-11-03,2019-10,2019
300102.SZ,2019-10-31,4.45,4.46,4.32,4.46,4.46,0.0,0.0,70338.0,30824.2,0.0,4.5280000000000005,14585.085290971216,2019-10-28/2019-11-03,2019-10,2019
300102.SZ,2019-11-01,4.42,4.42,4.34,4.38,4.46,-0.08,-1.7937,39489.02,17281.395,-0.017937219730941756,4.497999999999999,12025.542615693697,2019-10-28/2019-11-03,2019-11,2019
300102.SZ,2019-11-04,4.38,4.39,4.26,4.27,4.38,-0.11,-2.5114,47012.0,20338.68,-0.02511415525114158,4.422,11687.097053168714,2019-11-04/2019-11-10,2019-11,2019
300102.SZ,2019-11-05,4.27,4.29,4.14,4.15,4.27,-0.12,-2.8103,67135.47,28088.467,-0.02810304449648693,4.343999999999999,13146.855528580416,2019-11-04/2019-11-10,2019-11,2019
300102.SZ,2019-11-06,4.17,4.22,4.03,4.05,4.15,-0.1,-2.4096,68728.47,28287.444,-0.024096385542168752,4.262,14254.073546444748,2019-11-04/2019-11-10,2019-11,2019
300102.SZ,2019-11-07,4.07,4.17,4.05,4.13,4.05,0.08,1.9753,50643.47,20841.775,0.01975308641975304,4.196,12828.924824883627,2019-11-04/2019-11-10,2019-11,2019
300102.SZ,2019-11-08,4.17,4.2,4.06,4.09,4.13,-0.04,-0.9685,42258.48,17481.467,-0.009685230024213065,4.138,12049.412098133891,2019-11-04/2019-11-10,2019-11,2019
300102.SZ,2019-11-11,4.024,4.093999999999999,3.99,4.05,4.09,-0.17,-4.1565,61194.02,24040.327,-0.009779951100244544,4.093999999999999,11299.0299199956,2019-11-11/2019-11-17,2019-11,2019
300102.SZ,2019-11-12,4.024,4.093999999999999,3.99,4.05,3.92,0.04,1.0204,41608.48,16291.453,0.0,4.074,11886.574672899465,2019-11-11/2019-11-17,2019-11,2019
300102.SZ,2019-11-13,4.024,4.093999999999999,3.99,4.05,3.96,-0.05,-1.2626,27946.48,12051.738,0.0,4.074,12283.85041059455,2019-11-11/2019-11-17,2019-11,2019
300102.SZ,2019-11-14,4.024,4.093999999999999,3.99,4.05,3.91,0.05,1.2788,38246.62,15104.866,0.0,4.058,12040.610927883334,2019-11-11/2019-11-17,2019-11,2019
300102.SZ,2019-11-15,4.024,4.093999999999999,3.99,4.05,3.96,-0.01,-0.2525,40990.19,16337.954,0.0,4.05,12053.761377022673,2019-11-11/2019-11-17,2019-11,2019
300102.SZ,2019-11-18,4.024,4.093999999999999,3.99,4.05,3.95,-0.02,-0.5063,32235.33,12664.291,0.0,4.05,5920.837847976656,2019-11-18/2019-11-24,2019-11,2019
300102.SZ,2019-11-19,4.024,4.093999999999999,3.99,4.05,3.93,0.12,3.0534,41864.65,16767.377,0.0,4.05,5980.0916695242095,2019-11-18/2019-11-24,2019-11,2019
300102.SZ,2019-11-20,4.03,4.093999999999999,4.0,4.05,4.05,-0.02,-0.4938,39538.08,15997.957,0.0,4.05,3804.0015797464034,2019-11-18/2019-11-24,2019-11,2019
300102.SZ,2019-11-21,4.024,4.093999999999999,3.99,4.05,4.03,-0.02,-0.4963,28146.0,12051.738,0.0,4.05,6044.27186560407,2019-11-18/2019-11-24,2019-11,2019
300102.SZ,2019-11-22,4.024,4.1,3.99,4.05,4.01,-0.02,-0.4988,45227.0,18205.011,0.0,4.05,7036.9866145426895,2019-11-18/2019-11-24,2019-11,2019
300102.SZ,2019-11-25,4.024,4.13,3.99,4.05,3.99,0.05,1.2531,52279.59,21103.878,0.0,4.05,8836.882329425544,2019-11-25/2019-12-01,2019-11,2019
300102.SZ,2019-11-26,4.04,4.093999999999999,3.99,4.05,4.04,-0.11,-2.7228,43192.88,17122.909,0.0,4.05,8873.813247814236,2019-11-25/2019-12-01,2019-11,2019
300102.SZ,2019-11-27,4.024,4.093999999999999,3.99,4.05,3.93,0.02,0.5089,38705.33,15193.491,0.0,4.05,8931.613971496608,2019-11-25/2019-12-01,2019-11,2019
300102.SZ,2019-11-28,4.024,4.093999999999999,3.99,4.05,3.95,-0.03,-0.7595,28837.53,12051.738,0.0,4.05,8674.590024987547,2019-11-25/2019-12-01,2019-11,2019
300102.SZ,2019-11-29,4.024,4.093999999999999,3.99,4.06,3.92,0.14,3.5714,71718.43,28794.879,0.0024691358024691024,4.052,16217.519115832853,2019-11-25/2019-12-01,2019-11,2019
300102.SZ,2019-12-02,4.06,4.47,4.04,4.47,4.06,0.41,10.0985,139026.61,60164.677,0.100985221674877,4.136,44713.76660906421,2019-12-02/2019-12-08,2019-12,2019
300102.SZ,2019-12-03,4.57,4.69,4.4,4.47,4.47,0.0,0.0,349473.71,158523.764,0.0,4.220000000000001,132397.68066309966,2019-12-02/2019-12-08,2019-12,2019
300102.SZ,2019-12-04,4.35,4.45,4.26,4.29,4.47,-0.18,-4.0268,189853.0,82224.171,-0.04026845637583887,4.268,124639.11597327533,2019-12-02/2019-12-08,2019-12,2019
300102.SZ,2019-12-05,4.3,4.43,4.27,4.41,4.29,0.12,2.7972,176076.14,76782.487,0.027972027972027913,4.34,102592.38681175407,2019-12-02/2019-12-08,2019-12,2019
300102.SZ,2019-12-06,4.4,4.85,4.31,4.85,4.41,0.44,9.9773,332566.28,154614.472,0.09977324263038545,4.498,96586.48222314121,2019-12-02/2019-12-08,2019-12,2019
300102.SZ,2019-12-09,4.99,5.06,4.68,4.72,4.85,-0.13,-2.6804,417128.16,201794.502,-0.026804123711340222,4.548,105443.18528527446,2019-12-09/2019-12-15,2019-12,2019
300102.SZ,2019-12-10,4.72,4.96,4.6,4.87,4.72,0.15,3.178,340736.32,163007.317,0.03177966101694918,4.628,104340.31968259442,2019-12-09/2019-12-15,2019-12,2019
300102.SZ,2019-12-11,5.01,5.36,4.92,4.92,4.87,0.05,1.0267,416740.05,213907.801,0.010266940451745254,4.754,98372.366088765,2019-12-09/2019-12-15,2019-12,2019
300102.SZ,2019-12-12,5.03,5.28,4.9,5.09,4.92,0.17,3.4553,378320.0,194018.502,0.03455284552845517,4.89,40251.2266281343,2019-12-09/2019-12-15,2019-12,2019
300102.SZ,2019-12-13,5.09,5.09,4.8,4.92,5.09,-0.17,-3.3399,309598.16,152620.791,-0.03339882121807469,4.904000000000001,47297.72676500668,2019-12-09/2019-12-15,2019-12,2019
300102.SZ,2019-12-16,4.92,5.23,4.87,5.23,4.92,0.31,6.3008,338984.22,173158.979,0.06300813008130102,5.006,41410.59295405715,2019-12-16/2019-12-22,2019-12,2019
300102.SZ,2019-12-17,5.15,5.39,5.13,5.18,5.23,-0.05,-0.956,337284.77,176195.036,-0.00956022944550683,5.0680000000000005,41774.06938634729,2019-12-16/2019-12-22,2019-12,2019
300102.SZ,2019-12-18,5.23,5.57,5.18,5.42,5.18,0.24,4.6332,397431.39,215047.44,0.04633204633204646,5.168,35142.90191963632,2019-12-16/2019-12-22,2019-12,2019
300102.SZ,2019-12-19,5.31,5.35,5.15,5.22,5.42,-0.2,-3.69,232431.72,121405.442,-0.03690036900369009,5.194,59961.858214001106,2019-12-16/2019-12-22,2019-12,2019
300102.SZ,2019-12-20,5.24,5.25,5.04,5.05,5.22,-0.17,-3.2567,178214.63,91419.029,-0.03256704980842906,5.22,89093.97156394772,2019-12-16/2019-12-22,2019-12,2019
300102.SZ,2019-12-23,4.98,5.0,4.75,4.75,5.05,-0.3,-5.9406,154280.18,75198.202,-0.05940594059405935,5.124,104266.28679279011,2019-12-23/2019-12-29,2019-12,2019
300102.SZ,2019-12-24,4.81,4.9,4.74,4.88,4.75,0.13,2.7368,132856.05,64148.438,0.027368421052631486,5.063999999999999,106408.46360996153,2019-12-23/2019-12-29,2019-12,2019
300102.SZ,2019-12-25,4.88,5.1,4.8,4.97,4.88,0.09,1.8443,171835.89,85077.774,0.018442622950819665,4.973999999999999,37142.89699826193,2019-12-23/2019-12-29,2019-12,2019
300102.SZ,2019-12-26,4.93,5.0,4.87,4.94,4.97,-0.03,-0.6036,111639.97,54979.101,-0.006036217303822755,4.918,27642.01053185602,2019-12-23/2019-12-29,2019-12,2019
300102.SZ,2019-12-27,4.93,5.09,4.91,4.92,4.94,-0.02,-0.4049,155054.73,77527.354,-0.004048582995951455,4.892,23279.081391445365,2019-12-23/2019-12-29,2019-12,2019
300102.SZ,2019-12-30,4.85,4.89,4.63,4.81,4.92,-0.11,-2.2358,109709.09,52587.179,-0.022357723577235866,4.904,27118.080013386567,2019-12-30/2020-01-05,2019-12,2019
300102.SZ,2019-12-31,4.82,4.86,4.71,4.75,4.81,-0.06,-1.2474,78073.56,37178.254,-0.012474012474012364,4.878,37785.36611212036,2019-12-30/2020-01-05,2019-12,2019
300102.SZ,2020-01-02,4.79,4.92,4.76,4.91,4.75,0.16,3.3684,94742.8,46086.62,0.03368421052631576,4.8660000000000005,28655.980681660505,2019-12-30/2020-01-05,2020-01,2020
300102.SZ,2020-01-03,4.91,5.07,4.9,4.93,4.91,0.02,0.4073,114901.0,57167.642,0.004073319755600657,4.864,28744.04980633349,2019-12-30/2020-01-05,2020-01,2020
300102.SZ,2020-01-06,4.86,5.03,4.81,4.98,4.93,0.05,1.0142,128892.28,63918.38,0.01014198782961473,4.8759999999999994,19499.627473219298,2020-01-06/2020-01-12,2020-01,2020
300102.SZ,2020-01-07,4.99,5.11,4.96,5.02,4.98,0.04,0.8032,121906.55,61003.123,0.008032128514056103,4.918,20906.985208244856,2020-01-06/2020-01-12,2020-01,2020
300102.SZ,2020-01-08,4.96,5.23,4.95,5.06,5.02,0.04,0.7968,188974.92,96098.256,0.007968127490039834,4.9799999999999995,35410.99500418836,2020-01-06/2020-01-12,2020-01,2020
300102.SZ,2020-01-09,5.08,5.12,4.98,5.01,5.06,-0.05,-0.9881,138054.96,69468.7,-0.009881422924901129,5.0,29463.828348382936,2020-01-06/2020-01-12,2020-01,2020
300102.SZ,2020-01-10,5.01,5.06,4.92,4.96,5.01,-0.05,-0.998,84778.95,42242.308,-0.009980039920159611,5.006,37492.69025782256,2020-01-06/2020-01-12,2020-01,2020
300102.SZ,2020-01-13,4.93,5.01,4.84,5.01,4.96,0.05,1.0081,90404.13,44789.047,0.010080645161290258,5.012,42092.884892050606,2020-01-13/2020-01-19,2020-01,2020
300102.SZ,2020-01-14,5.03,5.03,4.88,4.88,5.01,-0.13,-2.5948,87011.0,43043.562,-0.02594810379241519,4.984,45456.046262161006,2020-01-13/2020-01-19,2020-01,2020
300102.SZ,2020-01-15,4.9,4.94,4.81,4.9,4.88,0.02,0.4098,64597.8,31450.706,0.004098360655737876,4.952,27142.31944309326,2020-01-13/2020-01-19,2020-01,2020
300102.SZ,2020-01-16,4.92,4.94,4.82,4.82,4.9,-0.08,-1.6327,52994.0,25818.082,-0.01632653061224487,4.914,16317.690373673493,2020-01-13/2020-01-19,2020-01,2020
300102.SZ,2020-01-17,4.82,4.84,4.71,4.73,4.82,-0.09,-1.8672,68173.52,32527.511,-0.018672199170124415,4.868,15753.425180310667,2020-01-13/2020-01-19,2020-01,2020
300102.SZ,2020-01-20,4.76,4.87,4.63,4.84,4.73,0.11,2.3256,77205.15,36748.668,0.02325581395348819,4.8340000000000005,12874.51036817035,2020-01-20/2020-01-26,2020-01,2020
300102.SZ,2020-01-21,4.82,4.87,4.76,4.77,4.84,-0.07,-1.4463,46389.0,22315.92,-0.01446280991735538,4.812,12255.476345459805,2020-01-20/2020-01-26,2020-01,2020
300102.SZ,2020-01-22,4.75,4.86,4.65,4.85,4.77,0.08,1.6771,70751.16,33669.94,0.016771488469601747,4.802,12890.15937776275,2020-01-20/2020-01-26,2020-01,2020
300102.SZ,2020-01-23,4.79,4.82,4.47,4.54,4.85,-0.31,-6.3918,93032.49,43242.234,-0.06391752577319576,4.7459999999999996,16864.355479160065,2020-01-20/2020-01-26,2020-01,2020
300102.SZ,2020-02-03,4.09,4.093999999999999,4.09,4.09,4.54,-0.45,-9.9119,24024.658,12051.738,-0.09911894273127753,4.617999999999999,27185.61828796888,2020-02-03/2020-02-09,2020-02,2020
300102.SZ,2020-02-04,4.024,4.093999999999999,3.99,4.05,4.09,-0.2,-4.89,142823.0,54967.568,-0.009779951100244544,4.459999999999999,45714.989746470135,2020-02-03/2020-02-09,2020-02,2020
300102.SZ,2020-02-05,4.024,4.13,3.99,4.06,3.89,0.17,4.3702,111284.02,45048.074,0.0024691358024691024,4.318,44616.885931935394,2020-02-03/2020-02-09,2020-02,2020
300102.SZ,2020-02-06,4.09,4.13,4.05,4.08,4.06,0.02,0.4926,82182.0,33583.697,0.0049261083743843415,4.164,43772.42950739773,2020-02-03/2020-02-09,2020-02,2020
300102.SZ,2020-02-07,4.08,4.11,4.0,4.09,4.08,0.01,0.2451,92908.1,37668.012,0.002450980392156854,4.074,43770.78588308331,2020-02-03/2020-02-09,2020-02,2020
300102.SZ,2020-02-10,4.04,4.17,4.04,4.14,4.09,0.05,1.2225,101553.23,41613.127,0.012224938875305513,4.0840000000000005,23142.00901163618,2020-02-10/2020-02-16,2020-02,2020
300102.SZ,2020-02-11,4.15,4.19,4.08,4.12,4.14,-0.02,-0.4831,74678.17,30804.34,-0.004830917874396046,4.098000000000001,14654.721492218074,2020-02-10/2020-02-16,2020-02,2020
300102.SZ,2020-02-12,4.14,4.47,4.11,4.32,4.12,0.2,4.8544,172852.14,74105.221,0.04854368932038833,4.15,39376.214571747754,2020-02-10/2020-02-16,2020-02,2020
300102.SZ,2020-02-13,4.36,4.67,4.13,4.53,4.32,0.21,4.8611,261757.32,116581.783,0.04861111111111116,4.24,77239.95044589505,2020-02-10/2020-02-16,2020-02,2020
300102.SZ,2020-02-14,4.44,4.98,4.44,4.98,4.53,0.45,9.9338,452572.68,218069.599,0.09933774834437092,4.418,152427.85485719115,2020-02-10/2020-02-16,2020-02,2020
300102.SZ,2020-02-17,5.48,5.48,5.25,5.48,4.98,0.5,10.0402,303418.95,165904.258,0.10040160642570273,4.686,142012.6356129677,2020-02-17/2020-02-23,2020-02,2020
300102.SZ,2020-02-18,5.95,6.03,5.81,6.03,5.48,0.55,10.0365,290455.71,173342.165,0.10036496350364965,5.0680000000000005,101166.34480399457,2020-02-17/2020-02-23,2020-02,2020
300102.SZ,2020-02-19,6.63,6.63,6.21,6.63,6.03,0.6,9.9502,718952.13,473471.944,0.09950248756218905,5.53,190253.6063584521,2020-02-17/2020-02-23,2020-02,2020
300102.SZ,2020-02-20,7.0,7.29,7.0,7.29,6.63,0.66,9.9548,641334.64,462786.179,0.09954751131221728,6.082000000000001,194279.4892809435,2020-02-17/2020-02-23,2020-02,2020
300102.SZ,2020-02-21,8.02,8.02,8.02,8.02,7.29,0.73,10.0137,69507.46,55744.982,0.10013717421124824,6.69,269450.36468293105,2020-02-17/2020-02-23,2020-02,2020
300102.SZ,2020-02-24,7.51,8.35,7.24,8.2,8.02,0.18,2.2444,1721437.3639999991,1397015.186,0.02244389027431426,7.234,634764.206346544,2020-02-24/2020-03-01,2020-02,2020
300102.SZ,2020-02-25,8.2,9.02,7.75,8.44,8.2,0.24,2.9268,1721437.3639999991,1562066.1213999994,0.029268292682926855,7.715999999999999,726489.1971306751,2020-02-24/2020-03-01,2020-02,2020
300102.SZ,2020-02-26,7.6,7.6,7.6,7.6,8.44,-0.84,-9.9526,130913.0,99493.88,-0.09952606635071093,7.909999999999999,819811.2991386575,2020-02-24/2020-03-01,2020-02,2020
300102.SZ,2020-02-27,6.84,7.32,6.84,6.84,7.6,-0.76,-10.0,1188011.52,822654.059,-0.09999999999999998,7.82,820324.5039639402,2020-02-24/2020-03-01,2020-02,2020
300102.SZ,2020-02-28,6.16,6.49,6.16,6.16,6.84,-0.68,-9.9415,1043328.58,646888.822,-0.09941520467836251,7.447999999999999,652655.2473421675,2020-02-24/2020-03-01,2020-02,2020
300102.SZ,2020-03-02,6.24,6.46,5.98,6.3,6.16,0.14,2.2727,918097.8,573783.292,0.022727272727272707,7.0680000000000005,574394.7057618586,2020-03-02/2020-03-08,2020-03,2020
300102.SZ,2020-03-03,6.3,6.93,6.26,6.6,6.3,0.3,4.7619,1225310.37,813270.847,0.04761904761904767,6.7,447531.1408900229,2020-03-02/2020-03-08,2020-03,2020
300102.SZ,2020-03-04,6.37,6.74,6.3,6.64,6.6,0.04,0.6061,865234.81,562543.854,0.0060606060606061,6.508,159171.0647309866,2020-03-02/2020-03-08,2020-03,2020
300102.SZ,2020-03-05,6.69,7.14,6.51,6.93,6.64,0.29,4.3675,1172429.16,798781.467,0.04367469879518082,6.526000000000001,155862.46667008425,2020-03-02/2020-03-08,2020-03,2020
300102.SZ,2020-03-06,6.6,6.91,6.47,6.48,6.93,-0.45,-6.4935,833925.86,555331.231,-0.06493506493506485,6.589999999999999,182278.52096747392,2020-03-02/2020-03-08,2020-03,2020
300102.SZ,2020-03-09,6.1,6.2,5.83,5.83,6.48,-0.65,-10.0309,711299.75,420131.358,-0.10030864197530864,6.496,224849.52578023224,2020-03-09/2020-03-15,2020-03,2020
300102.SZ,2020-03-10,5.7,6.14,5.61,6.09,5.83,0.26,4.4597,638190.74,378705.629,0.04459691252144071,6.394,205173.51987057916,2020-03-09/2020-03-15,2020-03,2020
300102.SZ,2020-03-11,6.03,6.26,5.84,5.84,6.09,-0.25,-4.1051,571359.31,345312.961,-0.04105090311986859,6.234,237234.6684426022,2020-03-09/2020-03-15,2020-03,2020
300102.SZ,2020-03-12,5.9,6.42,5.77,6.42,5.84,0.58,9.9315,368499.95,230153.528,0.09931506849315075,6.132000000000001,173162.25196189148,2020-03-09/2020-03-15,2020-03,2020
300102.SZ,2020-03-13,6.42,7.06,6.31,6.87,6.42,0.45,7.0093,1482093.16,991842.346,0.07009345794392519,6.209999999999999,426415.9470184075,2020-03-09/2020-03-15,2020-03,2020
300102.SZ,2020-03-16,6.58,6.69,6.18,6.18,6.87,-0.69,-10.0437,727994.4,459278.548,-0.10043668122270744,6.279999999999999,426060.3952343557,2020-03-16/2020-03-22,2020-03,2020
300102.SZ,2020-03-17,5.9,6.1,5.56,5.76,6.18,-0.42,-6.7961,730131.6,418903.727,-0.06796116504854366,6.214,421577.42464239156,2020-03-16/2020-03-22,2020-03,2020
300102.SZ,2020-03-18,5.78,5.99,5.46,5.52,5.76,-0.24,-4.1667,595625.12,343195.34,-0.04166666666666674,6.15,418762.718650689,2020-03-16/2020-03-22,2020-03,2020
300102.SZ,2020-03-19,5.47,6.07,5.47,6.07,5.52,0.55,9.9638,788698.3,459844.995,0.0996376811594204,6.08,352189.1258329817,2020-03-16/2020-03-22,2020-03,2020
300102.SZ,2020-03-20,6.19,6.23,5.8,5.83,6.07,-0.24,-3.9539,595927.38,352808.975,-0.03953871499176276,5.872,87356.64002501646,2020-03-16/2020-03-22,2020-03,2020
300102.SZ,2020-03-23,5.79,6.09,5.32,5.45,5.83,-0.38,-6.518,553825.43,318021.039,-0.065180102915952,5.726000000000001,100930.59865342156,2020-03-23/2020-03-29,2020-03,2020
300102.SZ,2020-03-24,5.65,5.7,5.25,5.59,5.45,0.14,2.5688,448471.52,246767.742,0.025688073394495303,5.692,123161.30600898132,2020-03-23/2020-03-29,2020-03,2020
300102.SZ,2020-03-25,5.73,5.86,5.57,5.76,5.59,0.17,3.0411,485517.33,276667.757,0.030411449016100267,5.74,132823.7316819912,2020-03-23/2020-03-29,2020-03,2020
300102.SZ,2020-03-26,5.65,5.82,5.52,5.55,5.76,-0.21,-3.6458,409871.23,232667.963,-0.03645833333333337,5.636,75959.21154914483,2020-03-23/2020-03-29,2020-03,2020
300102.SZ,2020-03-27,5.65,5.68,5.36,5.54,5.55,-0.01,-0.1802,345048.81,190809.099,-0.0018018018018017834,5.578,78514.4084532904,2020-03-23/2020-03-29,2020-03,2020
300102.SZ,2020-03-30,5.38,5.39,4.99,4.99,5.54,-0.55,-9.9278,426787.42,215510.549,-0.09927797833935015,5.486,52010.13143201323,2020-03-30/2020-04-05,2020-03,2020
300102.SZ,2020-03-31,5.06,5.16,4.93,4.93,4.99,-0.06,-1.2024,330072.0,166784.306,-0.012024048096192508,5.354000000000001,63317.291832194416,2020-03-30/2020-04-05,2020-03,2020
300102.SZ,2020-04-01,4.98,5.14,4.93,5.0,4.93,0.07,1.4199,341420.0,172697.201,0.014198782961460488,5.202,44289.11324898764,2020-03-30/2020-04-05,2020-04,2020
300102.SZ,2020-04-02,4.96,5.33,4.92,5.3,5.0,0.3,6.0,394752.0,203848.152,0.06000000000000005,5.151999999999999,41360.24618308455,2020-03-30/2020-04-05,2020-04,2020
300102.SZ,2020-04-03,5.25,5.35,5.19,5.24,5.3,-0.06,-1.1321,302787.0,159301.959,-0.011320754716981019,5.0920000000000005,50445.49733374779,2020-03-30/2020-04-05,2020-04,2020
300102.SZ,2020-04-07,5.36,5.4,5.25,5.32,5.24,0.08,1.5267,311299.5,165427.961,0.01526717557251911,5.1579999999999995,36157.68006661742,2020-04-06/2020-04-12,2020-04,2020
300102.SZ,2020-04-08,5.26,5.56,5.22,5.56,5.32,0.24,4.5113,366325.47,197765.515,0.045112781954887105,5.284,38230.70994559933,2020-04-06/2020-04-12,2020-04,2020
300102.SZ,2020-04-09,5.5,5.57,5.35,5.39,5.56,-0.17,-3.0576,415464.54,225585.643,-0.030575539568345356,5.362,49878.67624651338,2020-04-06/2020-04-12,2020-04,2020
300102.SZ,2020-04-10,5.23,5.3,4.98,5.08,5.39,-0.31,-5.7514,405074.16,207293.956,-0.05751391465677169,5.318,51944.422179859306,2020-04-06/2020-04-12,2020-04,2020
300102.SZ,2020-04-13,5.11,5.11,4.86,4.92,5.08,-0.16,-3.1496,225927.0,111471.985,-0.03149606299212604,5.254,78011.00791054712,2020-04-13/2020-04-19,2020-04,2020
300102.SZ,2020-04-14,4.97,5.04,4.93,5.03,4.92,0.11,2.2358,202375.75,100952.876,0.022357723577235866,5.196,101410.46135932268,2020-04-13/2020-04-19,2020-04,2020
300102.SZ,2020-04-15,5.01,5.09,4.89,4.91,5.03,-0.12,-2.3857,208208.25,104021.003,-0.02385685884691846,5.066,108911.34276123802,2020-04-13/2020-04-19,2020-04,2020
300102.SZ,2020-04-16,4.84,5.05,4.82,4.97,4.91,0.06,1.222,238619.31,117368.761,0.012219959266802416,4.982,84541.67920042411,2020-04-13/2020-04-19,2020-04,2020
300102.SZ,2020-04-17,5.01,5.12,4.91,4.93,4.97,-0.04,-0.8048,253349.56,127170.614,-0.008048289738430636,4.952,21103.55505092918,2020-04-13/2020-04-19,2020-04,2020
300102.SZ,2020-04-20,4.94,4.94,4.85,4.93,4.93,0.0,0.0,139446.0,68244.753,0.0,4.954,43945.00003680265,2020-04-20/2020-04-26,2020-04,2020
300102.SZ,2020-04-21,4.91,4.96,4.81,4.94,4.93,0.01,0.2028,170378.51,82987.405,0.0020283975659229903,4.936,47247.26206464222,2020-04-20/2020-04-26,2020-04,2020
300102.SZ,2020-04-22,4.88,5.01,4.86,4.99,4.94,0.05,1.0121,174185.02,86428.306,0.010121457489878471,4.952,48561.43527012248,2020-04-20/2020-04-26,2020-04,2020
300102.SZ,2020-04-23,4.99,5.03,4.91,4.95,4.99,-0.04,-0.8016,177740.36,88245.447,-0.008016032064128265,4.9479999999999995,42162.42173216022,2020-04-20/2020-04-26,2020-04,2020
300102.SZ,2020-04-24,4.92,4.99,4.61,4.68,4.95,-0.27,-5.4545,247184.0,117371.961,-0.054545454545454675,4.898,39603.80956752336,2020-04-20/2020-04-26,2020-04,2020
300102.SZ,2020-04-27,4.68,4.7,4.5,4.52,4.68,-0.16,-3.4188,136026.46,62273.679,-0.03418803418803418,4.816,40536.32167604795,2020-04-27/2020-05-03,2020-04,2020
300102.SZ,2020-04-28,4.53,4.55,4.15,4.35,4.52,-0.17,-3.7611,199105.09,86416.294,-0.03761061946902655,4.698,40671.85220737949,2020-04-27/2020-05-03,2020-04,2020
300102.SZ,2020-04-29,4.38,4.52,4.32,4.39,4.35,0.04,0.9195,208755.36,92723.44,0.009195402298850519,4.578,40918.65426029825,2020-04-27/2020-05-03,2020-04,2020
300102.SZ,2020-04-30,4.4,4.61,4.4,4.56,4.39,0.17,3.8724,236798.0,107658.523,0.03872437357630987,4.5,43575.10310903088,2020-04-27/2020-05-03,2020-04,2020
300102.SZ,2020-05-06,4.54,4.74,4.51,4.71,4.56,0.15,3.2895,319466.78,148324.054,0.03289473684210531,4.506,66690.33501633791,2020-05-04/2020-05-10,2020-05,2020
300102.SZ,2020-05-07,4.8,4.81,4.46,4.49,4.71,-0.22,-4.6709,381870.84,175147.317,-0.04670912951167727,4.5,78800.71045273314,2020-05-04/2020-05-10,2020-05,2020
300102.SZ,2020-05-08,4.54,4.94,4.5,4.94,4.49,0.45,10.0223,274859.26,132037.625,0.10022271714922049,4.618,68573.53519824348,2020-05-04/2020-05-10,2020-05,2020
300102.SZ,2020-05-11,5.23,5.43,5.23,5.43,4.94,0.49,9.919,281185.03,151006.303,0.0991902834008096,4.8260000000000005,54898.925272267836,2020-05-11/2020-05-17,2020-05,2020
300102.SZ,2020-05-12,5.31,5.4,5.01,5.31,5.43,-0.12,-2.2099,911803.2,473489.577,-0.02209944751381221,4.976,270559.26481587166,2020-05-11/2020-05-17,2020-05,2020
300102.SZ,2020-05-13,5.19,5.42,5.04,5.29,5.31,-0.02,-0.3766,716688.65,372612.895,-0.0037664783427494575,5.0920000000000005,286433.54880175635,2020-05-11/2020-05-17,2020-05,2020
300102.SZ,2020-05-14,5.15,5.26,5.06,5.07,5.29,-0.22,-4.1588,444068.32,228212.817,-0.041587901701323204,5.208,280590.7704621426,2020-05-11/2020-05-17,2020-05,2020
300102.SZ,2020-05-15,5.09,5.35,5.04,5.14,5.07,0.07,1.3807,533777.26,276414.42,0.01380670611439827,5.247999999999999,244259.2692125538,2020-05-11/2020-05-17,2020-05,2020
300102.SZ,2020-05-18,5.18,5.33,5.1,5.1,5.14,-0.04,-0.7782,495634.0,258891.766,-0.0077821011673151474,5.1819999999999995,192581.31019036085,2020-05-18/2020-05-24,2020-05,2020
300102.SZ,2020-05-19,5.16,5.5,5.08,5.37,5.1,0.27,5.2941,621451.15,329867.206,0.05294117647058827,5.194,107901.9732831128,2020-05-18/2020-05-24,2020-05,2020
300102.SZ,2020-05-20,5.28,5.33,5.13,5.18,5.37,-0.19,-3.5382,375993.0,196626.097,-0.035381750465549366,5.172,92530.19786349463,2020-05-18/2020-05-24,2020-05,2020
300102.SZ,2020-05-21,5.22,5.25,4.77,4.81,5.18,-0.37,-7.1429,492580.49,243544.807,-0.07142857142857151,5.12,88413.20803662225,2020-05-18/2020-05-24,2020-05,2020
300102.SZ,2020-05-22,4.77,4.94,4.64,4.64,4.81,-0.17,-3.5343,253569.03,121198.02,-0.03534303534303529,5.02,139041.37003638293,2020-05-18/2020-05-24,2020-05,2020
300102.SZ,2020-05-25,4.6,4.74,4.48,4.54,4.64,-0.1,-2.1552,204759.09,93975.702,-0.02155172413793094,4.9079999999999995,171183.85543532396,2020-05-25/2020-05-31,2020-05,2020
300102.SZ,2020-05-26,4.51,4.75,4.51,4.72,4.54,0.18,3.9648,208639.91,97280.604,0.03964757709251088,4.7780000000000005,124682.46990498928,2020-05-25/2020-05-31,2020-05,2020
300102.SZ,2020-05-27,4.73,4.77,4.62,4.68,4.72,-0.04,-0.8475,139845.02,65385.374,-0.008474576271186418,4.678,136254.91215573676,2020-05-25/2020-05-31,2020-05,2020
300102.SZ,2020-05-28,4.65,4.69,4.5,4.6,4.68,-0.08,-1.7094,152314.0,69843.016,-0.017094017094017144,4.635999999999999,46166.53161121048,2020-05-25/2020-05-31,2020-05,2020
300102.SZ,2020-05-29,4.6,4.8,4.56,4.67,4.6,0.07,1.5217,161932.91,75806.839,0.01521739130434785,4.642,31333.870698695293,2020-05-25/2020-05-31,2020-05,2020
300102.SZ,2020-06-01,4.66,4.92,4.66,4.87,4.67,0.2,4.2827,251343.03,121179.168,0.04282655246252687,4.708,46302.831277235804,2020-06-01/2020-06-07,2020-06,2020
300102.SZ,2020-06-02,4.86,5.09,4.85,5.0,4.87,0.13,2.6694,337472.26,168256.061,0.026694045174537884,4.764,84421.86128209029,2020-06-01/2020-06-07,2020-06,2020
300102.SZ,2020-06-03,5.01,5.19,4.95,5.01,5.0,0.01,0.2,412110.28,208664.837,0.0020000000000000018,4.83,112229.47405646593,2020-06-01/2020-06-07,2020-06,2020
300102.SZ,2020-06-04,5.06,5.13,4.92,4.96,5.01,-0.05,-0.998,236881.23,118851.248,-0.009980039920159611,4.902,96664.9641777853,2020-06-01/2020-06-07,2020-06,2020
300102.SZ,2020-06-05,4.91,5.06,4.91,4.96,4.96,0.0,0.0,189043.86,94134.209,0.0,4.959999999999999,88833.36200759724,2020-06-01/2020-06-07,2020-06,2020
300102.SZ,2020-06-08,5.02,5.1,4.89,4.92,4.96,-0.04,-0.8065,226792.58,113632.415,-0.008064516129032251,4.970000000000001,91812.8610694671,2020-06-08/2020-06-14,2020-06,2020
300102.SZ,2020-06-09,4.92,4.99,4.83,4.85,4.92,-0.07,-1.4228,186124.0,90807.992,-0.014227642276422814,4.94,93255.08362682656,2020-06-08/2020-06-14,2020-06,2020
300102.SZ,2020-06-10,4.83,4.88,4.68,4.7,4.85,-0.15,-3.0928,189183.0,89521.983,-0.030927835051546282,4.878,24241.38461570304,2020-06-08/2020-06-14,2020-06,2020
300102.SZ,2020-06-11,4.72,4.83,4.65,4.68,4.7,-0.02,-0.4255,197698.17,93654.464,-0.004255319148936287,4.822,16791.565588302816,2020-06-08/2020-06-14,2020-06,2020
300102.SZ,2020-06-12,4.55,4.69,4.52,4.64,4.68,-0.04,-0.8547,143822.26,66305.736,-0.008547008547008517,4.758,29803.05960145477,2020-06-08/2020-06-14,2020-06,2020
300102.SZ,2020-06-15,4.63,4.72,4.53,4.55,4.64,-0.09,-1.9397,160917.0,74428.345,-0.0193965517241379,4.683999999999999,22410.84429271935,2020-06-15/2020-06-21,2020-06,2020
300102.SZ,2020-06-16,4.58,4.66,4.58,4.65,4.55,0.1,2.1978,130009.0,60094.572,0.021978021978022122,4.644,28901.78758930837,2020-06-15/2020-06-21,2020-06,2020
300102.SZ,2020-06-17,4.7,4.74,4.56,4.65,4.65,0.0,0.0,150732.0,69940.786,0.0,4.6339999999999995,25556.188308323504,2020-06-15/2020-06-21,2020-06,2020
300102.SZ,2020-06-18,4.63,4.69,4.6,4.67,4.65,0.02,0.4301,116283.96,54217.402,0.004301075268817067,4.632,17528.223842890457,2020-06-15/2020-06-21,2020-06,2020
300102.SZ,2020-06-19,4.64,4.68,4.59,4.65,4.67,-0.02,-0.4283,147627.1,68490.024,-0.004282655246252598,4.634,17797.030060049747,2020-06-15/2020-06-21,2020-06,2020
300102.SZ,2020-06-22,4.63,4.75,4.63,4.71,4.65,0.06,1.2903,182362.86,85650.688,0.012903225806451424,4.666,24921.225088006384,2020-06-22/2020-06-28,2020-06,2020
300102.SZ,2020-06-23,4.71,4.71,4.6,4.64,4.71,-0.07,-1.4862,132547.85,61543.444,-0.014861995753715607,4.664,24552.293245486853,2020-06-22/2020-06-28,2020-06,2020
300102.SZ,2020-06-24,4.65,4.67,4.54,4.55,4.64,-0.09,-1.9397,138888.0,63651.839,-0.0193965517241379,4.644,24542.203487062383,2020-06-22/2020-06-28,2020-06,2020
300102.SZ,2020-06-29,4.53,4.57,4.43,4.44,4.55,-0.11,-2.4176,107494.02,48206.088,-0.02417582417582409,4.598,27158.247861953012,2020-06-29/2020-07-05,2020-06,2020
300102.SZ,2020-06-30,4.46,4.55,4.46,4.5,4.44,0.06,1.3514,97502.5,43911.391,0.013513513513513375,4.568,33069.97361225233,2020-06-29/2020-07-05,2020-06,2020
300102.SZ,2020-07-01,4.53,4.62,4.49,4.55,4.5,0.05,1.1111,145585.87,66309.415,0.011111111111111072,4.536,20823.173934036768,2020-06-29/2020-07-05,2020-07,2020
300102.SZ,2020-07-02,4.51,4.73,4.48,4.67,4.55,0.12,2.6374,237080.48,110289.22,0.026373626373626502,4.542,55178.674746555655,2020-06-29/2020-07-05,2020-07,2020
300102.SZ,2020-07-03,4.69,4.76,4.63,4.75,4.67,0.08,1.7131,221860.03,104379.131,0.017130620985010614,4.582000000000001,64460.27685601237,2020-06-29/2020-07-05,2020-07,2020
300102.SZ,2020-07-06,4.79,5.04,4.76,5.02,4.75,0.27,5.6842,348468.25,172017.178,0.056842105263157805,4.698,95984.74773232457,2020-07-06/2020-07-12,2020-07,2020
300102.SZ,2020-07-07,5.05,5.29,5.03,5.07,5.02,0.05,0.996,496910.72,254578.894,0.009960159362550014,4.812,136500.50601512758,2020-07-06/2020-07-12,2020-07,2020
300102.SZ,2020-07-08,5.09,5.23,5.02,5.2,5.07,0.13,2.5641,336020.82,172775.613,0.02564102564102555,4.942,110165.94679194845,2020-07-06/2020-07-12,2020-07,2020
300102.SZ,2020-07-09,5.18,5.43,5.15,5.36,5.2,0.16,3.0769,362585.0,191897.514,0.030769230769230882,5.08,97862.84516465745,2020-07-06/2020-07-12,2020-07,2020
300102.SZ,2020-07-10,5.32,5.62,5.24,5.37,5.36,0.01,0.1866,491196.17,266861.145,0.001865671641791078,5.204,80015.04239956576,2020-07-06/2020-07-12,2020-07,2020
300102.SZ,2020-07-13,5.38,5.6,5.3,5.6,5.37,0.23,4.2831,417312.0,227590.448,0.04283054003724396,5.319999999999999,73036.16237512462,2020-07-13/2020-07-19,2020-07,2020
300102.SZ,2020-07-14,5.7,5.75,5.26,5.48,5.6,-0.12,-2.1429,482468.02,265237.821,-0.02142857142857124,5.402,69472.3892721653,2020-07-13/2020-07-19,2020-07,2020
300102.SZ,2020-07-15,5.42,5.47,5.11,5.12,5.48,-0.36,-6.5693,340095.0,178309.509,-0.06569343065693434,5.386,68285.4595692331,2020-07-13/2020-07-19,2020-07,2020
300102.SZ,2020-07-16,5.13,5.24,4.85,4.88,5.12,-0.24,-4.6875,271072.8,136897.42,-0.046875,5.29,94376.02141911448,2020-07-13/2020-07-19,2020-07,2020
300102.SZ,2020-07-17,4.89,4.97,4.72,4.78,4.88,-0.1,-2.0492,235756.82,113373.36,-0.020491803278688492,5.172,101803.27338618101,2020-07-13/2020-07-19,2020-07,2020
300102.SZ,2020-07-20,4.8,4.99,4.78,4.99,4.78,0.21,4.3933,173544.42,84648.989,0.043933054393305415,5.05,118168.7827568257,2020-07-20/2020-07-26,2020-07,2020
300102.SZ,2020-07-21,4.97,5.49,4.94,5.49,4.99,0.5,10.02,379631.68,198766.837,0.1002004008016033,5.0520000000000005,82018.0209545537,2020-07-20/2020-07-26,2020-07,2020
300102.SZ,2020-07-22,5.45,5.73,5.3,5.6,5.49,0.11,2.0036,736844.92,405486.431,0.02003642987249532,5.148000000000001,223889.26441727555,2020-07-20/2020-07-26,2020-07,2020
300102.SZ,2020-07-23,5.45,5.51,5.15,5.38,5.6,-0.22,-3.9286,439512.09,234003.773,-0.03928571428571426,5.248,219919.05780500473,2020-07-20/2020-07-26,2020-07,2020
300102.SZ,2020-07-24,5.33,5.48,5.02,5.03,5.38,-0.35,-6.5056,338648.42,177136.588,-0.06505576208178432,5.298,205886.4831166685,2020-07-20/2020-07-26,2020-07,2020
300102.SZ,2020-07-27,5.0,5.53,4.97,5.53,5.03,0.5,9.9404,189388.73,102744.766,0.09940357852882697,5.406,201339.03552687226,2020-07-27/2020-08-02,2020-07,2020
300102.SZ,2020-07-28,5.69,5.9,5.34,5.42,5.53,-0.11,-1.9892,742250.6,417569.61,-0.019891500904159143,5.392,245144.8519134921,2020-07-27/2020-08-02,2020-07,2020
300102.SZ,2020-07-29,5.4,5.89,5.4,5.75,5.42,0.33,6.0886,702322.44,396801.051,0.06088560885608851,5.422,236773.9981866204,2020-07-27/2020-08-02,2020-07,2020
300102.SZ,2020-07-30,5.7,6.17,5.58,5.99,5.75,0.24,4.1739,860484.87,508770.474,0.04173913043478272,5.544,287181.255502104,2020-07-27/2020-08-02,2020-07,2020
300102.SZ,2020-07-31,5.86,6.39,5.84,6.24,5.99,0.25,4.1736,704156.69,433282.556,0.04173622704507518,5.786,259864.89615383887,2020-07-27/2020-08-02,2020-07,2020
300102.SZ,2020-08-03,6.17,6.75,6.1,6.45,6.24,0.21,3.3654,665255.69,423376.76,0.033653846153846256,5.970000000000001,75303.33518083098,2020-08-03/2020-08-09,2020-08,2020
300102.SZ,2020-08-04,6.4,6.44,5.86,5.89,6.45,-0.56,-8.6822,704364.07,428487.55,-0.0868217054263567,6.064,76277.86832269975,2020-08-03/2020-08-09,2020-08,2020
300102.SZ,2020-08-05,6.05,6.23,5.9,5.97,5.89,0.08,1.3582,423719.18,255913.113,0.013582342954159499,6.108,157556.39274465875,2020-08-03/2020-08-09,2020-08,2020
300102.SZ,2020-08-06,5.94,6.25,5.84,6.1,5.97,0.13,2.1776,457842.94,276935.588,0.021775544388609624,6.13,138639.2880805113,2020-08-03/2020-08-09,2020-08,2020
300102.SZ,2020-08-07,6.12,6.12,5.7,5.78,6.1,-0.32,-5.2459,372114.39,218678.967,-0.052459016393442526,6.037999999999999,149987.0266039251,2020-08-03/2020-08-09,2020-08,2020
300102.SZ,2020-08-10,5.73,5.99,5.72,5.89,5.78,0.11,1.9031,256665.76,150766.091,0.01903114186851207,5.926,164809.315140931,2020-08-10/2020-08-16,2020-08,2020
300102.SZ,2020-08-11,5.88,5.98,5.66,5.71,5.89,-0.18,-3.056,266226.62,154504.983,-0.03056027164685904,5.89,91024.36737300451,2020-08-10/2020-08-16,2020-08,2020
300102.SZ,2020-08-12,5.78,6.08,5.58,6.01,5.71,0.3,5.2539,365655.0,213584.086,0.0525394045534151,5.898,83509.12206531677,2020-08-10/2020-08-16,2020-08,2020
300102.SZ,2020-08-13,5.95,6.2,5.92,6.09,6.01,0.08,1.3311,395315.72,240193.363,0.01331114808652245,5.896,64708.679527655826,2020-08-10/2020-08-16,2020-08,2020
300102.SZ,2020-08-14,6.08,6.08,5.78,5.98,6.09,-0.11,-1.8062,292229.72,173865.334,-0.018062397372742067,5.936,61879.95809890152,2020-08-10/2020-08-16,2020-08,2020
300102.SZ,2020-08-17,5.91,6.21,5.82,6.17,5.98,0.19,3.1773,387813.41,235081.05,0.03177257525083599,5.992,58562.26696150888,2020-08-17/2020-08-23,2020-08,2020
300102.SZ,2020-08-18,6.12,6.25,6.01,6.05,6.17,-0.12,-1.9449,322300.13,195986.58,-0.01944894651539708,6.06,44152.24545975206,2020-08-17/2020-08-23,2020-08,2020
300102.SZ,2020-08-19,5.99,6.02,5.69,5.69,6.05,-0.36,-5.9504,322518.0,188206.648,-0.05950413223140483,5.996,45181.396403433435,2020-08-17/2020-08-23,2020-08,2020
300102.SZ,2020-08-20,5.6,5.76,5.48,5.53,5.69,-0.16,-2.812,200095.03,111936.101,-0.02811950790861162,5.884,68250.21629583006,2020-08-17/2020-08-23,2020-08,2020
300102.SZ,2020-08-21,5.59,5.65,5.4,5.49,5.53,-0.04,-0.7233,164917.06,91280.534,-0.007233273056057921,5.786,93338.88459756857,2020-08-17/2020-08-23,2020-08,2020
300102.SZ,2020-08-24,5.52,5.68,5.3,5.6,5.49,0.11,2.0036,197696.86,109658.65,0.02003642987249532,5.672,75150.86576173683,2020-08-24/2020-08-30,2020-08,2020
300102.SZ,2020-08-25,5.58,5.85,5.56,5.82,5.6,0.22,3.9286,287980.27,165876.67,0.03928571428571437,5.626,67058.12065822068,2020-08-24/2020-08-30,2020-08,2020
300102.SZ,2020-08-26,5.76,5.85,5.53,5.63,5.82,-0.19,-3.2646,222324.39,126610.412,-0.03264604810996574,5.614,45849.85008890763,2020-08-24/2020-08-30,2020-08,2020
300102.SZ,2020-08-27,5.57,6.19,5.47,6.0,5.63,0.37,6.5719,432748.41,255691.317,0.06571936056838368,5.708,106019.31903365887,2020-08-24/2020-08-30,2020-08,2020
300102.SZ,2020-08-28,5.7,5.83,5.58,5.76,6.0,-0.24,-4.0,398486.06,228012.468,-0.040000000000000036,5.762,104472.07586431784,2020-08-24/2020-08-30,2020-08,2020
300102.SZ,2020-08-31,5.77,6.06,5.68,5.78,5.76,0.02,0.3472,274437.39,160872.51,0.003472222222222321,5.798,88689.00025051812,2020-08-31/2020-09-06,2020-08,2020
300102.SZ,2020-09-01,5.73,6.1,5.61,6.09,5.78,0.31,5.3633,473960.99,280041.411,0.05363321799307941,5.851999999999999,107279.28839579366,2020-08-31/2020-09-06,2020-09,2020
300102.SZ,2020-09-02,6.1,6.68,6.03,6.41,6.09,0.32,5.2545,759750.95,482722.491,0.05254515599343201,6.008,179370.71996918676,2020-08-31/2020-09-06,2020-09,2020
300102.SZ,2020-09-03,6.31,7.69,6.12,7.3,6.41,0.89,13.8846,1414319.51,999510.255,0.1388455538221529,6.268,455664.05769817316,2020-08-31/2020-09-06,2020-09,2020
300102.SZ,2020-09-04,8.4,8.76,8.25,8.76,7.3,1.46,20.0,785421.61,672242.353,0.19999999999999996,6.868,431472.151789396,2020-08-31/2020-09-06,2020-09,2020
300102.SZ,2020-09-07,10.047999999999993,10.497999999999998,9.655999999999999,10.101999999999999,8.76,1.75,19.9772,121744.92,127953.91,0.15319634703196328,7.7324,475915.59073955147,2020-09-07/2020-09-13,2020-09,2020
300102.SZ,2020-09-08,10.047999999999993,10.497999999999998,9.655999999999999,10.101999999999999,10.51,2.1,19.981,1662812.11,1562066.1213999994,0.0,8.5348,606830.6711747998,2020-09-07/2020-09-13,2020-09,2020
300102.SZ,2020-09-09,10.047999999999993,10.497999999999998,9.655999999999999,10.101999999999999,12.61,-0.98,-7.7716,1721437.3639999991,1562066.1213999994,0.0,9.2732,679929.3653684165,2020-09-07/2020-09-13,2020-09,2020
300102.SZ,2020-09-10,10.047999999999993,10.497999999999998,9.3,9.3,11.63,-2.33,-20.0344,1721437.3639999991,1562066.1213999994,-0.0793902197584635,9.6732,723267.7781258126,2020-09-07/2020-09-13,2020-09,2020
300102.SZ,2020-09-11,8.18,8.99,7.92,8.47,9.3,-0.83,-8.9247,1721437.3639999991,1562066.1213999994,-0.08924731182795698,9.615199999999998,709304.1164227892,2020-09-07/2020-09-13,2020-09,2020
300102.SZ,2020-09-14,8.87,10.16,8.71,10.101999999999999,8.47,1.69,19.9528,1721437.3639999991,1562066.1213999994,0.19268004722550147,9.615199999999998,26218.010628454376,2020-09-14/2020-09-20,2020-09,2020
300102.SZ,2020-09-15,10.047999999999993,10.23,8.88,9.02,10.16,-1.14,-11.2205,1721437.3639999991,1562066.1213999994,-0.10710750346466036,9.3988,0.0,2020-09-14/2020-09-20,2020-09,2020
300102.SZ,2020-09-16,8.95,10.497999999999998,8.95,9.69,9.02,0.67,7.4279,1721437.3639999991,1562066.1213999994,0.07427937915742788,9.3164,0.0,2020-09-14/2020-09-20,2020-09,2020
300102.SZ,2020-09-17,9.35,10.497999999999998,9.12,10.101999999999999,9.69,0.86,8.8751,1721437.3639999991,1562066.1213999994,0.04251805985552104,9.476799999999999,0.0,2020-09-14/2020-09-20,2020-09,2020
300102.SZ,2020-09-18,10.047999999999993,10.497999999999998,9.655999999999999,10.101999999999999,10.55,-0.13,-1.2322,1721437.3639999991,1562066.1213999994,0.0,9.803199999999999,0.0,2020-09-14/2020-09-20,2020-09,2020
300102.SZ,2020-09-21,9.99,10.497999999999998,9.655999999999999,9.99,10.42,-0.43,-4.1267,1428580.88,1444135.707,-0.011086913482478589,9.7808,130969.40117511872,2020-09-21/2020-09-27,2020-09,2020
300102.SZ,2020-09-22,9.55,9.99,9.16,9.75,9.99,-0.24,-2.4024,1204412.97,1158499.687,-0.024024024024024038,9.926799999999998,235530.11320312181,2020-09-21/2020-09-27,2020-09,2020
300102.SZ,2020-09-23,9.65,10.497999999999998,9.65,10.01,9.75,0.26,2.6667,1435009.31,1460604.901,0.026666666666666616,9.990799999999998,220647.63733923278,2020-09-21/2020-09-27,2020-09,2020
300102.SZ,2020-09-24,9.58,9.77,9.04,9.07,10.01,-0.94,-9.3906,1197390.18,1120726.228,-0.09390609390609383,9.7844,214845.78007069824,2020-09-21/2020-09-27,2020-09,2020
300102.SZ,2020-09-25,9.12,9.17,8.4,8.57,9.07,-0.5,-5.5127,1020345.6,884461.87,-0.055126791620727644,9.478,175678.13966584014,2020-09-21/2020-09-27,2020-09,2020
300102.SZ,2020-09-28,8.58,8.65,8.14,8.29,8.57,-0.28,-3.2672,700727.17,584855.248,-0.03267211201866993,9.138,272814.78584218555,2020-09-28/2020-10-04,2020-09,2020
300102.SZ,2020-09-29,8.5,8.8,8.21,8.44,8.29,0.15,1.8094,842615.43,717652.179,0.018094089264173663,8.876000000000001,289505.60426477826,2020-09-28/2020-10-04,2020-09,2020
300102.SZ,2020-09-30,8.54,9.12,8.28,8.82,8.44,0.38,4.5024,1147034.04,1000826.07,0.04502369668246464,8.638000000000002,208351.44569762345,2020-09-28/2020-10-04,2020-09,2020
300102.SZ,2020-10-09,9.14,9.55,8.83,9.3,8.82,0.48,5.4422,1256515.12,1152246.824,0.054421768707483054,8.684000000000001,224695.5777719259,2020-10-05/2020-10-11,2020-10,2020
300102.SZ,2020-10-12,9.08,10.47,9.01,10.09,9.3,0.79,8.4946,1721437.3639999991,1562066.1213999994,0.08494623655913958,8.988,397772.62724312063,2020-10-12/2020-10-18,2020-10,2020
300102.SZ,2020-10-13,9.78,10.497999999999998,9.62,10.101999999999999,10.09,0.28,2.775,1721437.3639999991,1562066.1213999994,0.0011892963330029094,9.3504,381628.7120297614,2020-10-12/2020-10-18,2020-10,2020
300102.SZ,2020-10-14,10.047999999999993,10.497999999999998,9.655999999999999,10.101999999999999,10.37,0.0,0.0,1502049.91,1558740.079,0.0,9.682799999999999,263320.6373465504,2020-10-12/2020-10-18,2020-10,2020
300102.SZ,2020-10-15,10.047999999999993,10.19,9.51,9.52,10.37,-0.85,-8.1967,1209669.96,1188919.721,-0.05761235398930897,9.822799999999999,244984.35508709284,2020-10-12/2020-10-18,2020-10,2020
300102.SZ,2020-10-16,9.52,9.79,9.33,9.5,9.52,-0.02,-0.2101,759213.14,727327.856,-0.0021008403361344463,9.8628,406941.5329475699,2020-10-12/2020-10-18,2020-10,2020
300102.SZ,2020-10-19,9.62,9.84,9.42,9.54,9.5,0.04,0.4211,779768.62,750744.8,0.004210526315789442,9.752799999999999,428356.394368923,2020-10-19/2020-10-25,2020-10,2020
300102.SZ,2020-10-20,9.42,9.75,9.01,9.68,9.54,0.14,1.4675,825577.69,778413.689,0.014675052410901612,9.6684,328540.41312925995,2020-10-19/2020-10-25,2020-10,2020
300102.SZ,2020-10-21,9.65,9.67,8.93,9.02,9.68,-0.66,-6.8182,830915.94,769114.461,-0.06818181818181823,9.452,186201.37986751238,2020-10-19/2020-10-25,2020-10,2020
300102.SZ,2020-10-22,8.8,9.91,8.56,9.27,9.02,0.25,2.7716,1133683.36,1051845.944,0.027716186252771724,9.402,152773.01664377993,2020-10-19/2020-10-25,2020-10,2020
300102.SZ,2020-10-23,9.27,9.37,8.82,8.85,9.27,-0.42,-4.5307,735248.96,667917.591,-0.04530744336569581,9.272,157263.99708690494,2020-10-19/2020-10-25,2020-10,2020
300102.SZ,2020-10-26,8.79,9.09,8.59,8.9,8.85,0.05,0.565,473532.07,421735.63,0.005649717514124353,9.144,236499.67635697383,2020-10-26/2020-11-01,2020-10,2020
300102.SZ,2020-10-27,8.97,9.24,8.49,8.52,8.9,-0.38,-4.2697,750923.56,662368.382,-0.04269662921348327,8.911999999999999,236821.08401480463,2020-10-26/2020-11-01,2020-10,2020
300102.SZ,2020-10-28,8.4,8.55,8.2,8.4,8.52,-0.12,-1.4085,611693.56,511686.568,-0.014084507042253391,8.788,246267.64931687075,2020-10-26/2020-11-01,2020-10,2020
300102.SZ,2020-10-29,8.18,8.61,8.11,8.22,8.4,-0.18,-2.1429,618363.96,518553.036,-0.021428571428571352,8.578,112178.85513396266,2020-10-26/2020-11-01,2020-10,2020
300102.SZ,2020-10-30,8.35,8.57,7.74,7.74,8.22,-0.48,-5.8394,839661.0,683920.812,-0.058394160583941646,8.356,140868.50381585542,2020-10-26/2020-11-01,2020-10,2020
300102.SZ,2020-11-02,7.58,7.93,7.56,7.62,7.74,-0.12,-1.5504,576356.33,443553.707,-0.015503875968992276,8.1,111497.49535190646,2020-11-02/2020-11-08,2020-11,2020
300102.SZ,2020-11-03,7.7,8.7,7.7,8.48,7.62,0.86,11.2861,1267049.96,1049376.942,0.11286089238845154,8.092000000000002,290114.9159526791,2020-11-02/2020-11-08,2020-11,2020
300102.SZ,2020-11-04,8.4,8.89,8.24,8.48,8.48,0.0,0.0,1248003.29,1065993.437,0.0,8.108,332809.2874743643,2020-11-02/2020-11-08,2020-11,2020
300102.SZ,2020-11-05,8.61,8.84,8.44,8.56,8.48,0.08,0.9434,944248.96,814547.471,0.009433962264151052,8.176,290690.12800524215,2020-11-02/2020-11-08,2020-11,2020
300102.SZ,2020-11-06,8.5,8.67,8.3,8.36,8.56,-0.2,-2.3364,709563.0,602458.257,-0.02336448598130858,8.3,310956.061531201,2020-11-02/2020-11-08,2020-11,2020
300102.SZ,2020-11-09,8.5,9.27,8.41,9.19,8.36,0.83,9.9282,1333295.26,1190109.088,0.09928229665071764,8.614,265016.90758763556,2020-11-09/2020-11-15,2020-11,2020
300102.SZ,2020-11-10,9.13,9.79,8.83,9.3,9.19,0.11,1.197,1454560.42,1355054.444,0.011969532100108982,8.778,304774.16586406215,2020-11-09/2020-11-15,2020-11,2020
300102.SZ,2020-11-11,9.1,9.27,8.8,8.92,9.3,-0.38,-4.086,806875.02,725696.539,-0.04086021505376347,8.866,327915.881870318,2020-11-09/2020-11-15,2020-11,2020
300102.SZ,2020-11-12,9.1,9.12,8.44,8.6,8.92,-0.32,-3.5874,682754.0,593532.766,-0.0358744394618834,8.873999999999999,367414.3732691295,2020-11-09/2020-11-15,2020-11,2020
300102.SZ,2020-11-13,8.62,8.64,8.08,8.19,8.6,-0.41,-4.7674,602504.0,500814.553,-0.04767441860465116,8.84,390760.7054757133,2020-11-09/2020-11-15,2020-11,2020
300102.SZ,2020-11-16,8.19,8.29,7.84,7.95,8.19,-0.24,-2.9304,488307.89,390884.747,-0.0293040293040292,8.592,380182.4748323089,2020-11-16/2020-11-22,2020-11,2020
300102.SZ,2020-11-17,7.94,7.95,7.57,7.76,7.95,-0.19,-2.3899,526738.02,405085.881,-0.023899371069182385,8.283999999999999,127668.27030882117,2020-11-16/2020-11-22,2020-11,2020
300102.SZ,2020-11-18,7.9,8.2,7.81,8.08,7.76,0.32,4.1237,728550.89,583683.588,0.04123711340206193,8.116,101311.09404324574,2020-11-16/2020-11-22,2020-11,2020
300102.SZ,2020-11-19,8.0,8.3,7.82,8.23,8.08,0.15,1.8564,727076.0,591112.174,0.018564356435643692,8.042,111188.33959763673,2020-11-16/2020-11-22,2020-11,2020
300102.SZ,2020-11-20,8.1,8.2,7.87,7.87,8.23,-0.36,-4.3742,564161.0,449061.666,-0.04374240583232081,7.978,113531.75925933405,2020-11-16/2020-11-22,2020-11,2020
300102.SZ,2020-11-23,7.88,8.07,7.66,7.89,7.87,0.02,0.2541,488351.74,385836.137,0.0025412960609909607,7.965999999999999,113520.30280685096,2020-11-23/2020-11-29,2020-11,2020
300102.SZ,2020-11-24,7.82,8.03,7.71,7.81,7.89,-0.08,-1.0139,487059.89,382980.743,-0.010139416983523497,7.976000000000001,121628.80878207539,2020-11-23/2020-11-29,2020-11,2020
300102.SZ,2020-11-25,7.65,7.71,7.35,7.35,7.81,-0.46,-5.8899,620515.0,468523.423,-0.05889884763124198,7.83,100657.83880414524,2020-11-23/2020-11-29,2020-11,2020
300102.SZ,2020-11-26,7.26,7.69,7.25,7.47,7.35,0.12,1.6327,556777.0,417307.079,0.01632653061224487,7.678,56482.74456378916,2020-11-23/2020-11-29,2020-11,2020
300102.SZ,2020-11-27,7.4,7.47,7.09,7.18,7.47,-0.29,-3.8822,545587.0,396132.218,-0.038821954484605126,7.539999999999999,55373.64251537233,2020-11-23/2020-11-29,2020-11,2020
300102.SZ,2020-11-30,7.19,7.29,6.98,7.1,7.18,-0.08,-1.1142,419826.0,301361.816,-0.011142061281337101,7.382,75916.399595987,2020-11-30/2020-12-06,2020-11,2020
300102.SZ,2020-12-01,7.17,7.45,7.11,7.4,7.1,0.3,4.2254,517965.0,379171.91,0.04225352112676073,7.3,73166.435686045,2020-11-30/2020-12-06,2020-12,2020
300102.SZ,2020-12-02,7.37,7.88,7.35,7.6,7.4,0.2,2.7027,795177.04,605325.857,0.027027027027026973,7.35,138466.94852206617,2020-11-30/2020-12-06,2020-12,2020
300102.SZ,2020-12-03,7.69,7.97,7.57,7.59,7.6,-0.01,-0.1316,737677.04,572628.006,-0.001315789473684159,7.3740000000000006,157440.09517281398,2020-11-30/2020-12-06,2020-12,2020
300102.SZ,2020-12-04,7.45,7.76,7.38,7.47,7.59,-0.12,-1.581,472935.0,355596.257,-0.015810276679841917,7.432,167145.3922022402,2020-11-30/2020-12-06,2020-12,2020
300102.SZ,2020-12-07,7.56,7.68,7.18,7.23,7.47,-0.24,-3.2129,467943.3,345311.42,-0.032128514056224855,7.458,156004.3950113596,2020-12-07/2020-12-13,2020-12,2020
300102.SZ,2020-12-08,7.19,7.29,7.12,7.15,7.23,-0.08,-1.1065,321283.0,230718.188,-0.011065006915629283,7.4079999999999995,199945.59117914125,2020-12-07/2020-12-13,2020-12,2020
300102.SZ,2020-12-09,7.2,7.2,6.75,6.76,7.15,-0.39,-5.4545,475091.26,329915.7,-0.054545454545454675,7.24,150569.77453095277,2020-12-07/2020-12-13,2020-12,2020
300102.SZ,2020-12-10,6.75,6.9,6.61,6.82,6.76,0.06,0.8876,347361.76,235450.379,0.00887573964497057,7.086,76009.43582503921,2020-12-07/2020-12-13,2020-12,2020
300102.SZ,2020-12-11,6.82,6.89,6.56,6.8,6.82,-0.02,-0.2933,431778.0,289746.558,-0.0029325513196482023,6.952000000000001,70452.5962868988,2020-12-07/2020-12-13,2020-12,2020
300102.SZ,2020-12-14,6.77,7.12,6.66,6.97,6.8,0.17,2.5,472844.0,326754.819,0.02499999999999991,6.9,71509.15628089418,2020-12-14/2020-12-20,2020-12,2020
300102.SZ,2020-12-15,7.0,7.18,6.72,6.74,6.97,-0.23,-3.2999,441751.38,306029.691,-0.03299856527977041,6.818,51885.15761563696,2020-12-14/2020-12-20,2020-12,2020
300102.SZ,2020-12-16,6.63,6.74,6.44,6.5,6.74,-0.24,-3.5608,409759.02,269249.055,-0.035608308605341255,6.766,46859.04902668638,2020-12-14/2020-12-20,2020-12,2020
300102.SZ,2020-12-17,6.54,6.68,6.28,6.63,6.5,0.13,2.0,407429.0,265228.924,0.020000000000000018,6.728,26735.882023383674,2020-12-14/2020-12-20,2020-12,2020
300102.SZ,2020-12-18,6.72,6.8,6.52,6.53,6.63,-0.1,-1.5083,329086.28,217845.541,-0.015082956259426794,6.6739999999999995,53590.07994919162,2020-12-14/2020-12-20,2020-12,2020
300102.SZ,2020-12-21,6.44,6.83,6.42,6.69,6.53,0.16,2.4502,445175.88,297373.981,0.024502297090352343,6.618,46751.34582285075,2020-12-21/2020-12-27,2020-12,2020
300102.SZ,2020-12-22,6.62,6.65,6.24,6.29,6.69,-0.4,-5.9791,446910.02,287827.757,-0.05979073243647237,6.5280000000000005,47765.81758424601,2020-12-21/2020-12-27,2020-12,2020
300102.SZ,2020-12-23,6.38,6.53,6.31,6.43,6.29,0.14,2.2258,417672.0,267969.818,0.022257551669316422,6.514,47982.84584607031,2020-12-21/2020-12-27,2020-12,2020
300102.SZ,2020-12-24,6.39,6.48,6.13,6.16,6.43,-0.27,-4.1991,348572.0,218228.783,-0.0419906687402799,6.42,55216.9223545983,2020-12-21/2020-12-27,2020-12,2020
300102.SZ,2020-12-25,6.2,6.27,6.04,6.08,6.16,-0.08,-1.2987,324472.01,199330.395,-0.012987012987012991,6.33,56665.4023450057,2020-12-21/2020-12-27,2020-12,2020
300102.SZ,2020-12-28,6.01,6.07,5.83,5.9,6.08,-0.18,-2.9605,403038.65,237923.525,-0.02960526315789469,6.172000000000001,50416.42433712134,2020-12-28/2021-01-03,2020-12,2020
300102.SZ,2020-12-29,5.97,6.13,5.88,5.89,5.9,-0.01,-0.1695,354132.89,212716.505,-0.0016949152542373724,6.0920000000000005,39201.40853979084,2020-12-28/2021-01-03,2020-12,2020
300102.SZ,2020-12-30,6.06,6.22,5.89,5.91,5.89,0.02,0.3396,398962.78,240334.779,0.00339558573853993,5.9879999999999995,34012.53029408962,2020-12-28/2021-01-03,2020-12,2020
300102.SZ,2020-12-31,5.86,6.07,5.78,5.98,5.91,0.07,1.1844,350083.0,208703.204,0.011844331641285955,5.952,33827.00314162289,2020-12-28/2021-01-03,2020-12,2020
300102.SZ,2021-01-04,6.04,6.12,5.95,6.12,5.98,0.14,2.3411,376537.02,228002.884,0.02341137123745818,5.96,24530.64593837903,2021-01-04/2021-01-10,2021-01,2021
300102.SZ,2021-01-05,6.06,6.34,5.99,6.32,6.12,0.2,3.268,646157.04,398742.389,0.03267973856209161,6.044,125071.56494842487,2021-01-04/2021-01-10,2021-01,2021
300102.SZ,2021-01-06,6.27,6.27,5.86,5.88,6.32,-0.44,-6.962,515936.12,310583.926,-0.069620253164557,6.042,123010.44144161187,2021-01-04/2021-01-10,2021-01,2021
300102.SZ,2021-01-07,5.8,5.84,5.35,5.46,5.88,-0.42,-7.1429,553590.02,306547.618,-0.0714285714285714,5.952,124036.44694126127,2021-01-04/2021-01-10,2021-01,2021
300102.SZ,2021-01-08,5.44,5.7,5.26,5.54,5.46,0.08,1.4652,443158.0,245854.305,0.0146520146520146,5.864,103333.83702017617,2021-01-04/2021-01-10,2021-01,2021
300102.SZ,2021-01-11,5.59,5.77,5.44,5.54,5.54,0.0,0.0,361111.5,202819.646,0.0,5.748,108315.66947380055,2021-01-11/2021-01-17,2021-01,2021
300102.SZ,2021-01-12,5.44,5.62,5.34,5.39,5.54,-0.15,-2.7076,314380.08,171614.739,-0.027075812274368283,5.562,100815.12404124672,2021-01-11/2021-01-17,2021-01,2021
300102.SZ,2021-01-13,5.41,5.44,5.11,5.14,5.39,-0.25,-4.6382,380659.7,198211.343,-0.04638218923933213,5.414,92344.42776455039,2021-01-11/2021-01-17,2021-01,2021
300102.SZ,2021-01-14,5.14,5.34,4.96,5.23,5.14,0.09,1.751,379220.02,196716.313,0.017509727626459304,5.368,46261.559847915225,2021-01-11/2021-01-17,2021-01,2021
300102.SZ,2021-01-15,5.18,5.39,5.15,5.34,5.23,0.11,2.1033,311645.04,164763.967,0.021032504780114536,5.327999999999999,34115.221738797874,2021-01-11/2021-01-17,2021-01,2021
300102.SZ,2021-01-18,5.35,5.75,5.33,5.62,5.34,0.28,5.2434,517576.96,287268.473,0.05243445692883908,5.343999999999999,83523.07071536013,2021-01-18/2021-01-24,2021-01,2021
300102.SZ,2021-01-19,5.6,6.08,5.56,5.97,5.62,0.35,6.2278,810007.28,473511.205,0.06227758007117434,5.459999999999999,199176.53358838012,2021-01-18/2021-01-24,2021-01,2021
300102.SZ,2021-01-20,6.06,6.06,5.75,5.79,5.97,-0.18,-3.0151,493394.0,288428.138,-0.03015075376884413,5.590000000000001,191372.96320683893,2021-01-18/2021-01-24,2021-01,2021
300102.SZ,2021-01-21,5.73,5.98,5.73,5.78,5.79,-0.01,-0.1727,377310.92,220399.186,-0.0017271157167529916,5.7,191681.74538395702,2021-01-18/2021-01-24,2021-01,2021
300102.SZ,2021-01-22,5.81,5.92,5.56,5.66,5.78,-0.12,-2.0761,488404.01,278321.806,-0.02076124567474047,5.764,161766.27568983383,2021-01-18/2021-01-24,2021-01,2021
300102.SZ,2021-01-25,5.6,5.65,5.27,5.28,5.66,-0.38,-6.7138,444518.84,239342.728,-0.06713780918727918,5.696,167205.56541393182,2021-01-25/2021-01-31,2021-01,2021
300102.SZ,2021-01-26,5.35,5.53,5.06,5.11,5.28,-0.17,-3.2197,395953.0,207694.45,-0.032196969696969724,5.524,52641.027593773964,2021-01-25/2021-01-31,2021-01,2021
300102.SZ,2021-01-27,5.07,5.16,4.98,5.0,5.11,-0.11,-2.1526,302237.02,152563.506,-0.021526418786692814,5.366,70483.64503585207,2021-01-25/2021-01-31,2021-01,2021
300102.SZ,2021-01-28,5.0,5.22,4.98,5.04,5.0,0.04,0.8,363559.74,185704.455,0.008000000000000007,5.218000000000001,71925.98782521441,2021-01-25/2021-01-31,2021-01,2021
300102.SZ,2021-01-29,5.07,5.1,4.68,4.78,5.04,-0.26,-5.1587,363787.46,175580.47,-0.051587301587301515,5.042,52004.95331216225,2021-01-25/2021-01-31,2021-01,2021
300102.SZ,2021-02-01,4.75,4.84,4.6,4.71,4.78,-0.07,-1.4644,269421.08,126673.097,-0.014644351464435212,4.928,51609.07301576954,2021-02-01/2021-02-07,2021-02,2021
300102.SZ,2021-02-02,4.71,4.79,4.58,4.7,4.71,-0.01,-0.2123,198546.68,93229.162,-0.002123142250530785,4.846,69534.76250697262,2021-02-01/2021-02-07,2021-02,2021
300102.SZ,2021-02-03,4.7,4.7,4.53,4.54,4.7,-0.16,-3.4043,197466.02,90680.882,-0.03404255319148941,4.7540000000000004,82991.80756887436,2021-02-01/2021-02-07,2021-02,2021
300102.SZ,2021-02-04,4.55,4.58,4.33,4.58,4.54,0.04,0.8811,276351.63,123091.347,0.008810572687224738,4.662000000000001,68572.52952700928,2021-02-01/2021-02-07,2021-02,2021
300102.SZ,2021-02-05,4.55,4.69,4.28,4.29,4.58,-0.29,-6.3319,275180.0,122781.485,-0.0633187772925764,4.564,41516.94087475721,2021-02-01/2021-02-07,2021-02,2021
300102.SZ,2021-02-08,4.32,4.38,4.17,4.18,4.29,-0.11,-2.5641,216041.86,92243.778,-0.02564102564102566,4.458,39985.59102300451,2021-02-08/2021-02-14,2021-02,2021
300102.SZ,2021-02-09,4.22,4.28,4.16,4.24,4.18,0.06,1.4354,248159.54,104953.979,0.014354066985646119,4.3660000000000005,35263.08423616638,2021-02-08/2021-02-14,2021-02,2021
300102.SZ,2021-02-10,4.33,4.42,4.24,4.25,4.24,0.01,0.2358,247395.5,106505.413,0.002358490566037652,4.308,24785.555920665814,2021-02-08/2021-02-14,2021-02,2021
300102.SZ,2021-02-18,4.31,4.58,4.31,4.5,4.25,0.25,5.8824,341757.08,152821.091,0.05882352941176472,4.292,47389.880018627,2021-02-15/2021-02-21,2021-02,2021
300102.SZ,2021-02-19,4.53,4.89,4.49,4.86,4.5,0.36,8.0,412659.22,195335.106,0.08000000000000007,4.406000000000001,81713.47662994155,2021-02-15/2021-02-21,2021-02,2021
300102.SZ,2021-02-22,4.88,5.19,4.88,4.97,4.86,0.11,2.2634,499450.34,251323.48,0.02263374485596703,4.564,108660.73753857429,2021-02-22/2021-02-28,2021-02,2021
300102.SZ,2021-02-23,4.97,5.03,4.81,4.85,4.97,-0.12,-2.4145,297594.97,145750.424,-0.024144869215291798,4.686,98901.58600509283,2021-02-22/2021-02-28,2021-02,2021
300102.SZ,2021-02-24,4.9,5.82,4.89,5.82,4.85,0.97,20.0,458096.86,249613.184,0.20000000000000018,5.0,82593.32017279464,2021-02-22/2021-02-28,2021-02,2021
300102.SZ,2021-02-25,6.25,6.58,5.85,6.04,5.82,0.22,3.7801,1626047.87,1002796.969,0.03780068728522323,5.308,545961.7338466389,2021-02-22/2021-02-28,2021-02,2021
300102.SZ,2021-02-26,5.69,6.28,5.69,5.79,6.04,-0.25,-4.1391,899632.91,537247.353,-0.04139072847682124,5.494,534395.161344707,2021-02-22/2021-02-28,2021-02,2021
300102.SZ,2021-03-01,5.91,6.17,5.88,5.96,5.79,0.17,2.9361,720560.38,432787.916,0.029360967184801412,5.692,516696.3028543565,2021-03-01/2021-03-07,2021-03,2021
300102.SZ,2021-03-02,6.06,6.3,5.73,6.2,5.96,0.24,4.0268,897726.79,547225.721,0.04026845637583887,5.962,433746.56455407455,2021-03-01/2021-03-07,2021-03,2021
300102.SZ,2021-03-03,6.1,6.15,5.87,6.08,6.2,-0.12,-1.9355,695352.0,415852.854,-0.01935483870967747,6.014,380198.1678041253,2021-03-01/2021-03-07,2021-03,2021
300102.SZ,2021-03-04,6.0,6.24,5.9,6.12,6.08,0.04,0.6579,691330.8,421143.612,0.006578947368421018,6.029999999999999,108083.26916814965,2021-03-01/2021-03-07,2021-03,2021
300102.SZ,2021-03-05,6.02,6.87,6.0,6.38,6.12,0.26,4.2484,1116974.75,724393.687,0.042483660130719025,6.148000000000001,184472.4009387831,2021-03-01/2021-03-07,2021-03,2021
300102.SZ,2021-03-08,6.26,6.64,6.18,6.43,6.38,0.05,0.7837,833921.96,537300.55,0.00783699059561127,6.242,175257.38569330794,2021-03-08/2021-03-14,2021-03,2021
300102.SZ,2021-03-09,6.33,6.4,5.8,5.83,6.43,-0.6,-9.3313,786587.15,471843.416,-0.09331259720062202,6.168,174270.1373546661,2021-03-08/2021-03-14,2021-03,2021
300102.SZ,2021-03-10,5.98,6.06,5.7,5.7,5.83,-0.13,-2.2298,525063.0,306728.354,-0.022298456260720356,6.0920000000000005,217242.65867984615,2021-03-08/2021-03-14,2021-03,2021
300102.SZ,2021-03-11,5.71,6.84,5.44,6.84,5.7,1.14,20.0,1096506.26,689700.305,0.19999999999999996,6.236,244707.01034337416,2021-03-08/2021-03-14,2021-03,2021
300102.SZ,2021-03-12,6.95,7.39,6.59,6.72,6.84,-0.12,-1.7544,1721437.3639999991,1196781.117,-0.01754385964912286,6.304,455030.5544536843,2021-03-08/2021-03-14,2021-03,2021
300102.SZ,2021-03-15,6.77,7.21,6.6,6.83,6.72,0.11,1.6369,1105007.44,759989.663,0.016369047619047672,6.3839999999999995,447469.1451491038,2021-03-15/2021-03-21,2021-03,2021
300102.SZ,2021-03-16,6.73,7.14,6.51,6.88,6.83,0.05,0.7321,1048773.35,713433.652,0.007320644216691097,6.593999999999999,424086.17566105374,2021-03-15/2021-03-21,2021-03,2021
300102.SZ,2021-03-17,6.73,7.6,6.67,7.15,6.88,0.27,3.9244,1314159.96,949068.123,0.03924418604651159,6.884,278920.90560218075,2021-03-15/2021-03-21,2021-03,2021
300102.SZ,2021-03-18,7.02,7.1,6.71,6.75,7.15,-0.4,-5.5944,884744.97,606498.376,-0.05594405594405594,6.866,322144.91878346296,2021-03-15/2021-03-21,2021-03,2021
300102.SZ,2021-03-19,6.65,6.93,6.62,6.62,6.75,-0.13,-1.9259,642368.37,433374.56,-0.019259259259259198,6.845999999999999,251635.1996961039,2021-03-15/2021-03-21,2021-03,2021
300102.SZ,2021-03-22,6.63,6.92,6.42,6.81,6.62,0.19,2.8701,791615.02,526931.23,0.028700906344410804,6.8420000000000005,257592.63686795603,2021-03-22/2021-03-28,2021-03,2021
300102.SZ,2021-03-23,6.75,7.29,6.68,6.91,6.81,0.1,1.4684,960695.91,677572.232,0.01468428781204123,6.847999999999999,250905.8294178073,2021-03-22/2021-03-28,2021-03,2021
300102.SZ,2021-03-24,6.68,6.84,6.46,6.55,6.91,-0.36,-5.2098,674056.17,446979.304,-0.05209840810419686,6.728,135417.83350027958,2021-03-22/2021-03-28,2021-03,2021
300102.SZ,2021-03-25,6.49,6.55,6.03,6.1,6.55,-0.45,-6.8702,663166.5,412334.435,-0.06870229007633588,6.598000000000001,133183.29329924338,2021-03-22/2021-03-28,2021-03,2021
300102.SZ,2021-03-26,6.15,6.37,6.04,6.27,6.1,0.17,2.7869,523272.0,323649.196,0.02786885245901649,6.5280000000000005,163610.2256304418,2021-03-22/2021-03-28,2021-03,2021
300102.SZ,2021-03-29,6.29,6.59,6.29,6.35,6.27,0.08,1.2759,522137.02,334887.542,0.012759170653907415,6.436,178851.14200234783,2021-03-29/2021-04-04,2021-03,2021
300102.SZ,2021-03-30,6.34,6.65,6.17,6.46,6.35,0.11,1.7323,591729.76,379177.259,0.017322834645669305,6.345999999999999,73077.15528165508,2021-03-29/2021-04-04,2021-03,2021
300102.SZ,2021-03-31,6.39,6.44,6.12,6.16,6.46,-0.3,-4.644,413154.76,258744.686,-0.04643962848297212,6.267999999999999,92868.65349202215,2021-03-29/2021-04-04,2021-03,2021
300102.SZ,2021-04-01,6.25,6.79,6.15,6.46,6.16,0.3,4.8701,777909.5,507182.767,0.04870129870129869,6.34,134794.5856813222,2021-03-29/2021-04-04,2021-04,2021
300102.SZ,2021-04-02,6.46,7.05,6.46,6.88,6.46,0.42,6.5015,951206.44,652952.691,0.06501547987616108,6.462000000000001,213844.95328997684,2021-03-29/2021-04-04,2021-04,2021
300102.SZ,2021-04-06,6.91,7.06,6.73,6.76,6.88,-0.12,-1.7442,679062.02,464218.238,-0.01744186046511631,6.544,201310.68948131497,2021-04-05/2021-04-11,2021-04,2021
300102.SZ,2021-04-07,6.73,6.99,6.6,6.89,6.76,0.13,1.9231,635642.14,432920.977,0.019230769230769162,6.63,197271.9303488448,2021-04-05/2021-04-11,2021-04,2021
300102.SZ,2021-04-08,6.81,6.89,6.45,6.48,6.89,-0.41,-5.9507,635332.29,422414.729,-0.05950653120464433,6.694,133713.96316960143,2021-04-05/2021-04-11,2021-04,2021
300102.SZ,2021-04-09,6.43,6.58,6.24,6.25,6.48,-0.23,-3.5494,442925.06,281672.694,-0.035493827160493874,6.651999999999999,182412.80148261334,2021-04-05/2021-04-11,2021-04,2021
300102.SZ,2021-04-12,6.27,6.33,6.07,6.08,6.25,-0.17,-2.72,339557.0,209549.868,-0.027200000000000002,6.492,147447.75294437635,2021-04-12/2021-04-18,2021-04,2021
300102.SZ,2021-04-13,6.08,6.2,6.0,6.17,6.08,0.09,1.4803,298030.0,181833.757,0.014802631578947345,6.3740000000000006,159760.56479535435,2021-04-12/2021-04-18,2021-04,2021
300102.SZ,2021-04-14,6.17,6.38,6.08,6.28,6.17,0.11,1.7828,328347.0,204550.591,0.017828200972447306,6.252,137857.41000004494,2021-04-12/2021-04-18,2021-04,2021
300102.SZ,2021-04-15,6.23,6.24,6.07,6.09,6.28,-0.19,-3.0255,245673.76,150456.861,-0.030254777070063743,6.1739999999999995,72413.78355518545,2021-04-12/2021-04-18,2021-04,2021
300102.SZ,2021-04-16,6.13,6.27,6.07,6.17,6.09,0.08,1.3136,272569.0,168030.147,0.013136288998357948,6.1579999999999995,38813.38263639275,2021-04-12/2021-04-18,2021-04,2021
300102.SZ,2021-04-19,6.18,6.34,6.13,6.26,6.17,0.09,1.4587,326618.28,204545.826,0.014586709886547755,6.194,35546.85704842877,2021-04-19/2021-04-25,2021-04,2021
300102.SZ,2021-04-20,6.28,6.65,6.18,6.41,6.26,0.15,2.3962,618668.01,398780.895,0.02396166134185318,6.242,149772.21057103184,2021-04-19/2021-04-25,2021-04,2021
300102.SZ,2021-04-21,6.3,6.36,6.12,6.12,6.41,-0.29,-4.5242,420432.76,260798.746,-0.04524180967238689,6.209999999999999,150814.74473221856,2021-04-19/2021-04-25,2021-04,2021
300102.SZ,2021-04-22,6.15,6.41,6.1,6.23,6.12,0.11,1.7974,429865.11,270009.315,0.017973856209150485,6.238,132117.07594161495,2021-04-19/2021-04-25,2021-04,2021
300102.SZ,2021-04-23,6.16,6.24,6.01,6.06,6.23,-0.17,-2.7287,359500.26,219482.335,-0.027287319422151013,6.215999999999999,113291.64949232504,2021-04-19/2021-04-25,2021-04,2021
300102.SZ,2021-04-26,6.18,6.81,6.14,6.57,6.06,0.51,8.4158,932248.01,606922.389,0.08415841584158423,6.2780000000000005,233621.5371925673,2021-04-26/2021-05-02,2021-04,2021
300102.SZ,2021-04-27,6.62,6.89,6.51,6.67,6.57,0.1,1.5221,832503.79,557050.227,0.01522070015220689,6.33,266152.0292602145,2021-04-26/2021-05-02,2021-04,2021
300102.SZ,2021-04-28,6.7,6.8,6.51,6.71,6.67,0.04,0.5997,628364.17,418389.445,0.0059970014992503096,6.448,247677.91408341884,2021-04-26/2021-05-02,2021-04,2021
300102.SZ,2021-04-29,6.72,7.27,6.72,6.99,6.71,0.28,4.1729,1050446.31,739102.255,0.04172876304023854,6.6,272493.75825674756,2021-04-26/2021-05-02,2021-04,2021
300102.SZ,2021-04-30,6.91,7.16,6.87,6.93,6.99,-0.06,-0.8584,695894.46,487157.422,-0.008583690987124526,6.773999999999999,171520.0949146603,2021-04-26/2021-05-02,2021-04,2021
300102.SZ,2021-05-06,6.87,7.2,6.63,7.14,6.93,0.21,3.0303,789631.86,553647.114,0.030303030303030276,6.888,161386.31765751672,2021-05-03/2021-05-09,2021-05,2021
300102.SZ,2021-05-07,7.2,7.27,6.72,6.76,7.14,-0.38,-5.3221,709256.29,490373.459,-0.053221288515406195,6.906000000000001,164443.2680619455,2021-05-03/2021-05-09,2021-05,2021
300102.SZ,2021-05-10,6.76,6.96,6.58,6.76,6.76,0.0,0.0,545169.78,368622.335,0.0,6.9159999999999995,185778.85840148933,2021-05-10/2021-05-16,2021-05,2021
300102.SZ,2021-05-11,6.68,6.82,6.55,6.82,6.76,0.06,0.8876,463067.0,310216.331,0.00887573964497057,6.882,132859.46678856705,2021-05-10/2021-05-16,2021-05,2021
300102.SZ,2021-05-12,6.74,7.6,6.57,7.5,6.82,0.68,9.9707,1143066.26,825619.638,0.0997067448680351,6.996,264587.14291587233,2021-05-10/2021-05-16,2021-05,2021
300102.SZ,2021-05-13,7.32,7.88,7.28,7.48,7.5,-0.02,-0.2667,1208939.99,919335.233,-0.002666666666666595,7.064,343022.2483652877,2021-05-10/2021-05-16,2021-05,2021
300102.SZ,2021-05-14,7.47,7.66,7.36,7.44,7.48,-0.04,-0.5348,822591.07,615218.923,-0.005347593582887722,7.2,338087.7683771701,2021-05-10/2021-05-16,2021-05,2021
300102.SZ,2021-05-17,7.8,8.46,7.42,7.45,7.44,0.01,0.1344,1184798.56,929196.042,0.0013440860215052641,7.337999999999999,320835.4216287647,2021-05-17/2021-05-23,2021-05,2021
300102.SZ,2021-05-18,7.16,7.41,7.11,7.18,7.45,-0.27,-3.6242,781530.81,564076.58,-0.03624161073825505,7.409999999999999,208269.67553018423,2021-05-17/2021-05-23,2021-05,2021
300102.SZ,2021-05-19,7.2,7.47,7.06,7.29,7.18,0.11,1.532,733130.14,532459.989,0.01532033426183843,7.368,231168.47217609006,2021-05-17/2021-05-23,2021-05,2021
300102.SZ,2021-05-20,7.16,7.36,7.06,7.17,7.29,-0.12,-1.6461,559110.02,402608.939,-0.016460905349794275,7.306,229185.26962013933,2021-05-17/2021-05-23,2021-05,2021
300102.SZ,2021-05-21,7.25,7.55,7.13,7.55,7.17,0.38,5.2999,799162.21,593433.938,0.05299860529986056,7.328,229262.24859838432,2021-05-17/2021-05-23,2021-05,2021
300102.SZ,2021-05-24,7.5,8.05,7.4,7.9,7.55,0.35,4.6358,881081.06,682241.639,0.04635761589403975,7.418000000000001,119701.41287629954,2021-05-24/2021-05-30,2021-05,2021
300102.SZ,2021-05-25,7.89,8.09,7.65,7.93,7.9,0.03,0.3797,753745.0,591467.296,0.0037974683544304,7.5680000000000005,118557.74051129658,2021-05-24/2021-05-30,2021-05,2021
300102.SZ,2021-05-26,7.93,8.02,7.69,7.7,7.93,-0.23,-2.9004,610859.75,476165.38,-0.029003783102143688,7.65,133366.53911883524,2021-05-24/2021-05-30,2021-05,2021
300102.SZ,2021-05-27,7.7,8.4,7.66,8.16,7.7,0.46,5.974,1111672.96,902451.9,0.05974025974025965,7.847999999999999,184884.2002017756,2021-05-24/2021-05-30,2021-05,2021
300102.SZ,2021-05-28,8.05,8.21,7.95,8.05,8.16,-0.11,-1.348,789269.43,635960.531,-0.013480392156862697,7.948,185366.4686549497,2021-05-24/2021-05-30,2021-05,2021
300102.SZ,2021-05-31,8.11,8.26,7.97,8.13,8.05,0.08,0.9938,648185.84,524346.95,0.009937888198757738,7.994,197944.35944939152,2021-05-31/2021-06-06,2021-05,2021
300102.SZ,2021-06-01,8.04,8.27,7.86,7.88,8.13,-0.25,-3.075,725910.96,584400.93,-0.03075030750307517,7.984,199350.27460713004,2021-05-31/2021-06-06,2021-06,2021
300102.SZ,2021-06-02,7.79,7.88,7.38,7.38,7.88,-0.5,-6.3452,809969.14,617471.57,-0.06345177664974622,7.919999999999999,176384.52644065517,2021-05-31/2021-06-06,2021-06,2021
300102.SZ,2021-06-03,7.31,7.48,7.23,7.27,7.38,-0.11,-1.4905,473821.0,348926.212,-0.01490514905149054,7.742,136030.12359784264,2021-05-31/2021-06-06,2021-06,2021
300102.SZ,2021-06-04,7.3,7.65,7.24,7.5,7.27,0.23,3.1637,574523.88,429430.509,0.031636863823933936,7.632,130412.51824269757,2021-05-31/2021-06-06,2021-06,2021
300102.SZ,2021-06-07,7.66,8.0,7.66,7.9,7.5,0.4,5.3333,757698.56,596765.991,0.053333333333333455,7.586,139639.96268669286,2021-06-07/2021-06-13,2021-06,2021
300102.SZ,2021-06-08,7.8,8.11,7.76,7.88,7.9,-0.02,-0.2532,712926.41,565285.909,-0.0025316455696202667,7.586,138418.07193852318,2021-06-07/2021-06-13,2021-06,2021
300102.SZ,2021-06-09,7.88,8.08,7.7,7.83,7.88,-0.05,-0.6345,511259.06,401866.526,-0.006345177664974555,7.676,124382.0522271431,2021-06-07/2021-06-13,2021-06,2021
300102.SZ,2021-06-10,7.76,8.88,7.69,8.43,7.83,0.6,7.6628,1240682.72,1026625.67,0.07662835249042144,7.9079999999999995,287031.72744652285,2021-06-07/2021-06-13,2021-06,2021
300102.SZ,2021-06-11,8.3,8.55,8.11,8.19,8.43,-0.24,-2.847,904788.79,755199.625,-0.028469750889679735,8.046,271422.46399117867,2021-06-07/2021-06-13,2021-06,2021
300102.SZ,2021-06-15,8.5,8.59,7.95,8.1,8.19,-0.09,-1.0989,887390.02,736164.645,-0.01098901098901095,8.086,269516.91703751916,2021-06-14/2021-06-20,2021-06,2021
300102.SZ,2021-06-16,7.94,9.34,7.94,8.61,8.1,0.51,6.2963,1388885.61,1218808.201,0.06296296296296289,8.232,342372.76617063617,2021-06-14/2021-06-20,2021-06,2021
300102.SZ,2021-06-17,8.59,9.84,8.49,9.48,8.61,0.87,10.1045,1721437.3639999991,1562066.1213999994,0.10104529616724744,8.562000000000001,350001.45700234594,2021-06-14/2021-06-20,2021-06,2021
300102.SZ,2021-06-18,9.36,9.99,9.12,9.38,9.48,-0.1,-1.0549,1620494.36,1536400.485,-0.010548523206751037,8.751999999999999,391969.3450416892,2021-06-14/2021-06-20,2021-06,2021
300102.SZ,2021-06-21,9.19,9.55,9.16,9.31,9.38,-0.07,-0.7463,1120744.37,1043477.669,-0.007462686567164201,8.976,346116.57336580096,2021-06-21/2021-06-27,2021-06,2021
300102.SZ,2021-06-22,9.18,9.28,8.73,8.95,9.31,-0.36,-3.8668,994148.71,891481.353,-0.03866809881847488,9.146,312250.37735922093,2021-06-21/2021-06-27,2021-06,2021
300102.SZ,2021-06-23,8.86,9.44,8.84,9.15,8.95,0.2,2.2346,1048602.84,964269.136,0.022346368715083997,9.254000000000001,342490.26235815405,2021-06-21/2021-06-27,2021-06,2021
300102.SZ,2021-06-24,9.17,9.45,8.92,8.98,9.15,-0.17,-1.8579,771323.05,706983.276,-0.01857923497267755,9.154,313291.9947490692,2021-06-21/2021-06-27,2021-06,2021
300102.SZ,2021-06-25,8.85,9.08,8.45,8.68,8.98,-0.3,-3.3408,836536.43,727563.234,-0.03340757238307357,9.014,146230.54750465424,2021-06-21/2021-06-27,2021-06,2021
300102.SZ,2021-06-28,8.78,9.37,8.68,9.18,8.68,0.5,5.7604,882481.13,802417.592,0.05760368663594462,8.988,113600.24034367454,2021-06-28/2021-07-04,2021-06,2021
300102.SZ,2021-06-29,9.05,9.12,8.7,8.73,9.18,-0.45,-4.902,609196.53,538627.271,-0.04901960784313719,8.943999999999999,160297.11512512635,2021-06-28/2021-07-04,2021-06,2021
300102.SZ,2021-06-30,8.83,9.46,8.81,9.29,8.73,0.56,6.4147,1100619.13,1015547.91,0.06414662084765155,8.972,178693.6862248222,2021-06-28/2021-07-04,2021-06,2021
300102.SZ,2021-07-01,9.21,9.85,8.9,8.9,9.29,-0.39,-4.1981,1135529.25,1062151.272,-0.041980624327233484,8.956,214356.4502796006,2021-06-28/2021-07-04,2021-07,2021
300102.SZ,2021-07-02,8.74,9.17,8.72,8.85,8.9,-0.05,-0.5618,726827.0,648542.861,-0.005617977528090012,8.99,229223.28114220337,2021-06-28/2021-07-04,2021-07,2021
300102.SZ,2021-07-05,9.07,9.27,8.76,9.25,8.85,0.4,4.5198,787240.95,711663.939,0.04519774011299438,9.004000000000001,234008.15348550805,2021-07-05/2021-07-11,2021-07,2021
300102.SZ,2021-07-06,9.2,9.68,9.11,9.44,9.25,0.19,2.0541,994066.92,930459.21,0.020540540540540553,9.145999999999999,183942.43556449772,2021-07-05/2021-07-11,2021-07,2021
300102.SZ,2021-07-07,9.22,9.51,8.91,9.44,9.44,0.0,0.0,767271.23,711593.354,0.0,9.175999999999998,175397.06977280247,2021-07-05/2021-07-11,2021-07,2021
300102.SZ,2021-07-08,9.42,9.89,9.32,9.83,9.44,0.39,4.1314,1214808.65,1171687.393,0.041313559322033955,9.362,205094.08755569565,2021-07-05/2021-07-11,2021-07,2021
300102.SZ,2021-07-09,9.69,9.79,9.36,9.62,9.83,-0.21,-2.1363,824356.01,788038.58,-0.021363173957273718,9.516,188723.8862962626,2021-07-05/2021-07-11,2021-07,2021
300102.SZ,2021-07-12,9.62,9.78,9.35,9.62,9.62,0.0,0.0,725967.64,692783.49,0.0,9.59,200897.44681333844,2021-07-12/2021-07-18,2021-07,2021
300102.SZ,2021-07-13,9.51,9.55,8.92,9.04,9.62,-0.58,-6.0291,917603.4,844282.786,-0.06029106029106035,9.51,195282.29971811426,2021-07-12/2021-07-18,2021-07,2021
300102.SZ,2021-07-14,8.98,9.2,8.91,9.06,9.04,0.02,0.2212,454841.92,413488.223,0.0022123893805310324,9.434000000000001,277181.9624547144,2021-07-12/2021-07-18,2021-07,2021
300102.SZ,2021-07-15,8.92,9.06,8.22,8.38,9.06,-0.68,-7.5055,792551.01,677693.172,-0.07505518763796903,9.144,175275.21938776513,2021-07-12/2021-07-18,2021-07,2021
300102.SZ,2021-07-16,8.35,8.76,8.31,8.4,8.38,0.02,0.2387,502837.92,429563.845,0.0023866348448686736,8.9,195774.74922500117,2021-07-12/2021-07-18,2021-07,2021
300102.SZ,2021-07-19,8.25,8.51,8.12,8.43,8.4,0.03,0.3571,340183.29,284802.92,0.0035714285714285587,8.662,242873.94658983414,2021-07-19/2021-07-25,2021-07,2021
300102.SZ,2021-07-20,8.33,8.83,8.28,8.79,8.43,0.36,4.2705,579701.92,502185.109,0.042704626334519435,8.612,168626.2742755099,2021-07-19/2021-07-25,2021-07,2021
300102.SZ,2021-07-21,8.8,9.34,8.72,9.16,8.79,0.37,4.2093,845795.97,768445.603,0.04209328782707633,8.632,208628.1640203542,2021-07-19/2021-07-25,2021-07,2021
300102.SZ,2021-07-22,9.18,10.38,9.03,9.99,9.16,0.83,9.0611,1467131.98,1415988.249,0.0906113537117903,8.954,441999.49998353096,2021-07-19/2021-07-25,2021-07,2021
300102.SZ,2021-07-23,9.99,10.497999999999998,9.655999999999999,10.101999999999999,9.99,0.23,2.3023,1714574.51,1562066.1213999994,0.011211211211211047,9.2944,583965.5074021942,2021-07-19/2021-07-25,2021-07,2021
300102.SZ,2021-07-26,10.047999999999993,10.497999999999998,9.655999999999999,10.101999999999999,10.22,-0.07,-0.6849,1273686.36,1299822.127,0.0,9.628799999999998,460697.5419097902,2021-07-26/2021-08-01,2021-07,2021
300102.SZ,2021-07-27,10.047999999999993,10.497999999999998,9.655999999999999,10.101999999999999,10.15,-0.04,-0.3941,1348221.58,1396718.377,0.0,9.8912,318064.2462030353,2021-07-26/2021-08-01,2021-07,2021
300102.SZ,2021-07-28,9.72,10.44,9.26,10.06,10.11,-0.05,-0.4946,1098367.28,1095191.016,-0.00415759255592929,10.0712,229761.15111562333,2021-07-26/2021-08-01,2021-07,2021
300102.SZ,2021-07-29,10.047999999999993,10.497999999999998,9.655999999999999,10.101999999999999,10.06,0.25,2.4851,1326507.69,1375841.986,0.004174950298210467,10.093599999999999,225048.11928530657,2021-07-26/2021-08-01,2021-07,2021
300102.SZ,2021-07-30,10.047999999999993,10.37,9.655999999999999,10.03,10.31,-0.28,-2.7158,1347869.0,1354965.883,-0.007127301524450513,10.0792,105413.3968942699,2021-07-26/2021-08-01,2021-07,2021
300102.SZ,2021-08-02,9.8,10.15,9.47,9.74,10.03,-0.29,-2.8913,902836.88,879581.599,-0.02891326021934193,10.006799999999998,198972.9203282374,2021-08-02/2021-08-08,2021-08,2021
300102.SZ,2021-08-03,9.66,9.69,8.76,8.83,9.74,-0.91,-9.3429,1102498.72,1003145.941,-0.09342915811088293,9.7524,184500.22398647253,2021-08-02/2021-08-08,2021-08,2021
300102.SZ,2021-08-04,8.78,9.22,8.75,9.19,8.83,0.36,4.077,710028.22,646392.464,0.040770101925254654,9.578399999999998,274440.7369767054,2021-08-02/2021-08-08,2021-08,2021
300102.SZ,2021-08-05,9.21,9.34,8.88,9.07,9.19,-0.12,-1.3058,620507.32,568319.462,-0.013057671381936808,9.372,295403.86262339324,2021-08-02/2021-08-08,2021-08,2021
300102.SZ,2021-08-06,9.16,9.27,8.96,9.23,9.07,0.16,1.7641,551902.2,503690.02,0.01764057331863289,9.212,224403.09522242245,2021-08-02/2021-08-08,2021-08,2021
300102.SZ,2021-08-09,9.08,9.1,8.75,8.96,9.23,-0.27,-2.9252,569266.73,507087.348,-0.029252437703141898,9.056000000000001,227410.1031507222,2021-08-09/2021-08-15,2021-08,2021
300102.SZ,2021-08-10,8.98,9.23,8.88,9.11,8.96,0.15,1.6741,559606.51,507621.934,0.016741071428571175,9.112,65936.97369525065,2021-08-09/2021-08-15,2021-08,2021
300102.SZ,2021-08-11,9.1,9.64,8.97,9.63,9.11,0.52,5.708,934922.52,873664.004,0.05708013172338111,9.2,163037.28408010796,2021-08-09/2021-08-15,2021-08,2021
300102.SZ,2021-08-12,9.6,9.87,9.44,9.65,9.63,0.02,0.2077,833762.52,803360.035,0.0020768431983384517,9.315999999999999,181179.90494785082,2021-08-09/2021-08-15,2021-08,2021
300102.SZ,2021-08-13,9.52,9.66,9.35,9.42,9.65,-0.23,-2.3834,577822.08,546933.288,-0.023834196891191706,9.354000000000001,176556.46467911874,2021-08-09/2021-08-15,2021-08,2021
300102.SZ,2021-08-16,9.34,9.55,9.03,9.17,9.42,-0.25,-2.6539,526149.83,487204.704,-0.026539278131634814,9.396,185084.4484070739,2021-08-16/2021-08-22,2021-08,2021
300102.SZ,2021-08-17,9.17,9.24,8.5,8.58,9.17,-0.59,-6.434,673904.2,595141.876,-0.06434023991275895,9.290000000000001,172104.42363884274,2021-08-16/2021-08-22,2021-08,2021
300102.SZ,2021-08-18,8.56,8.9,8.46,8.86,8.58,0.28,3.2634,514439.5,447592.803,0.03263403263403264,9.136,132470.67077879675,2021-08-16/2021-08-22,2021-08,2021
300102.SZ,2021-08-19,8.76,9.46,8.68,9.19,8.86,0.33,3.7246,846316.5,776186.99,0.03724604966139955,9.044,137437.42527973047,2021-08-16/2021-08-22,2021-08,2021
300102.SZ,2021-08-20,9.02,9.37,9.01,9.11,9.19,-0.08,-0.8705,580658.7,533887.702,-0.008705114254624613,8.982,137185.5507071512,2021-08-16/2021-08-22,2021-08,2021
300102.SZ,2021-08-23,9.09,9.42,9.05,9.33,9.11,0.22,2.4149,562503.4,520670.345,0.02414928649835346,9.014,131253.737977184,2021-08-23/2021-08-29,2021-08,2021
300102.SZ,2021-08-24,9.33,9.65,9.2,9.47,9.33,0.14,1.5005,720204.4,679271.015,0.015005359056806,9.192,136175.8210989208,2021-08-23/2021-08-29,2021-08,2021
300102.SZ,2021-08-25,9.42,9.49,9.08,9.36,9.47,-0.11,-1.1616,562052.8,519093.701,-0.011615628299894487,9.292,126068.35232957276,2021-08-23/2021-08-29,2021-08,2021
300102.SZ,2021-08-26,9.67,9.94,9.18,9.2,9.36,-0.16,-1.7094,746234.3,713521.543,-0.017094017094017144,9.294,91050.32603229534,2021-08-23/2021-08-29,2021-08,2021
300102.SZ,2021-08-27,9.1,9.45,8.96,8.97,9.2,-0.23,-2.5,531391.82,484488.022,-0.0249999999999998,9.266,100487.4790604429,2021-08-23/2021-08-29,2021-08,2021
300102.SZ,2021-08-30,8.97,9.16,8.82,8.94,8.97,-0.03,-0.3344,419065.82,376368.175,-0.0033444816053512794,9.188,136591.71861566853,2021-08-30/2021-09-05,2021-08,2021
300102.SZ,2021-08-31,8.93,8.93,8.45,8.6,8.94,-0.34,-3.8031,475351.37,410692.556,-0.03803131991051456,9.014,124162.21804253313,2021-08-30/2021-09-05,2021-08,2021
300102.SZ,2021-09-01,8.55,8.75,8.29,8.64,8.6,0.04,0.4651,403115.5,344483.656,0.0046511627906977715,8.87,138772.75516890848,2021-08-30/2021-09-05,2021-09,2021
300102.SZ,2021-09-02,8.58,8.6,8.4,8.56,8.64,-0.08,-0.9259,323059.0,274776.771,-0.0092592592592593,8.742,78445.79525845897,2021-08-30/2021-09-05,2021-09,2021
300102.SZ,2021-09-03,8.5,8.98,8.5,8.87,8.56,0.31,3.6215,502585.8,440563.818,0.03621495327102786,8.722,69750.02836468931,2021-08-30/2021-09-05,2021-09,2021
300102.SZ,2021-09-06,8.95,8.95,8.73,8.84,8.87,-0.03,-0.3382,348123.02,307698.447,-0.0033821871476887866,8.702,77905.11477080405,2021-09-06/2021-09-12,2021-09,2021
300102.SZ,2021-09-07,8.78,9.08,8.77,8.94,8.84,0.1,1.1312,353304.65,315085.801,0.011312217194570096,8.77,71327.41941548353,2021-09-06/2021-09-12,2021-09,2021
300102.SZ,2021-09-08,8.9,9.32,8.85,9.21,8.94,0.27,3.0201,620465.8,563917.163,0.03020134228187943,8.883999999999999,128030.36881430213,2021-09-06/2021-09-12,2021-09,2021
300102.SZ,2021-09-09,9.12,9.13,8.92,8.98,9.21,-0.23,-2.4973,373695.59,336880.91,-0.02497285559174811,8.968,119203.56439203872,2021-09-06/2021-09-12,2021-09,2021
300102.SZ,2021-09-10,8.93,9.19,8.72,9.01,8.98,0.03,0.3341,565026.67,507884.654,0.0033407572383072903,8.995999999999999,130209.88613315232,2021-09-06/2021-09-12,2021-09,2021
300102.SZ,2021-09-13,8.95,9.0,8.61,8.64,9.01,-0.37,-4.1065,429553.06,375609.31,-0.04106548279689226,8.956,118517.58316636525,2021-09-13/2021-09-19,2021-09,2021
300102.SZ,2021-09-14,8.6,8.77,8.51,8.54,8.64,-0.1,-1.1574,294173.0,253972.27,-0.011574074074074292,8.876000000000001,134717.80709288805,2021-09-13/2021-09-19,2021-09,2021
300102.SZ,2021-09-15,8.54,8.6,8.45,8.52,8.54,-0.02,-0.2342,218237.0,185993.378,-0.0023419203747072626,8.738,132466.0812032655,2021-09-13/2021-09-19,2021-09,2021
300102.SZ,2021-09-16,8.49,8.57,8.14,8.14,8.52,-0.38,-4.4601,314187.0,262149.277,-0.04460093896713602,8.569999999999999,135381.54033596517,2021-09-13/2021-09-19,2021-09,2021
300102.SZ,2021-09-17,8.15,8.25,7.87,8.19,8.14,0.05,0.6143,274740.2,222104.947,0.006142506142505999,8.406,77703.96432266214,2021-09-13/2021-09-19,2021-09,2021
300102.SZ,2021-09-22,8.09,8.32,8.04,8.29,8.19,0.1,1.221,230069.0,189436.552,0.012210012210012167,8.336,41121.89637027934,2021-09-20/2021-09-26,2021-09,2021
300102.SZ,2021-09-23,8.35,8.5,8.25,8.3,8.29,0.01,0.1206,256623.0,215150.667,0.0012062726176118588,8.288,38070.23860035535,2021-09-20/2021-09-26,2021-09,2021
300102.SZ,2021-09-24,8.28,8.33,7.93,7.97,8.3,-0.33,-3.9759,254363.0,206030.964,-0.03975903614457843,8.178,31276.03979355431,2021-09-20/2021-09-26,2021-09,2021
300102.SZ,2021-09-27,7.88,8.05,7.54,7.57,7.97,-0.4,-5.0188,264373.2,204774.965,-0.050188205771643624,8.064,16558.86893456145,2021-09-27/2021-10-03,2021-09,2021
300102.SZ,2021-09-28,7.58,7.77,7.56,7.66,7.57,0.09,1.1889,170515.48,130460.211,0.011889035667107084,7.958,38365.52733405923,2021-09-27/2021-10-03,2021-09,2021
300102.SZ,2021-09-29,7.56,7.71,7.48,7.48,7.66,-0.18,-2.3499,175861.0,133565.88,-0.023498694516971286,7.795999999999999,46886.890118288255,2021-09-27/2021-10-03,2021-09,2021
300102.SZ,2021-09-30,7.59,7.65,7.52,7.61,7.48,0.13,1.738,124041.0,94350.224,0.017379679144384985,7.658000000000001,59786.10632363019,2021-09-27/2021-10-03,2021-09,2021
300102.SZ,2021-10-08,7.68,7.99,7.67,7.88,7.61,0.27,3.548,209261.79,164419.396,0.035479632063074806,7.640000000000001,52022.74101595865,2021-10-04/2021-10-10,2021-10,2021
300102.SZ,2021-10-11,7.87,8.31,7.82,8.19,7.88,0.31,3.934,351400.02,286456.235,0.03934010152284251,7.764,86655.0060271388,2021-10-11/2021-10-17,2021-10,2021
300102.SZ,2021-10-12,8.06,8.19,7.86,8.01,8.19,-0.18,-2.1978,233709.04,187736.877,-0.0219780219780219,7.8340000000000005,84733.45434405087,2021-10-11/2021-10-17,2021-10,2021
300102.SZ,2021-10-13,8.0,8.25,7.98,8.18,8.01,0.17,2.1223,224554.06,183179.473,0.02122347066167296,7.973999999999999,81284.78862429294,2021-10-11/2021-10-17,2021-10,2021
300102.SZ,2021-10-14,8.14,8.24,8.07,8.11,8.18,-0.07,-0.8557,164762.0,133827.198,-0.008557457212713948,8.074,69355.04400031039,2021-10-11/2021-10-17,2021-10,2021
300102.SZ,2021-10-15,8.11,8.35,7.98,8.15,8.11,0.04,0.4932,267395.06,219092.484,0.004932182490752224,8.128,68464.54951572134,2021-10-11/2021-10-17,2021-10,2021
300102.SZ,2021-10-18,8.12,8.22,8.04,8.11,8.15,-0.04,-0.4908,188574.0,152923.721,-0.004907975460122782,8.112,40017.34002213127,2021-10-18/2021-10-24,2021-10,2021
300102.SZ,2021-10-19,8.13,8.15,8.01,8.03,8.11,-0.08,-0.9864,169876.0,137213.67,-0.009864364981504337,8.116,42949.824094389696,2021-10-18/2021-10-24,2021-10,2021
300102.SZ,2021-10-20,8.0,8.07,7.86,7.89,8.03,-0.14,-1.7435,197069.61,156447.159,-0.01743462017434616,8.058,41231.15903506003,2021-10-18/2021-10-24,2021-10,2021
300102.SZ,2021-10-21,7.99,8.01,7.69,7.72,7.89,-0.17,-2.1546,179298.04,139723.821,-0.021546261089987362,7.9799999999999995,38782.348048719985,2021-10-18/2021-10-24,2021-10,2021
300102.SZ,2021-10-22,7.8,7.93,7.72,7.74,7.72,0.02,0.2591,191566.0,150092.176,0.002590673575129543,7.897999999999999,10752.047990137517,2021-10-18/2021-10-24,2021-10,2021
300102.SZ,2021-10-25,7.65,7.88,7.57,7.88,7.74,0.14,1.8088,153548.0,119302.129,0.018087855297157507,7.851999999999999,17413.373644191222,2021-10-25/2021-10-31,2021-10,2021
300102.SZ,2021-10-26,7.85,8.2,7.81,8.19,7.88,0.31,3.934,351964.15,284414.12,0.03934010152284251,7.884,78549.86437144243,2021-10-25/2021-10-31,2021-10,2021
300102.SZ,2021-10-27,8.0,8.11,7.73,7.79,8.19,-0.4,-4.884,339630.06,268071.661,-0.04884004884004878,7.864,94756.80495465103,2021-10-25/2021-10-31,2021-10,2021
300102.SZ,2021-10-28,7.8,7.89,7.36,7.46,7.79,-0.33,-4.2362,279145.04,211692.13,-0.042362002567394086,7.812,88218.2796396461,2021-10-25/2021-10-31,2021-10,2021
300102.SZ,2021-10-29,7.43,7.95,7.43,7.91,7.46,0.45,6.0322,333301.51,259580.387,0.0603217158176943,7.846000000000001,82010.944565406,2021-10-25/2021-10-31,2021-10,2021
300102.SZ,2021-11-01,7.84,8.05,7.81,7.93,7.91,0.02,0.2528,264418.45,210444.325,0.0025284450063209896,7.856,39190.07680314514,2021-11-01/2021-11-07,2021-11,2021
300102.SZ,2021-11-02,7.95,8.21,7.9,7.96,7.93,0.03,0.3783,347634.02,280545.465,0.003783102143757988,7.81,38167.39564706733,2021-11-01/2021-11-07,2021-11,2021
300102.SZ,2021-11-03,7.96,8.2,7.92,8.05,7.96,0.09,1.1307,275552.0,222535.679,0.011306532663316604,7.862,37671.84183855579,2021-11-01/2021-11-07,2021-11,2021
300102.SZ,2021-11-04,8.14,8.25,8.03,8.24,8.05,0.19,2.3602,377733.0,308830.822,0.023602484472049712,8.018,48317.2625672107,2021-11-01/2021-11-07,2021-11,2021
300102.SZ,2021-11-05,8.22,8.39,8.15,8.17,8.24,-0.07,-0.8495,390598.0,322724.275,-0.008495145631068013,8.070000000000002,58137.754510169565,2021-11-01/2021-11-07,2021-11,2021
300102.SZ,2021-11-08,8.15,8.17,7.93,8.1,8.17,-0.07,-0.8568,277884.0,223206.827,-0.008567931456548328,8.104,54467.64589862632,2021-11-08/2021-11-14,2021-11,2021
300102.SZ,2021-11-09,8.1,8.4,8.05,8.37,8.1,0.27,3.3333,406215.51,334727.234,0.033333333333333215,8.186000000000002,63686.27922162744,2021-11-08/2021-11-14,2021-11,2021
300102.SZ,2021-11-10,8.63,8.76,8.44,8.72,8.37,0.35,4.1816,777192.59,669780.667,0.04181600955794518,8.32,191875.00049104026,2021-11-08/2021-11-14,2021-11,2021
300102.SZ,2021-11-11,8.54,8.77,8.53,8.61,8.72,-0.11,-1.2615,533741.02,461072.767,-0.012614678899082743,8.394,190694.7730429563,2021-11-08/2021-11-14,2021-11,2021
300102.SZ,2021-11-12,8.75,9.17,8.73,8.81,8.61,0.2,2.3229,689292.06,613914.055,0.023228803716608626,8.522,203188.0692761922,2021-11-08/2021-11-14,2021-11,2021
300102.SZ,2021-11-15,8.8,8.95,8.72,8.85,8.81,0.04,0.454,450291.06,397812.605,0.004540295119182636,8.672,157813.65865316713,2021-11-15/2021-11-21,2021-11,2021
300102.SZ,2021-11-16,8.78,9.14,8.75,8.92,8.85,0.07,0.791,520135.02,466534.44,0.00790960451977396,8.782,134517.15146339595,2021-11-15/2021-11-21,2021-11,2021
300102.SZ,2021-11-17,8.87,9.06,8.66,9.01,8.92,0.09,1.009,454145.65,403891.2,0.010089686098654793,8.84,96942.66808648332,2021-11-15/2021-11-21,2021-11,2021
300102.SZ,2021-11-18,9.0,9.06,8.74,8.79,9.01,-0.22,-2.4417,397728.65,352690.58,-0.02441731409544956,8.876,113184.64475921945,2021-11-15/2021-11-21,2021-11,2021
300102.SZ,2021-11-19,8.75,8.94,8.72,8.8,8.79,0.01,0.1138,299226.3,264370.848,0.0011376564277589818,8.873999999999999,82310.56434686131,2021-11-15/2021-11-21,2021-11,2021
300102.SZ,2021-11-22,8.83,9.4,8.81,9.29,8.8,0.49,5.5682,752991.02,692920.191,0.055681818181817944,8.962,170391.962743507,2021-11-22/2021-11-28,2021-11,2021
300102.SZ,2021-11-23,9.19,9.3,9.08,9.1,9.29,-0.19,-2.0452,500735.0,458941.064,-0.020452099031216364,8.998,169606.55281411693,2021-11-22/2021-11-28,2021-11,2021
300102.SZ,2021-11-24,9.08,9.29,8.97,9.05,9.1,-0.05,-0.5495,428341.06,390418.073,-0.005494505494505364,9.006,171013.43068967795,2021-11-22/2021-11-28,2021-11,2021
300102.SZ,2021-11-25,8.95,9.21,8.84,8.88,9.05,-0.17,-1.8785,392956.49,353855.654,-0.018784530386740328,9.024000000000001,171570.51954908477,2021-11-22/2021-11-28,2021-11,2021
300102.SZ,2021-11-26,8.84,8.93,8.7,8.88,8.88,0.0,0.0,347373.06,305692.554,0.0,9.040000000000001,160225.49683756416,2021-11-22/2021-11-28,2021-11,2021
300102.SZ,2021-11-29,8.73,8.86,8.71,8.81,8.88,-0.07,-0.7883,233104.0,204813.713,-0.007882882882882969,8.943999999999999,99653.60171782224,2021-11-29/2021-12-05,2021-11,2021
300102.SZ,2021-11-30,8.86,9.07,8.83,8.87,8.81,0.06,0.681,351552.0,314582.325,0.006810442678774065,8.898000000000001,73577.09015377898,2021-11-29/2021-12-05,2021-11,2021
300102.SZ,2021-12-01,8.88,9.14,8.85,9.06,8.87,0.19,2.1421,348756.0,314915.946,0.021420518602029537,8.9,59911.85538690057,2021-11-29/2021-12-05,2021-12,2021
300102.SZ,2021-12-02,9.2,9.55,8.91,8.93,9.06,-0.13,-1.4349,626193.98,576962.208,-0.014348785871964753,8.91,145799.65934300065,2021-11-29/2021-12-05,2021-12,2021
300102.SZ,2021-12-03,8.91,9.35,8.91,9.13,8.93,0.2,2.2396,464603.77,423559.147,0.022396416573348343,8.96,148364.05590930823,2021-11-29/2021-12-05,2021-12,2021
300102.SZ,2021-12-06,9.05,9.08,8.48,8.53,9.13,-0.6,-6.5717,566132.62,491749.876,-0.06571741511500562,8.904,124886.66537551863,2021-12-06/2021-12-12,2021-12,2021
300102.SZ,2021-12-07,8.61,8.65,8.2,8.38,8.53,-0.15,-1.7585,310132.0,259739.583,-0.01758499413833514,8.806000000000001,135730.76982451972,2021-12-06/2021-12-12,2021-12,2021
300102.SZ,2021-12-08,8.43,8.54,8.38,8.48,8.38,0.1,1.1933,202255.06,171304.643,0.01193317422434359,8.690000000000001,176339.90714934675,2021-12-06/2021-12-12,2021-12,2021
300102.SZ,2021-12-09,8.48,10.18,8.48,9.77,8.48,1.29,15.2123,1721437.3639999991,1562066.1213999994,0.1521226415094339,8.858,613458.8229376688,2021-12-06/2021-12-12,2021-12,2021
300102.SZ,2021-12-10,9.68,9.79,9.2,9.33,9.77,-0.44,-4.5036,1596985.96,1512499.382,-0.04503582395086991,8.898,725376.5071800902,2021-12-06/2021-12-12,2021-12,2021
300102.SZ,2021-12-13,9.53,9.56,9.11,9.23,9.33,-0.1,-1.0718,788171.0,727522.718,-0.010718113612004254,9.038,707992.8391984773,2021-12-13/2021-12-19,2021-12,2021
300102.SZ,2021-12-14,9.28,9.32,9.15,9.21,9.23,-0.02,-0.2167,649524.21,598973.109,-0.0021668472372696757,9.204,648193.518362731,2021-12-13/2021-12-19,2021-12,2021
300102.SZ,2021-12-15,9.12,9.28,9.04,9.11,9.21,-0.1,-1.0858,548966.05,501801.908,-0.01085776330076016,9.33,554388.2246682437,2021-12-13/2021-12-19,2021-12,2021
300102.SZ,2021-12-16,9.13,9.23,9.1,9.18,9.11,0.07,0.7684,448998.02,410757.755,0.007683863885839859,9.212,459341.04996501206,2021-12-13/2021-12-19,2021-12,2021
300102.SZ,2021-12-17,9.23,9.29,8.84,8.85,9.18,-0.33,-3.5948,613213.02,555920.619,-0.03594771241830064,9.116,125463.06048964201,2021-12-13/2021-12-19,2021-12,2021
300102.SZ,2021-12-20,8.79,8.98,8.6,8.78,8.85,-0.07,-0.791,388349.89,341270.953,-0.007909604519774072,9.026,109767.99272226031,2021-12-20/2021-12-26,2021-12,2021
300102.SZ,2021-12-21,8.82,8.96,8.8,8.96,8.78,0.18,2.0501,263642.02,234062.251,0.0205011389521641,8.976,136865.92086284293,2021-12-20/2021-12-26,2021-12,2021
300102.SZ,2021-12-22,8.93,9.18,8.89,9.05,8.96,0.09,1.0045,410366.62,372543.155,0.010044642857142794,8.964,126089.02895410916,2021-12-20/2021-12-26,2021-12,2021
300102.SZ,2021-12-23,8.99,9.0,8.79,8.89,9.05,-0.16,-1.768,306209.98,272053.393,-0.0176795580110497,8.906,135117.23409895698,2021-12-20/2021-12-26,2021-12,2021
300102.SZ,2021-12-24,8.87,8.92,8.54,8.57,8.89,-0.32,-3.5996,328087.2,284811.938,-0.03599550056242973,8.85,60002.41158327731,2021-12-20/2021-12-26,2021-12,2021
300102.SZ,2021-12-27,8.58,8.71,8.51,8.71,8.57,0.14,1.6336,201546.0,173782.974,0.016336056009334854,8.836,77466.00322057748,2021-12-27/2022-01-02,2021-12,2021
300102.SZ,2021-12-28,8.72,9.04,8.58,9.0,8.71,0.29,3.3295,408297.05,360150.299,0.03329506314580932,8.844,86103.44546094295,2021-12-27/2022-01-02,2021-12,2021
300102.SZ,2021-12-29,8.9,9.02,8.79,8.85,9.0,-0.15,-1.6667,316110.01,280702.346,-0.01666666666666672,8.804,73794.32557509231,2021-12-27/2022-01-02,2021-12,2021
300102.SZ,2021-12-30,8.88,9.15,8.82,8.94,8.85,0.09,1.0169,375209.71,338027.787,0.01016949152542379,8.814,78716.66581802421,2021-12-27/2022-01-02,2021-12,2021
300102.SZ,2021-12-31,9.0,9.05,8.89,8.99,8.94,0.05,0.5593,260747.22,234009.864,0.005592841163311046,8.898,83832.69860346036,2021-12-27/2022-01-02,2021-12,2021
300102.SZ,2022-01-04,8.99,9.13,8.96,9.08,8.99,0.09,1.0011,302414.95,273248.764,0.010011123470522687,8.972,58931.10383938264,2022-01-03/2022-01-09,2022-01,2022
300102.SZ,2022-01-05,9.11,9.12,8.7,8.76,9.08,-0.32,-3.5242,328588.2,290578.602,-0.03524229074889873,8.924000000000001,41532.525899687695,2022-01-03/2022-01-09,2022-01,2022
300102.SZ,2022-01-06,8.7,8.94,8.67,8.85,8.76,0.09,1.0274,221615.63,196141.336,0.010273972602739656,8.924,59452.51247561034,2022-01-03/2022-01-09,2022-01,2022
300102.SZ,2022-01-07,9.01,9.14,8.77,8.77,8.85,-0.08,-0.904,348270.93,311951.464,-0.009039548022598876,8.89,51341.36980999588,2022-01-03/2022-01-09,2022-01,2022
300102.SZ,2022-01-10,8.65,8.68,8.27,8.45,8.77,-0.32,-3.6488,324272.52,273355.66,-0.036488027366020526,8.782,49395.94358229099,2022-01-10/2022-01-16,2022-01,2022
300102.SZ,2022-01-11,8.49,8.58,8.32,8.35,8.45,-0.1,-1.1834,207107.41,174779.999,-0.011834319526627168,8.636,66192.1311857768,2022-01-10/2022-01-16,2022-01,2022
300102.SZ,2022-01-12,8.39,8.48,8.35,8.47,8.35,0.12,1.4371,155753.0,131195.119,0.014371257485030098,8.578,81687.93057797359,2022-01-10/2022-01-16,2022-01,2022
300102.SZ,2022-01-13,8.47,8.5,8.32,8.34,8.47,-0.13,-1.5348,149967.0,126010.038,-0.015348288075560879,8.476,93631.01801445721,2022-01-10/2022-01-16,2022-01,2022
300102.SZ,2022-01-14,8.3,8.41,7.96,8.06,8.34,-0.28,-3.3573,298079.0,244207.245,-0.033573141486810454,8.334,80498.5934968252,2022-01-10/2022-01-16,2022-01,2022
300102.SZ,2022-01-17,8.16,8.31,8.08,8.29,8.06,0.23,2.8536,192393.82,157944.481,0.028535980148883144,8.302000000000001,59554.13353934525,2022-01-17/2022-01-23,2022-01,2022
300102.SZ,2022-01-18,8.29,8.35,8.16,8.19,8.29,-0.1,-1.2063,188485.0,155510.404,-0.012062726176115812,8.27,59632.38150996622,2022-01-17/2022-01-23,2022-01,2022
300102.SZ,2022-01-19,8.13,8.25,8.06,8.13,8.19,-0.06,-0.7326,152807.23,124448.711,-0.007326007326007189,8.202000000000002,60153.251096726926,2022-01-17/2022-01-23,2022-01,2022
300102.SZ,2022-01-20,8.06,8.12,7.85,7.86,8.13,-0.27,-3.321,199513.23,158375.821,-0.03321033210332114,8.106,54409.713667564225,2022-01-17/2022-01-23,2022-01,2022
300102.SZ,2022-01-21,7.85,7.92,7.75,7.8,7.86,-0.06,-0.7634,120842.0,94480.98,-0.007633587786259555,8.053999999999998,33252.9812937467,2022-01-17/2022-01-23,2022-01,2022
300102.SZ,2022-01-24,7.79,7.86,7.74,7.76,7.8,-0.04,-0.5128,105667.0,82393.037,-0.00512820512820511,7.948,40915.09946916272,2022-01-24/2022-01-30,2022-01,2022
300102.SZ,2022-01-25,7.73,7.78,7.36,7.37,7.76,-0.39,-5.0258,183081.0,137839.513,-0.05025773195876282,7.784000000000001,39815.276866492815,2022-01-24/2022-01-30,2022-01,2022
300102.SZ,2022-01-26,7.4,7.49,7.28,7.42,7.37,0.05,0.6784,111485.82,82366.831,0.006784260515603879,7.642,43794.570508577825,2022-01-24/2022-01-30,2022-01,2022
300102.SZ,2022-01-27,7.38,7.43,7.07,7.07,7.42,-0.35,-4.717,149567.3,108144.748,-0.047169811320754707,7.484,32148.028025424173,2022-01-24/2022-01-30,2022-01,2022
300102.SZ,2022-01-28,7.2,7.47,7.13,7.39,7.07,0.32,4.5262,195589.02,143215.362,0.04526166902404527,7.401999999999999,40673.71793639378,2022-01-24/2022-01-30,2022-01,2022
300102.SZ,2022-02-07,7.61,7.67,7.5,7.55,7.39,0.16,2.1651,158697.63,119877.638,0.021650879566982528,7.360000000000001,32645.731612492586,2022-02-07/2022-02-13,2022-02,2022
300102.SZ,2022-02-08,7.51,7.7,7.49,7.69,7.55,0.14,1.8543,125899.3,95608.793,0.018543046357615944,7.424000000000001,32415.388953917856,2022-02-07/2022-02-13,2022-02,2022
300102.SZ,2022-02-09,7.68,7.85,7.65,7.82,7.69,0.13,1.6905,156904.3,122225.451,0.016905071521456483,7.504,25069.66616274166,2022-02-07/2022-02-13,2022-02,2022
300102.SZ,2022-02-10,7.85,7.88,7.75,7.86,7.82,0.04,0.5115,124770.02,97581.174,0.005115089514066584,7.662000000000001,29115.886132236923,2022-02-07/2022-02-13,2022-02,2022
300102.SZ,2022-02-11,7.78,7.85,7.72,7.76,7.86,-0.1,-1.2723,124159.5,96576.223,-0.012722646310432628,7.736,18019.05996808058,2022-02-07/2022-02-13,2022-02,2022
300102.SZ,2022-02-14,7.86,7.97,7.77,7.85,7.76,0.09,1.1598,152341.07,120048.3,0.011597938144329856,7.796000000000001,16348.046931838742,2022-02-14/2022-02-20,2022-02,2022
300102.SZ,2022-02-15,7.85,7.95,7.82,7.94,7.85,0.09,1.1465,147933.02,116887.836,0.01146496815286624,7.846000000000001,15623.720681150473,2022-02-14/2022-02-20,2022-02,2022
300102.SZ,2022-02-16,7.95,8.03,7.9,7.98,7.94,0.04,0.5038,129609.0,103246.373,0.005037783375314797,7.878,13381.893813205243,2022-02-14/2022-02-20,2022-02,2022
300102.SZ,2022-02-17,7.92,8.1,7.87,8.06,7.98,0.08,1.0025,196316.3,157280.674,0.010025062656641603,7.918000000000001,28453.695812658898,2022-02-14/2022-02-20,2022-02,2022
300102.SZ,2022-02-18,8.01,8.39,7.98,8.32,8.06,0.26,3.2258,301979.43,249514.391,0.032258064516129004,8.03,69496.32059605808,2022-02-14/2022-02-20,2022-02,2022
300102.SZ,2022-02-21,8.31,8.76,8.26,8.63,8.32,0.31,3.726,390098.0,333552.713,0.03725961538461542,8.186,110351.20304568695,2022-02-21/2022-02-27,2022-02,2022
300102.SZ,2022-02-22,8.6,8.85,8.52,8.76,8.63,0.13,1.5064,404220.59,353290.249,0.015063731170335881,8.35,119955.26172640131,2022-02-21/2022-02-27,2022-02,2022
300102.SZ,2022-02-23,8.7,8.95,8.68,8.92,8.76,0.16,1.8265,393405.0,348317.81,0.0182648401826484,8.538,88794.23589838203,2022-02-21/2022-02-27,2022-02,2022
300102.SZ,2022-02-24,8.81,9.15,8.72,8.82,8.92,-0.1,-1.1211,621263.59,555411.405,-0.011210762331838486,8.690000000000001,118598.32176804049,2022-02-21/2022-02-27,2022-02,2022
300102.SZ,2022-02-25,8.92,9.14,8.85,8.87,8.82,0.05,0.5669,348783.99,311863.257,0.005668934240362633,8.8,108122.22774749252,2022-02-21/2022-02-27,2022-02,2022
300102.SZ,2022-02-28,8.88,8.93,8.71,8.8,8.87,-0.07,-0.7892,251352.0,221396.996,-0.007891770011273835,8.834,135707.2214643075,2022-02-28/2022-03-06,2022-02,2022
300102.SZ,2022-03-01,8.8,8.87,8.68,8.83,8.8,0.03,0.3409,298430.0,261841.503,0.003409090909090917,8.848,143641.21548797606,2022-02-28/2022-03-06,2022-03,2022
300102.SZ,2022-03-02,8.8,8.85,8.72,8.82,8.83,-0.01,-0.1133,164695.0,144813.485,-0.0011325028312570984,8.828,172812.64684924862,2022-02-28/2022-03-06,2022-03,2022
300102.SZ,2022-03-03,8.88,9.04,8.71,8.76,8.82,-0.06,-0.6803,227805.0,200910.574,-0.006802721088435382,8.815999999999999,69888.92513729053,2022-02-28/2022-03-06,2022-03,2022
300102.SZ,2022-03-04,8.79,8.97,8.62,8.73,8.76,-0.03,-0.3425,250616.88,221387.883,-0.003424657534246478,8.788,48644.441650312256,2022-02-28/2022-03-06,2022-03,2022
300102.SZ,2022-03-07,8.73,8.89,8.62,8.73,8.73,0.0,0.0,241323.41,211643.104,0.0,8.774,48190.79297963638,2022-03-07/2022-03-13,2022-03,2022
300102.SZ,2022-03-08,8.75,8.94,8.66,8.82,8.73,0.09,1.0309,405328.02,357329.992,0.010309278350515427,8.772,88960.26487431175,2022-03-07/2022-03-13,2022-03,2022
300102.SZ,2022-03-09,8.96,9.06,8.18,8.67,8.82,-0.15,-1.7007,529123.44,456864.201,-0.017006802721088454,8.742,132221.37477768445,2022-03-07/2022-03-13,2022-03,2022
300102.SZ,2022-03-10,8.8,8.82,8.36,8.45,8.67,-0.22,-2.5375,390382.0,333476.239,-0.025374855824682907,8.680000000000001,119971.83158527645,2022-03-07/2022-03-13,2022-03,2022
300102.SZ,2022-03-11,8.26,8.73,8.18,8.67,8.45,0.22,2.6036,385720.0,329879.388,0.026035502958579926,8.668,102118.51933462243,2022-03-07/2022-03-13,2022-03,2022
300102.SZ,2022-03-14,8.99,9.09,8.12,8.13,8.67,-0.54,-6.2284,570685.04,486321.851,-0.06228373702422141,8.548,87051.76474647985,2022-03-14/2022-03-20,2022-03,2022
300102.SZ,2022-03-15,8.0,8.33,7.73,7.79,8.13,-0.34,-4.182,354264.22,286238.556,-0.04182041820418214,8.342,96951.47372452085,2022-03-14/2022-03-20,2022-03,2022
300102.SZ,2022-03-16,7.86,8.35,7.5,8.31,7.79,0.52,6.6752,433147.06,343950.718,0.06675224646983313,8.27,85174.02559537922,2022-03-14/2022-03-20,2022-03,2022
300102.SZ,2022-03-17,8.37,8.85,8.27,8.58,8.31,0.27,3.2491,459043.0,396039.934,0.032490974729241895,8.296000000000001,83341.89454512257,2022-03-14/2022-03-20,2022-03,2022
300102.SZ,2022-03-18,8.55,8.62,8.41,8.44,8.58,-0.14,-1.6317,246728.01,209381.854,-0.01631701631701643,8.25,120919.8532478724,2022-03-14/2022-03-20,2022-03,2022
300102.SZ,2022-03-21,8.54,9.17,8.46,9.05,8.44,0.61,7.2275,739518.06,661817.768,0.0722748815165879,8.434000000000001,183447.19295655048,2022-03-21/2022-03-27,2022-03,2022
300102.SZ,2022-03-22,9.0,9.01,8.78,8.81,9.05,-0.24,-2.6519,383826.48,340701.399,-0.026519337016574607,8.638000000000002,180176.90393662805,2022-03-21/2022-03-27,2022-03,2022
300102.SZ,2022-03-23,8.81,9.32,8.77,9.31,8.81,0.5,5.6754,705080.41,641818.301,0.05675368898978439,8.838,211254.27002348285,2022-03-21/2022-03-27,2022-03,2022
300102.SZ,2022-03-24,9.15,9.43,9.1,9.27,9.31,-0.04,-0.4296,514956.06,475460.892,-0.004296455424275036,8.976,209564.79900816735,2022-03-21/2022-03-27,2022-03,2022
300102.SZ,2022-03-25,9.28,9.35,8.99,8.99,9.27,-0.28,-3.0205,404435.41,370161.935,-0.030204962243797095,9.086,165828.85859327324,2022-03-21/2022-03-27,2022-03,2022
300102.SZ,2022-03-28,8.99,9.19,8.81,8.89,8.99,-0.1,-1.1123,343781.7,307888.146,-0.011123470522803047,9.054,145721.1647569767,2022-03-28/2022-04-03,2022-03,2022
300102.SZ,2022-03-29,8.93,8.95,8.56,8.61,8.89,-0.28,-3.1496,306043.03,266312.051,-0.03149606299212615,9.014,160662.15218069602,2022-03-28/2022-04-03,2022-03,2022
300102.SZ,2022-03-30,8.68,9.02,8.66,8.76,8.61,0.15,1.7422,318757.03,281578.465,0.017421602787456525,8.904,85605.78075421778,2022-03-28/2022-04-03,2022-03,2022
300102.SZ,2022-03-31,8.7,9.24,8.64,8.99,8.76,0.23,2.6256,381072.0,341463.171,0.026255707762557146,8.848,41449.802244708924,2022-03-28/2022-04-03,2022-03,2022
300102.SZ,2022-04-01,8.92,9.09,8.85,9.03,8.99,0.04,0.4449,272826.39,245002.632,0.004449388209121219,8.856,40669.33266147569,2022-03-28/2022-04-03,2022-04,2022
300102.SZ,2022-04-06,8.92,9.11,8.91,9.06,9.03,0.03,0.3322,248491.44,223825.09,0.0033222591362127574,8.889999999999999,50509.13872772109,2022-04-04/2022-04-10,2022-04,2022
300102.SZ,2022-04-07,9.19,9.2,8.2,8.22,9.06,-0.84,-9.2715,538935.18,463135.843,-0.0927152317880795,8.812000000000001,116057.65692926782,2022-04-04/2022-04-10,2022-04,2022
300102.SZ,2022-04-08,8.28,8.45,8.1,8.27,8.22,0.05,0.6083,241329.86,200063.438,0.006082725060827077,8.714,126316.9142276818,2022-04-04/2022-04-10,2022-04,2022
300102.SZ,2022-04-11,8.17,8.25,7.76,7.89,8.27,-0.38,-4.5949,241149.0,192035.069,-0.045949214026602125,8.494,129443.01841082233,2022-04-11/2022-04-17,2022-04,2022
300102.SZ,2022-04-12,7.93,8.0,7.66,8.0,7.89,0.11,1.3942,208626.0,163246.347,0.013941698352344822,8.288,136844.62533227884,2022-04-11/2022-04-17,2022-04,2022
300102.SZ,2022-04-13,7.96,7.96,7.72,7.78,8.0,-0.22,-2.75,157317.78,122532.783,-0.02749999999999997,8.032,150137.7845575102,2022-04-11/2022-04-17,2022-04,2022
300102.SZ,2022-04-14,7.84,7.89,7.68,7.76,7.78,-0.02,-0.2571,172774.5,134374.054,-0.0025706940874036244,7.94,38564.69048936198,2022-04-11/2022-04-17,2022-04,2022
300102.SZ,2022-04-15,7.7,7.74,7.49,7.58,7.76,-0.18,-2.3196,163508.99,124385.311,-0.02319587628865971,7.802,35429.480247298656,2022-04-11/2022-04-17,2022-04,2022
300102.SZ,2022-04-18,7.57,7.71,7.4,7.7,7.58,0.12,1.5831,136444.17,103981.097,0.0158311345646438,7.764,26471.513527996234,2022-04-18/2022-04-24,2022-04,2022
300102.SZ,2022-04-19,7.65,7.74,7.52,7.62,7.7,-0.08,-1.039,129654.4,98798.71,-0.010389610389610393,7.688,18259.293197855906,2022-04-18/2022-04-24,2022-04,2022
300102.SZ,2022-04-20,7.65,7.78,7.45,7.48,7.62,-0.14,-1.8373,146572.04,111591.861,-0.01837270341207342,7.628,18099.770411647332,2022-04-18/2022-04-24,2022-04,2022
300102.SZ,2022-04-21,7.42,7.57,7.14,7.17,7.48,-0.31,-4.1444,177709.0,130083.621,-0.041443850267379734,7.51,19727.59568432873,2022-04-18/2022-04-24,2022-04,2022
300102.SZ,2022-04-22,7.19,7.22,7.0,7.07,7.17,-0.1,-1.3947,163715.0,116630.953,-0.013947001394700065,7.408000000000001,19761.01981110073,2022-04-18/2022-04-24,2022-04,2022
300102.SZ,2022-04-25,6.89,6.89,6.48,6.49,7.07,-0.58,-8.2037,231906.03,156064.525,-0.0820367751060821,7.1659999999999995,39076.47585731471,2022-04-25/2022-05-01,2022-04,2022
300102.SZ,2022-04-26,6.56,6.71,6.4,6.42,6.49,-0.07,-1.0786,163763.73,107188.889,-0.01078582434514641,6.926,32758.089122025693,2022-04-25/2022-05-01,2022-04,2022
300102.SZ,2022-04-27,6.0,6.44,5.64,6.37,6.42,-0.05,-0.7788,289010.97,176353.766,-0.007788161993769416,6.703999999999999,54615.04672372616,2022-04-25/2022-05-01,2022-04,2022
300102.SZ,2022-04-28,6.27,6.33,5.94,6.0,6.37,-0.37,-5.8085,187229.05,114223.357,-0.058084772370486704,6.470000000000001,53572.120065166775,2022-04-25/2022-05-01,2022-04,2022
300102.SZ,2022-04-29,6.07,6.42,6.06,6.37,6.0,0.37,6.1667,190797.97,119993.24,0.06166666666666676,6.33,49283.204370821615,2022-04-25/2022-05-01,2022-04,2022
300102.SZ,2022-05-05,6.36,6.48,6.29,6.41,6.37,0.04,0.6279,131086.71,84125.398,0.006279434850863463,6.314,59038.83837976343,2022-05-02/2022-05-08,2022-05,2022
300102.SZ,2022-05-06,6.22,6.38,6.18,6.25,6.41,-0.16,-2.4961,108833.11,68337.362,-0.0249609984399376,6.279999999999999,69820.84367733647,2022-05-02/2022-05-08,2022-05,2022
300102.SZ,2022-05-09,6.24,6.43,6.22,6.38,6.25,0.13,2.08,92235.0,58744.404,0.02079999999999993,6.282,45062.733890547606,2022-05-09/2022-05-15,2022-05,2022
300102.SZ,2022-05-10,6.31,6.51,6.27,6.5,6.38,0.12,1.8809,122262.02,78852.384,0.018808777429467183,6.382,37507.01027084459,2022-05-09/2022-05-15,2022-05,2022
300102.SZ,2022-05-11,6.7,6.92,6.57,6.59,6.5,0.09,1.3846,240333.59,161937.764,0.013846153846153841,6.425999999999999,58541.16204779859,2022-05-09/2022-05-15,2022-05,2022
300102.SZ,2022-05-12,6.51,6.9,6.48,6.79,6.59,0.2,3.0349,225390.46,151693.127,0.030349013657056112,6.502000000000001,69533.69100291698,2022-05-09/2022-05-15,2022-05,2022
300102.SZ,2022-05-13,6.77,6.8,6.67,6.71,6.79,-0.08,-1.1782,106605.9,71594.125,-0.01178203240058906,6.593999999999999,69931.88198474419,2022-05-09/2022-05-15,2022-05,2022
300102.SZ,2022-05-16,6.71,6.75,6.55,6.62,6.71,-0.09,-1.3413,106195.06,70369.852,-0.01341281669150518,6.642,66894.1900985212,2022-05-16/2022-05-22,2022-05,2022
300102.SZ,2022-05-17,6.56,6.66,6.55,6.62,6.62,0.0,0.0,95191.08,62929.943,0.0,6.6659999999999995,71654.25100979861,2022-05-16/2022-05-22,2022-05,2022
300102.SZ,2022-05-18,6.64,6.74,6.59,6.61,6.62,-0.01,-0.1511,98827.8,65764.409,-0.0015105740181268201,6.67,55527.85612062714,2022-05-16/2022-05-22,2022-05,2022
300102.SZ,2022-05-19,6.53,6.67,6.44,6.65,6.61,0.04,0.6051,124688.84,82150.395,0.00605143721633894,6.642,11374.267944528294,2022-05-16/2022-05-22,2022-05,2022
300102.SZ,2022-05-20,6.68,6.76,6.62,6.7,6.65,0.05,0.7519,99822.7,66706.247,0.007518796992481258,6.640000000000001,11727.94649968707,2022-05-16/2022-05-22,2022-05,2022
300102.SZ,2022-05-23,6.69,6.85,6.68,6.84,6.7,0.14,2.0896,113725.93,76945.786,0.020895522388059584,6.684,12393.312224149122,2022-05-23/2022-05-29,2022-05,2022
300102.SZ,2022-05-24,6.84,6.84,6.35,6.36,6.84,-0.48,-7.0175,165894.4,109374.598,-0.07017543859649111,6.632000000000001,27483.07972688545,2022-05-23/2022-05-29,2022-05,2022
300102.SZ,2022-05-25,6.36,6.48,6.35,6.47,6.36,0.11,1.7296,97221.84,62564.789,0.01729559748427656,6.604000000000001,27808.481747445003,2022-05-23/2022-05-29,2022-05,2022
300102.SZ,2022-05-26,6.54,6.61,6.36,6.53,6.47,0.06,0.9274,101569.52,66057.337,0.009273570324574987,6.58,28794.800534537062,2022-05-23/2022-05-29,2022-05,2022
300102.SZ,2022-05-27,6.59,6.61,6.46,6.5,6.53,-0.03,-0.4594,89219.02,58277.57,-0.004594180704441064,6.540000000000001,30586.359764113367,2022-05-23/2022-05-29,2022-05,2022
300102.SZ,2022-05-30,6.56,6.77,6.52,6.69,6.5,0.19,2.9231,145391.7,97256.523,0.029230769230769393,6.510000000000001,33752.523194373796,2022-05-30/2022-06-05,2022-05,2022
300102.SZ,2022-05-31,6.76,6.79,6.6,6.77,6.69,0.08,1.1958,148178.21,99595.182,0.01195814648729443,6.5920000000000005,28181.947680085505,2022-05-30/2022-06-05,2022-05,2022
300102.SZ,2022-06-01,6.8,6.82,6.69,6.78,6.77,0.01,0.1477,119515.4,80853.771,0.001477104874446189,6.653999999999999,26091.831887005606,2022-05-30/2022-06-05,2022-06,2022
300102.SZ,2022-06-02,6.75,6.91,6.73,6.91,6.78,0.13,1.9174,149876.01,102547.297,0.019174041297935096,6.7299999999999995,26146.089151296514,2022-05-30/2022-06-05,2022-06,2022
300102.SZ,2022-06-06,6.98,7.12,6.92,7.06,6.91,0.15,2.1708,182643.49,128077.249,0.02170767004341534,6.8420000000000005,22447.803114814367,2022-06-06/2022-06-12,2022-06,2022
300102.SZ,2022-06-07,7.05,7.08,6.9,6.95,7.06,-0.11,-1.5581,133486.77,93034.749,-0.015580736543909235,6.894,23546.71182720162,2022-06-06/2022-06-12,2022-06,2022
300102.SZ,2022-06-08,6.96,6.98,6.75,6.9,6.95,-0.05,-0.7194,137252.62,94313.687,-0.007194244604316502,6.92,23884.4000079312,2022-06-06/2022-06-12,2022-06,2022
300102.SZ,2022-06-09,6.96,6.96,6.71,6.72,6.9,-0.18,-2.6087,103011.06,69865.828,-0.026086956521739202,6.9079999999999995,28837.008784370122,2022-06-06/2022-06-12,2022-06,2022
300102.SZ,2022-06-10,6.7,6.84,6.66,6.84,6.72,0.12,1.7857,81474.04,55325.212,0.017857142857142794,6.894,38372.61261520126,2022-06-06/2022-06-12,2022-06,2022
300102.SZ,2022-06-13,6.79,6.93,6.74,6.86,6.84,0.02,0.2924,97280.0,66594.728,0.0029239766081872176,6.854000000000001,24069.96699265023,2022-06-13/2022-06-19,2022-06,2022
300102.SZ,2022-06-14,6.81,6.86,6.58,6.86,6.86,0.0,0.0,125476.0,84298.895,0.0,6.836,22363.59835324203,2022-06-13/2022-06-19,2022-06,2022
300102.SZ,2022-06-15,6.86,7.02,6.81,6.89,6.86,0.03,0.4373,148223.6,102906.426,0.004373177842565523,6.8340000000000005,26071.783885964775,2022-06-13/2022-06-19,2022-06,2022
300102.SZ,2022-06-16,7.0,7.17,6.95,6.98,6.89,0.09,1.3062,217086.52,152981.323,0.013062409288824517,6.886,53116.92706196774,2022-06-13/2022-06-19,2022-06,2022
300102.SZ,2022-06-17,6.95,6.98,6.77,6.89,6.98,-0.09,-1.2894,138409.02,95234.435,-0.012893982808023008,6.896000000000001,44464.16745095331,2022-06-13/2022-06-19,2022-06,2022
300102.SZ,2022-06-20,6.9,6.97,6.85,6.92,6.89,0.03,0.4354,100909.82,69659.155,0.004354136429608246,6.9079999999999995,43503.49814998119,2022-06-20/2022-06-26,2022-06,2022
300102.SZ,2022-06-21,6.9,7.03,6.82,6.94,6.92,0.02,0.289,110557.92,76600.557,0.0028901734104047616,6.9239999999999995,45719.909127101,2022-06-20/2022-06-26,2022-06,2022
300102.SZ,2022-06-22,6.86,7.1,6.85,7.06,6.94,0.12,1.7291,173613.92,120771.566,0.01729106628242061,6.958,47802.54913711924,2022-06-20/2022-06-26,2022-06,2022
300102.SZ,2022-06-23,7.06,8.29,7.0,7.6,7.06,0.54,7.6487,499274.2,383339.869,0.0764872521246458,7.082000000000001,167159.9700254533,2022-06-20/2022-06-26,2022-06,2022
300102.SZ,2022-06-24,7.6,7.69,7.39,7.49,7.59,-0.1,-1.3175,283802.82,212704.6,-0.014473684210526194,7.202,165414.22683572923,2022-06-20/2022-06-26,2022-06,2022
300102.SZ,2022-06-27,7.49,7.93,7.36,7.82,7.49,0.33,4.4059,368188.18,282955.082,0.04405874499332452,7.382,154636.8738763533,2022-06-27/2022-07-03,2022-06,2022
300102.SZ,2022-06-28,7.92,7.95,7.68,7.83,7.82,0.01,0.1279,299392.57,234033.086,0.0012787723785165905,7.5600000000000005,119903.40166065404,2022-06-27/2022-07-03,2022-06,2022
300102.SZ,2022-06-29,7.8,8.01,7.71,7.72,7.83,-0.11,-1.4049,262972.24,206582.139,-0.014048531289910682,7.692,96002.67061989344,2022-06-27/2022-07-03,2022-06,2022
300102.SZ,2022-06-30,7.67,7.78,7.6,7.63,7.72,-0.09,-1.1658,185911.92,142586.812,-0.011658031088082832,7.698,65784.08883556603,2022-06-27/2022-07-03,2022-06,2022
300102.SZ,2022-07-01,7.65,7.98,7.6,7.66,7.63,0.03,0.3932,184538.87,143467.225,0.003931847968545288,7.731999999999999,78180.10504220349,2022-06-27/2022-07-03,2022-07,2022
300102.SZ,2022-07-04,7.5,7.55,7.29,7.41,7.66,-0.25,-3.2637,193397.8,142715.407,-0.03263707571801566,7.65,52771.98853964339,2022-07-04/2022-07-10,2022-07,2022
300102.SZ,2022-07-05,7.43,7.46,7.2,7.3,7.41,-0.11,-1.4845,144089.0,105202.781,-0.014844804318488558,7.544,43021.52053709338,2022-07-04/2022-07-10,2022-07,2022
300102.SZ,2022-07-06,7.28,7.43,7.22,7.31,7.3,0.01,0.137,107283.0,78631.833,0.00136986301369868,7.462000000000001,36656.87357717722,2022-07-04/2022-07-10,2022-07,2022
300102.SZ,2022-07-07,7.32,7.55,7.2,7.39,7.31,0.08,1.0944,178789.82,131827.693,0.010943912448700521,7.414,35671.246905919215,2022-07-04/2022-07-10,2022-07,2022
300102.SZ,2022-07-08,7.43,7.52,7.37,7.38,7.39,-0.01,-0.1353,119160.2,88697.251,-0.0013531799729363803,7.358,37122.76205491984,2022-07-04/2022-07-10,2022-07,2022
300102.SZ,2022-07-11,7.38,7.4,7.13,7.22,7.38,-0.16,-2.168,113607.64,81890.667,-0.02168021680216803,7.3199999999999985,29358.917105786077,2022-07-11/2022-07-17,2022-07,2022
300102.SZ,2022-07-12,7.21,7.23,7.01,7.02,7.22,-0.2,-2.7701,103354.02,73297.501,-0.027700831024930817,7.264,30976.202321865872,2022-07-11/2022-07-17,2022-07,2022
300102.SZ,2022-07-13,7.04,7.13,7.01,7.1,7.02,0.08,1.1396,64384.4,45547.659,0.01139601139601143,7.2219999999999995,41177.24984408209,2022-07-11/2022-07-17,2022-07,2022
300102.SZ,2022-07-14,7.1,7.19,7.03,7.09,7.1,-0.01,-0.1408,85189.8,60717.762,-0.0014084507042253502,7.161999999999999,22418.870556207257,2022-07-11/2022-07-17,2022-07,2022
300102.SZ,2022-07-15,7.09,7.1,6.89,6.89,7.09,-0.2,-2.8209,97512.69,68235.347,-0.028208744710860434,7.064,18920.330755196952,2022-07-11/2022-07-17,2022-07,2022
300102.SZ,2022-07-18,6.95,7.17,6.94,7.14,6.89,0.25,3.6284,105344.96,74431.799,0.036284470246734424,7.047999999999999,16902.9574902243,2022-07-18/2022-07-24,2022-07,2022
300102.SZ,2022-07-19,7.16,7.18,7.0,7.1,7.14,-0.04,-0.5602,119940.34,85018.243,-0.0056022408963585235,7.064,21020.979271151322,2022-07-18/2022-07-24,2022-07,2022
300102.SZ,2022-07-20,7.12,7.25,7.09,7.2,7.1,0.1,1.4085,147549.4,105820.338,0.014084507042253502,7.083999999999999,23957.170312522157,2022-07-18/2022-07-24,2022-07,2022
300102.SZ,2022-07-21,7.2,7.31,7.13,7.19,7.2,-0.01,-0.1389,170100.4,123165.814,-0.001388888888888884,7.104000000000001,30258.3362277871,2022-07-18/2022-07-24,2022-07,2022
300102.SZ,2022-07-22,7.21,7.48,7.1,7.2,7.19,0.01,0.1391,223184.92,161159.652,0.0013908205841446364,7.1659999999999995,46399.754265735115,2022-07-18/2022-07-24,2022-07,2022
300102.SZ,2022-07-25,7.17,7.34,7.01,7.12,7.2,-0.08,-1.1111,167681.8,120219.532,-0.011111111111111072,7.162000000000001,37918.32495729814,2022-07-25/2022-07-31,2022-07,2022
300102.SZ,2022-07-26,7.15,7.29,7.01,7.26,7.12,0.14,1.9663,174897.9,125145.494,0.0196629213483146,7.194,28012.202781949018,2022-07-25/2022-07-31,2022-07,2022
300102.SZ,2022-07-27,7.35,7.5,7.3,7.42,7.26,0.16,2.2039,253791.07,187820.324,0.02203856749311295,7.2379999999999995,38659.371399903765,2022-07-25/2022-07-31,2022-07,2022
300102.SZ,2022-07-28,7.41,7.52,7.38,7.42,7.42,0.0,0.0,210636.36,156919.091,0.0,7.284000000000001,35483.8744368817,2022-07-25/2022-07-31,2022-07,2022
300102.SZ,2022-07-29,7.4,7.47,7.31,7.31,7.42,-0.11,-1.4825,133962.79,98793.346,-0.01482479784366586,7.306,45676.021819622096,2022-07-25/2022-07-31,2022-07,2022
300102.SZ,2022-08-01,7.38,7.46,7.3,7.4,7.31,0.09,1.2312,124667.41,92257.149,0.012311901504788114,7.362,53828.487437832424,2022-08-01/2022-08-07,2022-08,2022
300102.SZ,2022-08-02,7.32,7.32,7.01,7.07,7.4,-0.33,-4.4595,195356.44,139200.212,-0.04459459459459458,7.324,54159.10228476454,2022-08-01/2022-08-07,2022-08,2022
300102.SZ,2022-08-03,7.12,7.41,7.1,7.19,7.07,0.12,1.6973,221038.13,161473.807,0.016973125884016893,7.2780000000000005,44717.26316406204,2022-08-01/2022-08-07,2022-08,2022
300102.SZ,2022-08-04,7.29,7.42,7.25,7.41,7.19,0.22,3.0598,176169.52,129503.329,0.030598052851182223,7.276000000000001,40741.077843410225,2022-08-01/2022-08-07,2022-08,2022
300102.SZ,2022-08-05,7.4,7.73,7.37,7.65,7.41,0.24,3.2389,337982.15,256894.98,0.03238866396761142,7.343999999999999,79272.34818312465,2022-08-01/2022-08-07,2022-08,2022
300102.SZ,2022-08-08,7.66,7.76,7.5,7.66,7.65,0.01,0.1307,206683.94,157067.225,0.0013071895424836555,7.396000000000001,63932.35028602457,2022-08-08/2022-08-14,2022-08,2022
300102.SZ,2022-08-09,7.59,7.7,7.5,7.7,7.66,0.04,0.5222,173973.53,131902.41,0.005221932114882533,7.522,67244.8931348005,2022-08-08/2022-08-14,2022-08,2022
300102.SZ,2022-08-10,7.58,7.76,7.54,7.67,7.7,-0.03,-0.3896,164714.16,126563.461,-0.003896103896103953,7.618,72224.48259794628,2022-08-08/2022-08-14,2022-08,2022
300102.SZ,2022-08-11,7.74,7.92,7.71,7.84,7.67,0.17,2.2164,229049.72,179965.569,0.022164276401564598,7.703999999999999,69503.94464945898,2022-08-08/2022-08-14,2022-08,2022
300102.SZ,2022-08-12,7.83,7.89,7.65,7.66,7.84,-0.18,-2.2959,201085.6,155970.462,-0.022959183673469385,7.706,25943.330351301694,2022-08-08/2022-08-14,2022-08,2022
300102.SZ,2022-08-15,7.88,7.94,7.7,7.77,7.66,0.11,1.436,182380.6,142093.165,0.01436031331592691,7.728,25503.71603099018,2022-08-15/2022-08-21,2022-08,2022
300102.SZ,2022-08-16,7.74,7.84,7.66,7.73,7.77,-0.04,-0.5148,151089.0,117087.961,-0.005148005148005064,7.734,30680.831079412423,2022-08-15/2022-08-21,2022-08,2022
300102.SZ,2022-08-17,7.73,7.88,7.68,7.8,7.73,0.07,0.9056,171864.0,133927.428,0.009055627425614388,7.76,29608.176132633387,2022-08-15/2022-08-21,2022-08,2022
300102.SZ,2022-08-18,7.69,8.08,7.67,8.05,7.8,0.25,3.2051,351963.9,279914.349,0.03205128205128216,7.802,80478.0277945589,2022-08-15/2022-08-21,2022-08,2022
300102.SZ,2022-08-19,8.1,8.19,7.75,7.79,8.05,-0.26,-3.2298,310264.0,247456.974,-0.032298136645962816,7.828,91008.47352873151,2022-08-15/2022-08-21,2022-08,2022
300102.SZ,2022-08-22,7.72,7.81,7.52,7.63,7.79,-0.16,-2.0539,192422.0,146854.453,-0.020539152759948665,7.8,89699.44966738552,2022-08-22/2022-08-28,2022-08,2022
300102.SZ,2022-08-23,7.54,7.63,7.42,7.54,7.63,-0.09,-1.1796,195132.2,146311.131,-0.011795543905635641,7.7620000000000005,81084.1136212997,2022-08-22/2022-08-28,2022-08,2022
300102.SZ,2022-08-24,7.5,7.56,7.08,7.11,7.54,-0.43,-5.7029,235678.0,170865.206,-0.05702917771883287,7.6240000000000006,71252.5861033258,2022-08-22/2022-08-28,2022-08,2022
300102.SZ,2022-08-25,7.11,7.2,6.89,6.98,7.11,-0.13,-1.8284,141179.08,98732.791,-0.01828410689170179,7.409999999999999,62961.91722356839,2022-08-22/2022-08-28,2022-08,2022
300102.SZ,2022-08-26,6.98,7.06,6.83,6.87,6.98,-0.11,-1.5759,116157.21,80645.015,-0.015759312320916985,7.226000000000001,47409.857079761,2022-08-22/2022-08-28,2022-08,2022
300102.SZ,2022-08-29,6.84,6.96,6.75,6.91,6.87,0.04,0.5822,87064.0,59974.864,0.005822416302765587,7.082000000000001,60072.049574368066,2022-08-29/2022-09-04,2022-08,2022
300102.SZ,2022-08-30,6.91,6.98,6.78,6.89,6.91,-0.02,-0.2894,86015.0,59241.833,-0.0028943560057888007,6.952000000000001,61666.06820818159,2022-08-29/2022-09-04,2022-08,2022
300102.SZ,2022-08-31,6.88,6.89,6.62,6.64,6.89,-0.25,-3.6284,101775.0,68231.131,-0.036284470246734424,6.858,22997.82629169694,2022-08-29/2022-09-04,2022-08,2022
300102.SZ,2022-09-01,6.63,6.69,6.51,6.61,6.64,-0.03,-0.4518,68873.0,45651.319,-0.004518072289156572,6.784000000000001,17847.697250050143,2022-08-29/2022-09-04,2022-09,2022
300102.SZ,2022-09-02,6.62,6.85,6.6,6.8,6.61,0.19,2.8744,99174.4,66928.397,0.02874432677760952,6.7700000000000005,13072.802549247912,2022-08-29/2022-09-04,2022-09,2022
300102.SZ,2022-09-05,6.73,6.84,6.67,6.74,6.8,-0.06,-0.8824,72963.0,49133.608,-0.008823529411764675,6.736,14878.048891962238,2022-09-05/2022-09-11,2022-09,2022
300102.SZ,2022-09-06,6.75,6.82,6.71,6.82,6.74,0.08,1.1869,74890.94,50711.662,0.011869436201780381,6.7219999999999995,15642.487280504201,2022-09-05/2022-09-11,2022-09,2022
300102.SZ,2022-09-07,6.8,6.93,6.75,6.86,6.82,0.04,0.5865,92966.7,63877.517,0.0058651026392961825,6.766,13411.715863786158,2022-09-05/2022-09-11,2022-09,2022
300102.SZ,2022-09-08,6.84,6.88,6.72,6.74,6.86,-0.12,-1.7493,61804.3,41939.743,-0.017492711370262426,6.792,15344.7935871986,2022-09-05/2022-09-11,2022-09,2022
300102.SZ,2022-09-09,6.72,6.77,6.63,6.75,6.74,0.01,0.1484,65162.81,43639.378,0.0014836795252224366,6.781999999999999,12118.756820994538,2022-09-05/2022-09-11,2022-09,2022
300102.SZ,2022-09-13,6.77,6.84,6.73,6.75,6.75,0.0,0.0,59757.6,40529.183,0.0,6.784000000000001,13625.946572748551,2022-09-12/2022-09-18,2022-09,2022
300102.SZ,2022-09-14,6.64,6.74,6.57,6.65,6.75,-0.1,-1.4815,69180.0,45903.724,-0.014814814814814725,6.75,13447.691522682115,2022-09-12/2022-09-18,2022-09,2022
300102.SZ,2022-09-15,6.69,6.69,6.3,6.35,6.65,-0.3,-4.5113,109734.01,70646.309,-0.04511278195488733,6.648000000000001,20772.726719047525,2022-09-12/2022-09-18,2022-09,2022
300102.SZ,2022-09-16,6.35,6.38,6.21,6.22,6.35,-0.13,-2.0472,60217.2,37891.781,-0.020472440944881876,6.544,20999.89694290023,2022-09-12/2022-09-18,2022-09,2022
300102.SZ,2022-09-19,6.24,6.27,6.12,6.24,6.22,0.02,0.3215,50949.4,31599.357,0.003215434083601254,6.442,23146.24164652691,2022-09-19/2022-09-25,2022-09,2022
300102.SZ,2022-09-20,6.25,6.33,6.23,6.25,6.24,0.01,0.1603,51325.6,32153.529,0.0016025641025640969,6.3420000000000005,24351.873936751035,2022-09-19/2022-09-25,2022-09,2022
300102.SZ,2022-09-21,6.25,6.28,6.09,6.25,6.25,0.0,0.0,51455.0,31888.809,0.0,6.2620000000000005,25453.558620680316,2022-09-19/2022-09-25,2022-09,2022
300102.SZ,2022-09-22,6.2,6.29,6.17,6.18,6.25,-0.07,-1.12,47016.0,29316.672,-0.011200000000000099,6.228,4848.5224994395985,2022-09-19/2022-09-25,2022-09,2022
300102.SZ,2022-09-23,6.2,6.22,5.95,6.0,6.18,-0.18,-2.9126,90652.7,54898.828,-0.029126213592232997,6.184,18190.3229882699,2022-09-19/2022-09-25,2022-09,2022
300102.SZ,2022-09-26,5.94,6.02,5.86,5.87,6.0,-0.13,-2.1667,60012.56,35684.433,-0.021666666666666612,6.109999999999999,17722.81022065922,2022-09-26/2022-10-02,2022-09,2022
300102.SZ,2022-09-27,5.95,6.05,5.86,6.05,5.87,0.18,3.0664,56513.03,33763.314,0.030664395229982988,6.069999999999999,17226.182980582333,2022-09-26/2022-10-02,2022-09,2022
300102.SZ,2022-09-28,6.04,6.07,5.88,5.88,6.05,-0.17,-2.8099,54722.66,32650.086,-0.028099173553719048,5.9959999999999996,16824.679111634945,2022-09-26/2022-10-02,2022-09,2022
300102.SZ,2022-09-29,5.98,5.99,5.72,5.75,5.88,-0.13,-2.2109,61488.66,35952.683,-0.022108843537414935,5.909999999999999,14768.198855172193,2022-09-26/2022-10-02,2022-09,2022
300102.SZ,2022-09-30,5.75,5.84,5.69,5.69,5.75,-0.06,-1.0435,53671.0,30819.652,-0.01043478260869557,5.848,3366.481935581851,2022-09-26/2022-10-02,2022-09,2022
300102.SZ,2022-10-10,5.7,5.75,5.47,5.49,5.69,-0.2,-3.5149,67669.13,37911.27,-0.03514938488576458,5.772,5789.021987202251,2022-10-10/2022-10-16,2022-10,2022
300102.SZ,2022-10-11,5.55,5.64,5.44,5.62,5.49,0.13,2.3679,74351.8,41141.925,0.023679417122040025,5.686,8754.640386017354,2022-10-10/2022-10-16,2022-10,2022
300102.SZ,2022-10-12,5.57,5.84,5.56,5.83,5.62,0.21,3.7367,85027.2,48572.407,0.03736654804270456,5.676,12011.695345516993,2022-10-10/2022-10-16,2022-10,2022
300102.SZ,2022-10-13,5.83,5.99,5.77,5.87,5.83,0.04,0.6861,91149.2,53679.421,0.006861063464836947,5.700000000000001,14734.890466826784,2022-10-10/2022-10-16,2022-10,2022
300102.SZ,2022-10-14,5.89,5.97,5.87,5.96,5.87,0.09,1.5332,84990.2,50376.999,0.015332197614991383,5.7540000000000004,9439.278908041204,2022-10-10/2022-10-16,2022-10,2022
300102.SZ,2022-10-17,5.92,6.18,5.9,6.13,5.96,0.17,2.8523,110214.7,67047.076,0.028523489932885893,5.882,13238.263374839744,2022-10-17/2022-10-23,2022-10,2022
300102.SZ,2022-10-18,6.14,6.16,6.06,6.09,6.13,-0.04,-0.6525,64865.6,39634.455,-0.006525285481239762,5.976,16230.29654724832,2022-10-17/2022-10-23,2022-10,2022
300102.SZ,2022-10-19,6.09,6.17,6.06,6.07,6.09,-0.02,-0.3284,59588.66,36429.028,-0.003284072249589376,6.024,20520.98674251639,2022-10-17/2022-10-23,2022-10,2022
300102.SZ,2022-10-20,6.05,6.23,5.99,6.16,6.07,0.09,1.4827,94271.71,57788.564,0.014827018121911006,6.082,20906.762868846876,2022-10-17/2022-10-23,2022-10,2022
300102.SZ,2022-10-21,6.14,6.18,6.07,6.08,6.16,-0.08,-1.2987,53979.0,32978.071,-0.012987012987012991,6.106,24397.88706418213,2022-10-17/2022-10-23,2022-10,2022
300102.SZ,2022-10-24,6.08,6.22,5.97,5.99,6.08,-0.09,-1.4803,68983.0,41978.793,-0.014802631578947345,6.078,15554.442546535503,2022-10-24/2022-10-30,2022-10,2022
300102.SZ,2022-10-25,6.05,6.05,5.9,5.97,5.99,-0.02,-0.3339,60313.59,36059.043,-0.0033388981636061077,6.054,15936.973289977697,2022-10-24/2022-10-30,2022-10,2022
300102.SZ,2022-10-26,6.0,6.17,5.97,6.15,5.97,0.18,3.0151,81409.67,49756.557,0.03015075376884435,6.07,16238.721333615797,2022-10-24/2022-10-30,2022-10,2022
300102.SZ,2022-10-27,6.15,6.32,6.13,6.19,6.15,0.04,0.6504,83975.0,52242.363,0.006504065040650486,6.076,13006.301189633654,2022-10-24/2022-10-30,2022-10,2022
300102.SZ,2022-10-28,6.03,6.16,5.86,5.88,6.19,-0.31,-5.0081,99011.0,59593.059,-0.050080775444265035,6.036,14833.892159628187,2022-10-24/2022-10-30,2022-10,2022
300102.SZ,2022-10-31,5.87,6.05,5.87,5.95,5.88,0.07,1.1905,84882.0,50573.562,0.011904761904761862,6.0280000000000005,13894.208546350636,2022-10-31/2022-11-06,2022-10,2022
300102.SZ,2022-11-01,5.95,6.09,5.93,6.08,5.95,0.13,2.1849,80436.4,48486.098,0.02184873949579824,6.05,7527.368286366665,2022-10-31/2022-11-06,2022-11,2022
300102.SZ,2022-11-02,6.12,6.22,6.09,6.17,6.08,0.09,1.4803,83264.8,51444.728,0.014802631578947345,6.054,7290.047261000381,2022-10-31/2022-11-06,2022-11,2022
300102.SZ,2022-11-03,6.13,6.43,6.11,6.36,6.17,0.19,3.0794,169169.32,106675.613,0.030794165316045508,6.088,37485.080757892516,2022-10-31/2022-11-06,2022-11,2022
300102.SZ,2022-11-04,6.36,6.42,6.28,6.37,6.36,0.01,0.1572,89070.15,56466.988,0.0015723270440251014,6.186000000000001,38032.55833196632,2022-10-31/2022-11-06,2022-11,2022
300102.SZ,2022-11-07,6.68,7.15,6.67,6.71,6.37,0.34,5.3375,384756.66,262811.529,0.053375196232338995,6.337999999999999,130230.91298038037,2022-11-07/2022-11-13,2022-11,2022
300102.SZ,2022-11-08,6.71,7.08,6.71,6.81,6.71,0.1,1.4903,290470.33,199221.716,0.014903129657227954,6.484,131479.0728421742,2022-11-07/2022-11-13,2022-11,2022
300102.SZ,2022-11-09,6.73,6.85,6.52,6.53,6.81,-0.28,-4.1116,210681.6,138833.304,-0.041116005873715,6.556,113505.76022074383,2022-11-07/2022-11-13,2022-11,2022
300102.SZ,2022-11-10,6.52,6.82,6.49,6.78,6.53,0.25,3.8285,246298.03,164967.205,0.038284839203675425,6.640000000000001,108501.44931958363,2022-11-07/2022-11-13,2022-11,2022
300102.SZ,2022-11-11,6.87,7.16,6.77,6.96,6.78,0.18,2.6549,302877.5,210716.355,0.026548672566371723,6.758,65767.8680970429,2022-11-07/2022-11-13,2022-11,2022
300102.SZ,2022-11-14,7.0,7.09,6.85,6.99,6.96,0.03,0.431,173093.27,120806.332,0.004310344827586299,6.814,54237.60774947927,2022-11-14/2022-11-20,2022-11,2022
300102.SZ,2022-11-15,6.96,7.22,6.94,7.18,6.99,0.19,2.7182,213371.21,151290.994,0.027181688125894166,6.888,48636.773207750855,2022-11-14/2022-11-20,2022-11,2022
300102.SZ,2022-11-16,7.14,7.2,7.06,7.1,7.18,-0.08,-1.1142,123021.76,87300.311,-0.011142061281337101,7.002,68679.43241225518,2022-11-14/2022-11-20,2022-11,2022
300102.SZ,2022-11-17,7.09,7.17,6.95,7.16,7.1,0.06,0.8451,132781.41,94062.315,0.008450704225352101,7.078,73021.77542313536,2022-11-14/2022-11-20,2022-11,2022
300102.SZ,2022-11-18,7.22,7.23,7.0,7.07,7.16,-0.09,-1.257,111417.6,79043.017,-0.012569832402234637,7.1,42010.117910716006,2022-11-14/2022-11-20,2022-11,2022
300102.SZ,2022-11-21,6.98,7.06,6.91,6.97,7.07,-0.1,-1.4144,78058.6,54581.203,-0.014144271570014189,7.095999999999999,50088.518766283305,2022-11-21/2022-11-27,2022-11,2022
300102.SZ,2022-11-22,6.97,7.08,6.81,6.84,6.97,-0.13,-1.8651,112676.0,77974.563,-0.0186513629842181,7.0280000000000005,20647.789787510832,2022-11-21/2022-11-27,2022-11,2022
300102.SZ,2022-11-23,6.83,6.87,6.68,6.76,6.84,-0.08,-1.1696,87265.42,58996.135,-0.011695906432748537,6.959999999999999,21855.769161109987,2022-11-21/2022-11-27,2022-11,2022
300102.SZ,2022-11-24,6.79,6.83,6.67,6.69,6.76,-0.07,-1.0355,58675.6,39435.715,-0.010355029585798703,6.866,22931.857757611033,2022-11-21/2022-11-27,2022-11,2022
300102.SZ,2022-11-25,6.69,6.73,6.58,6.6,6.69,-0.09,-1.3453,56997.01,37852.058,-0.013452914798206428,6.772,22913.624766782094,2022-11-21/2022-11-27,2022-11,2022
300102.SZ,2022-11-28,6.56,6.64,6.52,6.62,6.6,0.02,0.303,61865.24,40852.488,0.003030303030303161,6.702,24144.397654455683,2022-11-28/2022-12-04,2022-11,2022
300102.SZ,2022-11-29,6.63,6.8,6.63,6.78,6.62,0.16,2.4169,67455.9,45427.036,0.024169184290030232,6.69,12299.531163063573,2022-11-28/2022-12-04,2022-11,2022
300102.SZ,2022-11-30,6.8,6.8,6.66,6.67,6.78,-0.11,-1.6224,60308.0,40405.627,-0.016224188790560534,6.672,4009.8224011025923,2022-11-28/2022-12-04,2022-11,2022
300102.SZ,2022-12-01,6.73,6.78,6.67,6.68,6.67,0.01,0.1499,55500.13,37336.167,0.0014992503748125774,6.67,4677.793141409017,2022-11-28/2022-12-04,2022-12,2022
300102.SZ,2022-12-02,6.67,6.74,6.63,6.67,6.68,-0.01,-0.1497,55379.13,36982.106,-0.0014970059880239361,6.684,5017.818363784482,2022-11-28/2022-12-04,2022-12,2022
300102.SZ,2022-12-05,6.7,6.79,6.7,6.78,6.67,0.11,1.6492,64665.0,43597.634,0.016491754122938573,6.715999999999999,5405.09062979092,2022-12-05/2022-12-11,2022-12,2022
300102.SZ,2022-12-06,6.76,6.82,6.68,6.7,6.78,-0.08,-1.1799,68364.0,46086.816,-0.01179941002949858,6.7,5697.795294993835,2022-12-05/2022-12-11,2022-12,2022
300102.SZ,2022-12-07,6.69,6.7,6.59,6.6,6.7,-0.1,-1.4925,58190.0,38631.948,-0.014925373134328401,6.686,5824.8508900789275,2022-12-05/2022-12-11,2022-12,2022
300102.SZ,2022-12-08,6.62,6.64,6.51,6.51,6.6,-0.09,-1.3636,50419.0,32996.398,-0.013636363636363669,6.651999999999999,7182.6756655832505,2022-12-05/2022-12-11,2022-12,2022
300102.SZ,2022-12-09,6.52,6.59,6.5,6.54,6.51,0.03,0.4608,42957.47,28111.758,0.004608294930875667,6.6259999999999994,10365.547524070214,2022-12-05/2022-12-11,2022-12,2022
300102.SZ,2022-12-12,6.54,6.59,6.45,6.54,6.54,0.0,0.0,50726.1,33101.926,0.0,6.578,9608.24945263465,2022-12-12/2022-12-18,2022-12,2022
300102.SZ,2022-12-13,6.55,6.57,6.42,6.44,6.54,-0.1,-1.5291,46751.8,30286.369,-0.015290519877675823,6.525999999999999,5651.200503207055,2022-12-12/2022-12-18,2022-12,2022
300102.SZ,2022-12-14,6.57,6.75,6.53,6.55,6.44,0.11,1.7081,123656.92,82360.497,0.017080745341614856,6.516,34109.571129826705,2022-12-12/2022-12-18,2022-12,2022
300102.SZ,2022-12-15,6.48,6.73,6.42,6.64,6.55,0.09,1.374,107224.2,71175.262,0.013740458015267132,6.542,38134.91849208445,2022-12-12/2022-12-18,2022-12,2022
300102.SZ,2022-12-16,6.59,6.64,6.49,6.5,6.64,-0.14,-2.1084,65137.69,42607.04,-0.02108433734939752,6.534000000000001,34720.01388373183,2022-12-12/2022-12-18,2022-12,2022
300102.SZ,2022-12-19,6.52,6.55,6.21,6.23,6.5,-0.27,-4.1538,74197.0,46967.826,-0.041538461538461524,6.4719999999999995,31422.5621269119,2022-12-19/2022-12-25,2022-12,2022
300102.SZ,2022-12-20,6.23,6.38,6.22,6.29,6.23,0.06,0.9631,54563.67,34368.423,0.009630818619582593,6.442,29265.37696287117,2022-12-19/2022-12-25,2022-12,2022
300102.SZ,2022-12-21,6.29,6.29,6.11,6.17,6.29,-0.12,-1.9078,44688.0,27672.3,-0.019077901430842648,6.3660000000000005,23991.48432017424,2022-12-19/2022-12-25,2022-12,2022
300102.SZ,2022-12-22,6.19,6.21,6.01,6.04,6.17,-0.13,-2.107,50947.67,31047.093,-0.021069692058346856,6.246,11747.330209711869,2022-12-19/2022-12-25,2022-12,2022
300102.SZ,2022-12-23,5.99,6.16,5.99,6.07,6.04,0.03,0.4967,40569.4,24612.829,0.004966887417218624,6.16,13034.366659973986,2022-12-19/2022-12-25,2022-12,2022
300102.SZ,2022-12-26,6.05,6.18,6.03,6.18,6.07,0.11,1.8122,46864.82,28771.314,0.01812191103789118,6.15,5434.204372162762,2022-12-26/2023-01-01,2022-12,2022
300102.SZ,2022-12-27,6.19,6.2,6.08,6.13,6.18,-0.05,-0.8091,39175.05,24006.586,-0.008090614886731351,6.118,4769.482775975615,2022-12-26/2023-01-01,2022-12,2022
300102.SZ,2022-12-28,6.11,6.12,6.0,6.01,6.13,-0.12,-1.9576,34971.0,21117.658,-0.019575856443719397,6.086,6361.662042919681,2022-12-26/2023-01-01,2022-12,2022
300102.SZ,2022-12-29,6.0,6.34,5.97,6.24,6.01,0.23,3.827,103598.0,64417.499,0.038269550748752046,6.126,28585.335320119153,2022-12-26/2023-01-01,2022-12,2022
300102.SZ,2022-12-30,6.41,6.41,6.27,6.32,6.24,0.08,1.2821,79988.0,50735.774,0.012820512820512775,6.176,29701.60703722046,2022-12-26/2023-01-01,2022-12,2022
300102.SZ,2023-01-03,6.31,6.57,6.29,6.53,6.32,0.21,3.3228,95555.66,61676.03,0.03322784810126578,6.246,31846.208887902485,2023-01-02/2023-01-08,2023-01,2023
300102.SZ,2023-01-04,6.5,6.61,6.46,6.5,6.53,-0.03,-0.4594,59910.0,39038.716,-0.004594180704441064,6.32,27816.806108622997,2023-01-02/2023-01-08,2023-01,2023
300102.SZ,2023-01-05,6.5,6.53,6.43,6.47,6.5,-0.03,-0.4615,49478.0,31989.403,-0.004615384615384688,6.412000000000001,22955.016609071103,2023-01-02/2023-01-08,2023-01,2023
300102.SZ,2023-01-06,6.45,6.51,6.4,6.42,6.47,-0.05,-0.7728,51604.0,33336.1,-0.007727975270479082,6.447999999999999,19861.820231960464,2023-01-02/2023-01-08,2023-01,2023
300102.SZ,2023-01-09,6.41,6.52,6.39,6.4,6.42,-0.02,-0.3115,43014.0,27695.226,-0.0031152647975076775,6.464,20820.0872094884,2023-01-09/2023-01-15,2023-01,2023
300102.SZ,2023-01-10,6.41,6.47,6.38,6.43,6.4,0.03,0.4688,36992.82,23775.811,0.004687499999999956,6.444,8701.150488185105,2023-01-09/2023-01-15,2023-01,2023
300102.SZ,2023-01-11,6.45,6.47,6.31,6.34,6.43,-0.09,-1.3997,49027.0,31365.876,-0.013996889580093264,6.412000000000001,5972.998277585593,2023-01-09/2023-01-15,2023-01,2023
300102.SZ,2023-01-12,6.32,6.52,6.29,6.45,6.34,0.11,1.735,79641.1,51275.541,0.01735015772870674,6.4079999999999995,16423.87014749721,2023-01-09/2023-01-15,2023-01,2023
300102.SZ,2023-01-13,6.45,6.48,6.34,6.41,6.45,-0.04,-0.6202,53840.0,34427.754,-0.006201550387596955,6.406000000000001,16438.928046252004,2023-01-09/2023-01-15,2023-01,2023
300102.SZ,2023-01-16,6.39,6.56,6.39,6.53,6.41,0.12,1.8721,68997.4,44802.917,0.018720748829953227,6.432,16792.490493939807,2023-01-16/2023-01-22,2023-01,2023
300102.SZ,2023-01-17,6.53,6.59,6.5,6.57,6.53,0.04,0.6126,51763.4,33925.377,0.006125574272588086,6.460000000000001,13141.373435512116,2023-01-16/2023-01-22,2023-01,2023
300102.SZ,2023-01-18,6.59,6.92,6.55,6.91,6.57,0.34,5.175,176988.0,120391.984,0.05175038051750369,6.574,51996.26911790522,2023-01-16/2023-01-22,2023-01,2023
300102.SZ,2023-01-19,6.83,7.0,6.66,6.99,6.91,0.08,1.1577,194060.2,133148.698,0.011577424023154759,6.6819999999999995,70314.26511412645,2023-01-16/2023-01-22,2023-01,2023
300102.SZ,2023-01-20,6.93,7.17,6.92,7.17,6.99,0.18,2.5751,161011.73,114147.438,0.025751072961373245,6.8340000000000005,65410.24432075815,2023-01-16/2023-01-22,2023-01,2023
300102.SZ,2023-01-30,7.24,7.24,6.93,7.09,7.17,-0.08,-1.1158,279599.88,197799.947,-0.01115760111576014,6.946,81646.34885876025,2023-01-30/2023-02-05,2023-01,2023
300102.SZ,2023-01-31,7.07,7.07,6.95,6.97,7.09,-0.12,-1.6925,80013.26,55939.885,-0.016925246826516194,7.025999999999999,71538.33322916638,2023-01-30/2023-02-05,2023-01,2023
300102.SZ,2023-02-01,7.0,7.07,6.96,7.02,6.97,0.05,0.7174,97273.86,68323.458,0.007173601147776099,7.048,80263.77783817632,2023-01-30/2023-02-05,2023-02,2023
300102.SZ,2023-02-02,7.03,7.12,6.97,6.97,7.02,-0.05,-0.7123,109715.1,77014.603,-0.00712250712250706,7.044,80805.66464563234,2023-01-30/2023-02-05,2023-02,2023
300102.SZ,2023-02-03,6.93,7.02,6.88,6.97,6.97,0.0,0.0,78103.0,54251.611,0.0,7.004,85218.7876805173,2023-01-30/2023-02-05,2023-02,2023
300102.SZ,2023-02-06,6.96,7.01,6.91,6.92,6.97,-0.05,-0.7174,47450.0,32928.692,-0.00717360114777621,6.970000000000001,23520.990531257146,2023-02-06/2023-02-12,2023-02,2023
300102.SZ,2023-02-07,6.93,7.05,6.91,6.99,6.92,0.07,1.0116,81136.9,56606.876,0.010115606936416333,6.973999999999999,23496.514718879665,2023-02-06/2023-02-12,2023-02,2023
300102.SZ,2023-02-08,6.98,7.04,6.91,6.92,6.99,-0.07,-1.0014,62842.0,43734.761,-0.010014306151645225,6.953999999999999,23214.43721490136,2023-02-06/2023-02-12,2023-02,2023
300102.SZ,2023-02-09,6.9,7.04,6.86,7.04,6.92,0.12,1.7341,118500.9,83057.479,0.01734104046242768,6.968000000000001,26516.349391697942,2023-02-06/2023-02-12,2023-02,2023
300102.SZ,2023-02-10,7.04,7.07,6.93,6.98,7.04,-0.06,-0.8523,103325.0,72441.199,-0.008522727272727182,6.970000000000001,28924.163716564188,2023-02-06/2023-02-12,2023-02,2023
300102.SZ,2023-02-13,7.0,7.1,6.97,7.04,6.98,0.06,0.8596,76798.7,54007.194,0.008595988538681931,6.994,22188.404126133497,2023-02-13/2023-02-19,2023-02,2023
300102.SZ,2023-02-14,7.04,7.14,7.01,7.04,7.04,0.0,0.0,74946.03,52931.678,0.0,7.0040000000000004,22865.8418801713,2023-02-13/2023-02-19,2023-02,2023
300102.SZ,2023-02-15,7.04,7.15,7.02,7.15,7.04,0.11,1.5625,103357.56,73541.577,0.015625,7.05,18868.97046792563,2023-02-13/2023-02-19,2023-02,2023
300102.SZ,2023-02-16,7.12,7.27,6.9,6.98,7.15,-0.17,-2.3776,136974.0,97281.481,-0.023776223776223793,7.037999999999999,25254.591750166066,2023-02-13/2023-02-19,2023-02,2023
300102.SZ,2023-02-17,6.99,7.03,6.81,6.83,6.98,-0.15,-2.149,85451.01,58961.915,-0.02148997134670494,7.008,25763.444454134617,2023-02-13/2023-02-19,2023-02,2023
300102.SZ,2023-02-20,6.86,6.94,6.8,6.92,6.83,0.09,1.3177,57078.01,39198.615,0.013177159590043841,6.984,30430.105165587138,2023-02-20/2023-02-26,2023-02,2023
300102.SZ,2023-02-21,6.94,7.03,6.91,6.95,6.92,0.03,0.4335,61060.0,42516.972,0.004335260115607031,6.966000000000001,32862.07369911778,2023-02-20/2023-02-26,2023-02,2023
300102.SZ,2023-02-22,6.92,7.04,6.9,7.0,6.95,0.05,0.7194,62675.6,43677.808,0.007194244604316502,6.936,33383.86030343756,2023-02-20/2023-02-26,2023-02,2023
300102.SZ,2023-02-23,7.02,7.03,6.88,6.95,7.0,-0.05,-0.7143,59659.9,41476.44,-0.0071428571428571175,6.93,11513.838320716824,2023-02-20/2023-02-26,2023-02,2023
300102.SZ,2023-02-24,7.0,7.06,6.94,6.97,6.95,0.02,0.2878,62393.0,43631.246,0.0028776978417266452,6.958,2292.335163777158,2023-02-20/2023-02-26,2023-02,2023
300102.SZ,2023-02-27,6.95,7.99,6.8,7.75,6.97,0.78,11.1908,506729.38,378764.775,0.1119081779053086,7.124,199139.8862380503,2023-02-27/2023-03-05,2023-02,2023
300102.SZ,2023-02-28,7.6,7.79,7.43,7.55,7.75,-0.2,-2.5806,458481.78,347943.219,-0.02580645161290329,7.244,231240.3423774381,2023-02-27/2023-03-05,2023-02,2023
300102.SZ,2023-03-01,7.51,7.86,7.45,7.74,7.55,0.19,2.5166,420902.77,320944.173,0.02516556291390737,7.392,221742.02445374778,2023-02-27/2023-03-05,2023-03,2023
300102.SZ,2023-03-02,7.36,7.45,7.16,7.33,7.74,-0.41,-5.2972,390767.3,287542.594,-0.05297157622739024,7.467999999999999,176171.3508992719,2023-02-27/2023-03-05,2023-03,2023
300102.SZ,2023-03-03,7.36,7.48,7.3,7.39,7.33,0.06,0.8186,199008.57,147083.682,0.008185538881309684,7.552,117913.89048236984,2023-02-27/2023-03-05,2023-03,2023
300102.SZ,2023-03-06,7.39,7.58,7.32,7.49,7.39,0.1,1.3532,203894.7,152418.188,0.013531799729364025,7.5,123913.8207029623,2023-03-06/2023-03-12,2023-03,2023
300102.SZ,2023-03-07,7.42,7.5,7.2,7.2,7.49,-0.29,-3.8718,181351.86,132464.333,-0.03871829105473967,7.4300000000000015,116407.41867568971,2023-03-06/2023-03-12,2023-03,2023
300102.SZ,2023-03-08,7.17,7.29,7.15,7.27,7.2,0.07,0.9722,102486.0,74196.949,0.009722222222222188,7.336,106140.8690703903,2023-03-06/2023-03-12,2023-03,2023
300102.SZ,2023-03-09,7.25,7.42,7.25,7.37,7.27,0.1,1.3755,140069.0,103154.054,0.01375515818431916,7.343999999999999,43202.03551301206,2023-03-06/2023-03-12,2023-03,2023
300102.SZ,2023-03-10,7.34,7.43,7.24,7.26,7.37,-0.11,-1.4925,141081.42,103422.815,-0.014925373134328401,7.3180000000000005,39534.827851620095,2023-03-06/2023-03-12,2023-03,2023
300102.SZ,2023-03-13,7.2,7.29,7.12,7.22,7.26,-0.04,-0.551,97351.0,70140.318,-0.005509641873278293,7.264,34109.096977533736,2023-03-13/2023-03-19,2023-03,2023
300102.SZ,2023-03-14,7.26,7.41,7.12,7.41,7.22,0.19,2.6316,202944.37,148399.106,0.026315789473684292,7.306,42242.655774085135,2023-03-13/2023-03-19,2023-03,2023
300102.SZ,2023-03-15,7.44,7.53,7.35,7.38,7.41,-0.03,-0.4049,170547.32,126894.259,-0.004048582995951455,7.328,39289.27082423482,2023-03-13/2023-03-19,2023-03,2023
300102.SZ,2023-03-16,7.32,7.44,7.22,7.24,7.38,-0.14,-1.897,118329.99,86422.073,-0.01897018970189701,7.302,41838.2790161497,2023-03-13/2023-03-19,2023-03,2023
300102.SZ,2023-03-17,7.3,7.38,7.28,7.34,7.24,0.1,1.3812,110132.97,80850.829,0.013812154696132506,7.3180000000000005,44932.17684720698,2023-03-13/2023-03-19,2023-03,2023
300102.SZ,2023-03-20,7.38,7.44,7.33,7.35,7.34,0.01,0.1362,133503.0,98611.149,0.0013623978201635634,7.343999999999999,38882.911762735755,2023-03-20/2023-03-26,2023-03,2023
300102.SZ,2023-03-21,7.34,7.43,7.24,7.43,7.35,0.08,1.0884,116655.25,85749.056,0.010884353741496655,7.347999999999999,24316.6006397512,2023-03-20/2023-03-26,2023-03,2023
300102.SZ,2023-03-22,7.4,7.53,7.35,7.5,7.43,0.07,0.9421,136974.84,102011.428,0.009421265141319024,7.372,11545.165805299555,2023-03-20/2023-03-26,2023-03,2023
300102.SZ,2023-03-23,7.48,7.6,7.45,7.52,7.5,0.02,0.2667,156237.05,117475.546,0.002666666666666595,7.428,18163.349583542946,2023-03-20/2023-03-26,2023-03,2023
300102.SZ,2023-03-24,7.54,7.54,7.34,7.4,7.52,-0.12,-1.5957,135491.0,100415.81,-0.015957446808510523,7.44,14061.85041050422,2023-03-20/2023-03-26,2023-03,2023
300102.SZ,2023-03-27,7.42,7.45,7.29,7.37,7.4,-0.03,-0.4054,99576.18,73410.829,-0.004054054054054124,7.444,21597.11334825437,2023-03-27/2023-04-02,2023-03,2023
300102.SZ,2023-03-28,7.38,7.4,7.14,7.16,7.37,-0.21,-2.8494,117418.04,84958.452,-0.028493894165535938,7.390000000000001,21490.659803101382,2023-03-27/2023-04-02,2023-03,2023
300102.SZ,2023-03-29,7.18,7.44,7.11,7.36,7.16,0.2,2.7933,142071.09,103583.07,0.027932960893854775,7.362,22068.267627441648,2023-03-27/2023-04-02,2023-03,2023
300102.SZ,2023-03-30,7.34,7.47,7.31,7.44,7.36,0.08,1.087,133700.75,99058.273,0.010869565217391353,7.346000000000001,17167.711686584273,2023-03-27/2023-04-02,2023-03,2023
300102.SZ,2023-03-31,7.44,7.49,7.38,7.47,7.44,0.03,0.4032,113438.0,84379.808,0.004032258064516014,7.360000000000001,16837.489993216786,2023-03-27/2023-04-02,2023-03,2023
300102.SZ,2023-04-03,7.44,7.63,7.41,7.59,7.47,0.12,1.6064,167555.57,126682.602,0.016064257028112428,7.404000000000001,21710.972531392425,2023-04-03/2023-04-09,2023-04,2023
300102.SZ,2023-04-04,7.61,7.75,7.54,7.68,7.59,0.09,1.1858,230507.05,176737.013,0.011857707509881354,7.508,45213.51814221804,2023-04-03/2023-04-09,2023-04,2023
300102.SZ,2023-04-06,7.58,7.94,7.58,7.79,7.68,0.11,1.4323,319608.6,249242.127,0.01432291666666674,7.593999999999999,83562.01452210353,2023-04-03/2023-04-09,2023-04,2023
300102.SZ,2023-04-07,7.8,7.82,7.66,7.72,7.79,-0.07,-0.8986,190700.46,147269.71,-0.00898587933247752,7.65,77093.88301213956,2023-04-03/2023-04-09,2023-04,2023
300102.SZ,2023-04-10,7.69,7.81,7.55,7.57,7.72,-0.15,-1.943,151003.25,115701.906,-0.01943005181347146,7.67,67215.37179834663,2023-04-10/2023-04-16,2023-04,2023
300102.SZ,2023-04-11,7.59,7.64,7.51,7.56,7.57,-0.01,-0.1321,99077.12,74924.892,-0.0013210039630119352,7.664,83505.85778951709,2023-04-10/2023-04-16,2023-04,2023
300102.SZ,2023-04-12,7.57,7.65,7.51,7.61,7.56,0.05,0.6614,96487.38,73292.727,0.006613756613756738,7.65,91647.1778784497,2023-04-10/2023-04-16,2023-04,2023
300102.SZ,2023-04-13,7.63,7.64,7.28,7.31,7.61,-0.3,-3.9422,174821.44,129168.933,-0.03942181340341666,7.554,43136.23510976865,2023-04-10/2023-04-16,2023-04,2023
300102.SZ,2023-04-14,7.36,7.38,7.16,7.37,7.31,0.06,0.8208,109987.0,80205.277,0.008207934336525335,7.484,34858.89093979659,2023-04-10/2023-04-16,2023-04,2023
300102.SZ,2023-04-17,7.33,7.41,7.26,7.33,7.37,-0.04,-0.5427,82232.0,60314.019,-0.005427408412483015,7.436,36204.296640559274,2023-04-17/2023-04-23,2023-04,2023
300102.SZ,2023-04-18,7.3,7.34,7.11,7.14,7.33,-0.19,-2.5921,105440.69,75708.165,-0.02592087312414737,7.351999999999999,35722.186415758675,2023-04-17/2023-04-23,2023-04,2023
300102.SZ,2023-04-19,7.18,7.42,7.11,7.2,7.14,0.06,0.8403,120370.34,87262.44,0.008403361344537785,7.2700000000000005,34401.89907487639,2023-04-17/2023-04-23,2023-04,2023
300102.SZ,2023-04-20,7.17,7.26,7.15,7.23,7.2,0.03,0.4167,77738.09,56041.089,0.004166666666666652,7.254,18384.808454071543,2023-04-17/2023-04-23,2023-04,2023
300102.SZ,2023-04-21,7.04,7.05,6.26,6.32,7.23,-0.91,-12.5864,399887.4,260835.037,-0.12586445366528354,7.044,136809.1721479236,2023-04-17/2023-04-23,2023-04,2023
300102.SZ,2023-04-24,6.3,6.39,6.21,6.26,6.32,-0.06,-0.9494,140271.0,88159.867,-0.009493670886076,6.83,131212.97454433463,2023-04-24/2023-04-30,2023-04,2023
300102.SZ,2023-04-25,6.26,6.29,6.11,6.18,6.26,-0.08,-1.278,112856.06,69967.615,-0.012779552715655007,6.638,130357.74910861265,2023-04-24/2023-04-30,2023-04,2023
300102.SZ,2023-04-26,6.18,6.31,6.16,6.28,6.18,0.1,1.6181,89750.02,56256.929,0.016181229773462924,6.453999999999999,133954.99211489863,2023-04-24/2023-04-30,2023-04,2023
300102.SZ,2023-04-27,6.25,6.32,6.18,6.2,6.28,-0.08,-1.2739,81484.97,50842.812,-0.01273885350318471,6.247999999999999,133360.23738292788,2023-04-24/2023-04-30,2023-04,2023
300102.SZ,2023-04-28,6.17,6.34,6.15,6.32,6.2,0.12,1.9355,78002.0,49097.723,0.019354838709677358,6.247999999999999,26065.75532735954,2023-04-24/2023-04-30,2023-04,2023
300102.SZ,2023-05-04,6.32,6.35,6.23,6.31,6.32,-0.01,-0.1582,70567.86,44364.16,-0.0015822784810127777,6.258,16251.145845735662,2023-05-01/2023-05-07,2023-05,2023
300102.SZ,2023-05-05,6.32,6.33,6.21,6.22,6.31,-0.09,-1.4263,64944.0,40616.399,-0.01426307448494446,6.266,9622.745393271985,2023-05-01/2023-05-07,2023-05,2023
300102.SZ,2023-05-08,6.26,6.29,6.21,6.24,6.22,0.02,0.3215,56139.02,35088.135,0.003215434083601254,6.258,10169.68493753505,2023-05-08/2023-05-14,2023-05,2023
300102.SZ,2023-05-09,6.24,6.29,6.15,6.15,6.24,-0.09,-1.4423,91675.0,56901.28,-0.014423076923076872,6.248,13473.917614038995,2023-05-08/2023-05-14,2023-05,2023
300102.SZ,2023-05-10,6.14,6.2,6.08,6.18,6.15,0.03,0.4878,48836.04,30114.459,0.004878048780487809,6.220000000000001,16371.406291174306,2023-05-08/2023-05-14,2023-05,2023
300102.SZ,2023-05-11,6.17,6.26,6.16,6.22,6.18,0.04,0.6472,47996.02,29819.246,0.006472491909385036,6.202,17979.095773978595,2023-05-08/2023-05-14,2023-05,2023
300102.SZ,2023-05-12,6.21,6.26,6.15,6.16,6.22,-0.06,-0.9646,47131.0,29192.155,-0.009646302250803762,6.1899999999999995,18967.2758232143,2023-05-08/2023-05-14,2023-05,2023
300102.SZ,2023-05-15,6.2,6.26,6.13,6.25,6.16,0.09,1.461,52800.0,32672.557,0.014610389610389518,6.192,19122.961547624593,2023-05-15/2023-05-21,2023-05,2023
300102.SZ,2023-05-16,6.29,6.29,6.16,6.22,6.25,-0.03,-0.48,51541.42,31976.783,-0.0048000000000000265,6.2059999999999995,2410.545463308409,2023-05-15/2023-05-21,2023-05,2023
300102.SZ,2023-05-17,6.22,6.26,6.19,6.25,6.22,0.03,0.4823,49936.58,31148.346,0.004823151125401992,6.22,2366.2361627439223,2023-05-15/2023-05-21,2023-05,2023
300102.SZ,2023-05-18,6.25,6.37,6.25,6.35,6.25,0.1,1.6,92202.44,58301.529,0.016000000000000014,6.246,18835.508759322915,2023-05-15/2023-05-21,2023-05,2023
300102.SZ,2023-05-19,6.37,6.57,6.34,6.49,6.35,0.14,2.2047,119131.46,77116.32,0.022047244094488327,6.311999999999999,31213.788688152417,2023-05-15/2023-05-21,2023-05,2023
300102.SZ,2023-05-22,6.48,6.53,6.41,6.49,6.49,0.0,0.0,75026.88,48597.963,0.0,6.36,29107.66037297258,2023-05-22/2023-05-28,2023-05,2023
300102.SZ,2023-05-23,6.49,6.54,6.42,6.42,6.49,-0.07,-1.0786,67945.94,44016.457,-0.01078582434514641,6.4,26222.18093437392,2023-05-22/2023-05-28,2023-05,2023
300102.SZ,2023-05-24,6.39,6.52,6.38,6.42,6.42,0.0,0.0,60127.58,38778.934,0.0,6.434,23470.440249706568,2023-05-22/2023-05-28,2023-05,2023
300102.SZ,2023-05-25,6.45,6.49,6.3,6.41,6.42,-0.01,-0.1558,54665.0,34911.762,-0.0015576323987538387,6.446,25648.23450470139,2023-05-22/2023-05-28,2023-05,2023
300102.SZ,2023-05-26,6.43,6.46,6.36,6.44,6.41,0.03,0.468,49766.17,31961.957,0.004680187207488418,6.436,10134.22362355375,2023-05-22/2023-05-28,2023-05,2023
300102.SZ,2023-05-29,6.48,6.54,6.43,6.46,6.44,0.02,0.3106,68804.02,44638.499,0.0031055900621117516,6.43,8269.15903213459,2023-05-29/2023-06-04,2023-05,2023
300102.SZ,2023-05-30,6.43,6.52,6.37,6.51,6.46,0.05,0.774,59542.57,38336.679,0.007739938080495223,6.448,7086.306308400775,2023-05-29/2023-06-04,2023-05,2023
300102.SZ,2023-05-31,6.47,6.59,6.47,6.57,6.51,0.06,0.9217,73215.0,47865.886,0.009216589861751334,6.478,9725.830328937698,2023-05-29/2023-06-04,2023-05,2023
300102.SZ,2023-06-01,6.53,6.72,6.53,6.66,6.57,0.09,1.3699,80669.0,53649.309,0.013698630136986356,6.5280000000000005,12036.782613443336,2023-05-29/2023-06-04,2023-06,2023
300102.SZ,2023-06-02,6.71,6.81,6.6,6.74,6.66,0.08,1.2012,103764.94,69653.012,0.012012012012011963,6.588000000000001,16702.451418663582,2023-05-29/2023-06-04,2023-06,2023
300102.SZ,2023-06-05,6.68,6.74,6.63,6.68,6.74,-0.06,-0.8902,82429.02,55159.141,-0.008902077151335397,6.632000000000001,16090.633456076894,2023-06-05/2023-06-11,2023-06,2023
300102.SZ,2023-06-06,6.67,6.75,6.48,6.49,6.68,-0.19,-2.8443,86011.86,56581.514,-0.02844311377245501,6.628,11370.609223956671,2023-06-05/2023-06-11,2023-06,2023
300102.SZ,2023-06-07,6.51,6.73,6.43,6.67,6.49,0.18,2.7735,91969.73,60796.658,0.027734976887519247,6.648000000000001,9331.803635345837,2023-06-05/2023-06-11,2023-06,2023
300102.SZ,2023-06-08,6.67,6.67,6.48,6.51,6.67,-0.16,-2.3988,77526.0,50753.9,-0.02398800599700157,6.617999999999999,10104.531530637772,2023-06-05/2023-06-11,2023-06,2023
300102.SZ,2023-06-09,6.53,6.58,6.45,6.55,6.51,0.04,0.6144,49525.88,32266.576,0.006144393241167334,6.58,16497.513975337548,2023-06-05/2023-06-11,2023-06,2023
300102.SZ,2023-06-12,6.51,6.65,6.47,6.6,6.55,0.05,0.7634,50516.96,33305.986,0.007633587786259444,6.564,19926.78069652769,2023-06-12/2023-06-18,2023-06,2023
300102.SZ,2023-06-13,6.59,6.61,6.54,6.58,6.6,-0.02,-0.303,45248.0,29757.832,-0.003030303030302939,6.581999999999999,20632.21100133471,2023-06-12/2023-06-18,2023-06,2023
300102.SZ,2023-06-14,6.55,6.62,6.48,6.49,6.58,-0.09,-1.3678,56262.42,36645.574,-0.013677811550151908,6.546000000000001,12755.895198312308,2023-06-12/2023-06-18,2023-06,2023
300102.SZ,2023-06-15,6.49,6.52,6.41,6.45,6.49,-0.04,-0.6163,55572.0,35838.972,-0.006163328197226536,6.534000000000001,4560.2840826335305,2023-06-12/2023-06-18,2023-06,2023
300102.SZ,2023-06-16,6.45,6.68,6.41,6.61,6.45,0.16,2.4806,118882.2,78457.101,0.024806201550387597,6.546000000000001,30281.9455322689,2023-06-12/2023-06-18,2023-06,2023
300102.SZ,2023-06-19,6.58,6.91,6.54,6.81,6.61,0.2,3.0257,175404.07,118603.963,0.030257186081694254,6.587999999999999,55798.55504221571,2023-06-19/2023-06-25,2023-06,2023
300102.SZ,2023-06-20,6.75,6.77,6.6,6.64,6.81,-0.17,-2.4963,123187.0,82079.826,-0.02496328928046987,6.6,50732.0982417266,2023-06-19/2023-06-25,2023-06,2023
300102.SZ,2023-06-21,6.64,6.96,6.42,6.55,6.64,-0.09,-1.3554,210037.75,139640.572,-0.013554216867469826,6.612,59072.46267297946,2023-06-19/2023-06-25,2023-06,2023
300102.SZ,2023-06-26,6.54,6.73,6.42,6.42,6.55,-0.13,-1.9847,192242.35,126157.541,-0.01984732824427482,6.606,41074.51232734712,2023-06-26/2023-07-02,2023-06,2023
300102.SZ,2023-06-27,6.37,6.5,6.37,6.46,6.42,0.04,0.6231,87128.87,56190.954,0.006230529595015577,6.5760000000000005,51032.41538381631,2023-06-26/2023-07-02,2023-06,2023
300102.SZ,2023-06-28,6.46,6.48,6.23,6.42,6.46,-0.04,-0.6192,100934.04,63932.097,-0.006191950464396245,6.497999999999999,55231.603072114434,2023-06-26/2023-07-02,2023-06,2023
300102.SZ,2023-06-29,6.39,6.53,6.37,6.49,6.42,0.07,1.0903,87300.85,56649.333,0.010903426791277315,6.467999999999999,60484.08093946076,2023-06-26/2023-07-02,2023-06,2023
300102.SZ,2023-06-30,6.48,6.64,6.44,6.58,6.49,0.09,1.3867,80554.0,52623.991,0.013867488443759513,6.474000000000001,46772.65664733993,2023-06-26/2023-07-02,2023-06,2023
300102.SZ,2023-07-03,6.58,6.82,6.56,6.69,6.58,0.11,1.6717,136085.5,91466.357,0.016717325227963542,6.5280000000000005,22334.54434863257,2023-07-03/2023-07-09,2023-07,2023
300102.SZ,2023-07-04,7.3,7.37,6.95,6.98,6.69,0.29,4.3348,375185.09,264325.252,0.0433482810164425,6.632,124381.09016087124,2023-07-03/2023-07-09,2023-07,2023
300102.SZ,2023-07-05,6.98,7.23,6.84,7.14,6.98,0.16,2.2923,391605.27,276604.188,0.022922636103151817,6.776000000000001,156089.18702110025,2023-07-03/2023-07-09,2023-07,2023
300102.SZ,2023-07-06,7.0,7.12,6.86,6.87,7.14,-0.27,-3.7815,227424.44,158226.129,-0.037815126050420145,6.851999999999999,139297.3422394933,2023-07-03/2023-07-09,2023-07,2023
300102.SZ,2023-07-07,6.92,6.97,6.72,6.78,6.87,-0.09,-1.31,138316.9,93994.219,-0.013100436681222738,6.892,124110.15597855617,2023-07-03/2023-07-09,2023-07,2023
300102.SZ,2023-07-10,6.79,6.83,6.69,6.72,6.78,-0.06,-0.885,94378.96,63668.479,-0.008849557522124019,6.898000000000001,134923.51032284793,2023-07-10/2023-07-16,2023-07,2023
300102.SZ,2023-07-11,6.68,6.81,6.66,6.78,6.72,0.06,0.8929,83387.06,56409.823,0.008928571428571397,6.858,127653.62503246579,2023-07-10/2023-07-16,2023-07,2023
300102.SZ,2023-07-12,6.76,6.82,6.65,6.67,6.78,-0.11,-1.6224,96669.87,64941.913,-0.016224188790560534,6.764,59358.90245946674,2023-07-10/2023-07-16,2023-07,2023
300102.SZ,2023-07-13,6.7,6.8,6.67,6.78,6.67,0.11,1.6492,89462.98,60474.086,0.016491754122938573,6.746,21776.749761457657,2023-07-10/2023-07-16,2023-07,2023
300102.SZ,2023-07-14,6.75,6.94,6.74,6.87,6.78,0.09,1.3274,109587.38,75371.623,0.01327433628318575,6.764,9759.949921401127,2023-07-10/2023-07-16,2023-07,2023
300102.SZ,2023-07-17,6.85,7.03,6.84,6.93,6.87,0.06,0.8734,101168.5,69923.707,0.008733624454148492,6.806,10168.366230977317,2023-07-17/2023-07-23,2023-07,2023
300102.SZ,2023-07-18,6.91,6.99,6.88,6.91,6.93,-0.02,-0.2886,96311.3,66850.936,-0.0028860028860028253,6.831999999999999,7412.158813398672,2023-07-17/2023-07-23,2023-07,2023
300102.SZ,2023-07-19,6.96,7.05,6.87,6.94,6.91,0.03,0.4342,73580.5,51013.596,0.004341534008683201,6.886,13576.026635270602,2023-07-17/2023-07-23,2023-07,2023
300102.SZ,2023-07-20,6.96,7.17,6.96,7.08,6.94,0.14,2.0173,273786.68,194430.557,0.020172910662824117,6.946000000000001,80988.72694880707,2023-07-17/2023-07-23,2023-07,2023
300102.SZ,2023-07-21,7.04,7.19,6.88,6.95,7.08,-0.13,-1.8362,147087.07,102946.593,-0.01836158192090398,6.962000000000001,80256.19645378743,2023-07-17/2023-07-23,2023-07,2023
300102.SZ,2023-07-24,6.93,6.97,6.82,6.86,6.95,-0.09,-1.295,85417.11,58996.15,-0.012949640287769792,6.948,82363.81720507365,2023-07-24/2023-07-30,2023-07,2023
300102.SZ,2023-07-25,6.94,7.02,6.88,7.0,6.86,0.14,2.0408,105484.33,73530.419,0.020408163265306145,6.965999999999999,81376.26263241934,2023-07-24/2023-07-30,2023-07,2023
300102.SZ,2023-07-26,6.98,7.01,6.9,6.91,7.0,-0.09,-1.2857,67823.66,46954.426,-0.01285714285714279,6.959999999999999,82531.67321464873,2023-07-24/2023-07-30,2023-07,2023
300102.SZ,2023-07-27,6.9,7.0,6.76,6.84,6.91,-0.07,-1.013,135714.72,93143.116,-0.01013024602026058,6.912000000000001,33263.68996121814,2023-07-24/2023-07-30,2023-07,2023
300102.SZ,2023-07-28,6.85,6.88,6.73,6.83,6.84,-0.01,-0.1462,63990.37,43587.801,-0.0014619883040934978,6.888,29600.170053663856,2023-07-24/2023-07-30,2023-07,2023
300102.SZ,2023-07-31,6.86,6.89,6.76,6.81,6.83,-0.02,-0.2928,87040.64,59326.632,-0.002928257686676483,6.878,29523.01374860092,2023-07-31/2023-08-06,2023-07,2023
300102.SZ,2023-08-01,6.79,6.88,6.77,6.86,6.81,0.05,0.7342,52686.67,35927.833,0.007342143906020615,6.85,32763.394433281825,2023-07-31/2023-08-06,2023-08,2023
300102.SZ,2023-08-02,6.88,6.89,6.78,6.8,6.86,-0.06,-0.8746,45641.84,31091.874,-0.008746355685131268,6.828,36372.91018389367,2023-07-31/2023-08-06,2023-08,2023
300102.SZ,2023-08-03,6.8,6.8,6.69,6.71,6.8,-0.09,-1.3235,64903.0,43693.589,-0.013235294117647012,6.802,15733.057015956358,2023-07-31/2023-08-06,2023-08,2023
300102.SZ,2023-08-04,6.74,6.8,6.71,6.73,6.71,0.02,0.2981,63218.79,42735.362,0.0029806259314457684,6.782000000000001,15722.886913110879,2023-07-31/2023-08-06,2023-08,2023
300102.SZ,2023-08-07,6.73,6.76,6.63,6.65,6.73,-0.08,-1.1887,69073.81,46160.488,-0.011887072808320909,6.75,9648.43098636601,2023-08-07/2023-08-13,2023-08,2023
300102.SZ,2023-08-08,6.65,6.7,6.61,6.62,6.65,-0.03,-0.4511,41447.0,27523.734,-0.004511278195488799,6.702,12426.874590393363,2023-08-07/2023-08-13,2023-08,2023
300102.SZ,2023-08-09,6.61,6.64,6.54,6.56,6.62,-0.06,-0.9063,42711.02,28053.876,-0.009063444108761365,6.654000000000001,13136.96299566697,2023-08-07/2023-08-13,2023-08,2023
300102.SZ,2023-08-10,6.58,6.65,6.56,6.61,6.56,0.05,0.7622,45566.5,30068.698,0.007621951219512368,6.634,12802.376371694327,2023-08-07/2023-08-13,2023-08,2023
300102.SZ,2023-08-11,6.63,6.63,6.39,6.4,6.61,-0.21,-3.177,60300.38,39048.131,-0.0317700453857791,6.5680000000000005,12240.19722080107,2023-08-07/2023-08-13,2023-08,2023
300102.SZ,2023-08-14,6.37,6.56,6.34,6.53,6.4,0.13,2.0313,63784.4,41092.065,0.020312499999999956,6.544,10477.885269642182,2023-08-14/2023-08-20,2023-08,2023
300102.SZ,2023-08-15,6.56,6.57,6.4,6.44,6.53,-0.09,-1.3783,38033.0,24551.733,-0.013782542113323082,6.508000000000001,11314.4873920025,2023-08-14/2023-08-20,2023-08,2023
300102.SZ,2023-08-16,6.43,6.43,6.29,6.32,6.44,-0.12,-1.8634,46260.0,29363.274,-0.018633540372670843,6.459999999999999,10837.99628401231,2023-08-14/2023-08-20,2023-08,2023
300102.SZ,2023-08-17,6.28,6.39,6.25,6.38,6.32,0.06,0.9494,33951.14,21526.279,0.009493670886075778,6.414,13220.259208209989,2023-08-14/2023-08-20,2023-08,2023
300102.SZ,2023-08-18,6.4,6.45,6.3,6.3,6.38,-0.08,-1.2539,41034.14,26135.995,-0.012539184952978122,6.394,11619.327470221975,2023-08-14/2023-08-20,2023-08,2023
300102.SZ,2023-08-21,6.28,6.43,6.26,6.29,6.3,-0.01,-0.1587,56961.0,36160.216,-0.0015873015873015817,6.346,8883.235894844449,2023-08-21/2023-08-27,2023-08,2023
300102.SZ,2023-08-22,6.32,6.4,6.25,6.38,6.29,0.09,1.4308,64489.37,40866.614,0.014308426073131875,6.3340000000000005,12244.047646202667,2023-08-21/2023-08-27,2023-08,2023
300102.SZ,2023-08-23,6.38,6.39,6.28,6.3,6.38,-0.08,-1.2539,42015.66,26588.07,-0.012539184952978122,6.33,12583.969504162817,2023-08-21/2023-08-27,2023-08,2023
300102.SZ,2023-08-24,6.3,6.37,6.27,6.29,6.3,-0.01,-0.1587,45414.13,28705.251,-0.0015873015873015817,6.312,10290.316194477862,2023-08-21/2023-08-27,2023-08,2023
300102.SZ,2023-08-25,6.25,6.28,6.13,6.16,6.29,-0.13,-2.0668,61652.11,38277.932,-0.020667726550079424,6.284000000000001,9932.699759749092,2023-08-21/2023-08-27,2023-08,2023
300102.SZ,2023-08-28,6.49,6.49,6.18,6.2,6.16,0.04,0.6494,74374.32,47119.416,0.006493506493506551,6.266,13570.439516764558,2023-08-28/2023-09-03,2023-08,2023
300102.SZ,2023-08-29,6.2,6.42,6.17,6.4,6.2,0.2,3.2258,75938.31,48281.508,0.032258064516129004,6.2700000000000005,15807.364096184048,2023-08-28/2023-09-03,2023-08,2023
300102.SZ,2023-08-30,6.38,6.57,6.38,6.48,6.4,0.08,1.25,78834.91,51206.101,0.012499999999999956,6.306,13861.765170391891,2023-08-28/2023-09-03,2023-08,2023
300102.SZ,2023-08-31,6.47,6.54,6.42,6.5,6.48,0.02,0.3086,55820.65,36211.879,0.0030864197530864335,6.348000000000001,10011.37597038553,2023-08-28/2023-09-03,2023-08,2023
300102.SZ,2023-09-01,6.53,6.54,6.47,6.52,6.5,0.02,0.3077,40800.25,26503.693,0.003076923076922977,6.42,16345.484868177715,2023-08-28/2023-09-03,2023-09,2023
300102.SZ,2023-09-04,6.52,6.6,6.5,6.6,6.52,0.08,1.227,47496.0,31096.619,0.012269938650306678,6.5,16963.08179639474,2023-09-04/2023-09-10,2023-09,2023
300102.SZ,2023-09-05,6.6,6.68,6.6,6.62,6.6,0.02,0.303,63751.98,42303.243,0.003030303030303161,6.544,14797.97900930276,2023-09-04/2023-09-10,2023-09,2023
300102.SZ,2023-09-06,6.62,6.92,6.6,6.89,6.62,0.27,4.0785,179744.66,122206.669,0.04078549848942581,6.626,57792.910154821715,2023-09-04/2023-09-10,2023-09,2023
300102.SZ,2023-09-07,6.9,7.0,6.84,6.86,6.89,-0.03,-0.4354,159193.62,109872.037,-0.004354136429608024,6.698,65996.29954930334,2023-09-04/2023-09-10,2023-09,2023
300102.SZ,2023-09-08,6.84,7.01,6.82,6.98,6.86,0.12,1.7493,117553.72,81588.608,0.017492711370262315,6.790000000000001,57714.98186107624,2023-09-04/2023-09-10,2023-09,2023
300102.SZ,2023-09-11,6.97,7.06,6.89,6.9,6.98,-0.08,-1.1461,126769.07,87938.046,-0.011461318051575908,6.85,44382.325371655585,2023-09-11/2023-09-17,2023-09,2023
300102.SZ,2023-09-12,6.89,6.93,6.83,6.86,6.9,-0.04,-0.5797,87351.65,59977.804,-0.005797101449275366,6.898000000000001,36145.72019715807,2023-09-11/2023-09-17,2023-09,2023
300102.SZ,2023-09-13,6.92,6.95,6.77,6.82,6.86,-0.04,-0.5831,72686.63,49660.072,-0.005830903790087438,6.884,34010.153107148006,2023-09-11/2023-09-17,2023-09,2023
300102.SZ,2023-09-14,6.83,6.83,6.73,6.76,6.82,-0.06,-0.8798,49454.0,33454.296,-0.008797653958944385,6.864,31855.16322811856,2023-09-11/2023-09-17,2023-09,2023
300102.SZ,2023-09-15,6.77,6.88,6.72,6.81,6.76,0.05,0.7396,60391.0,41045.139,0.007396449704141883,6.83,30042.50194324001,2023-09-11/2023-09-17,2023-09,2023
300102.SZ,2023-09-18,6.77,6.84,6.73,6.75,6.81,-0.06,-0.8811,50967.0,34486.647,-0.008810572687224627,6.8,15930.180391807802,2023-09-18/2023-09-24,2023-09,2023
300102.SZ,2023-09-19,6.75,6.76,6.65,6.71,6.75,-0.04,-0.5926,54046.0,36224.5,-0.00592592592592589,6.7700000000000005,9464.929138508023,2023-09-18/2023-09-24,2023-09,2023
300102.SZ,2023-09-20,6.68,6.73,6.59,6.6,6.71,-0.11,-1.6393,72827.02,48324.665,-0.016393442622950838,6.726000000000001,9521.25119927409,2023-09-18/2023-09-24,2023-09,2023
300102.SZ,2023-09-21,6.58,6.67,6.57,6.62,6.6,0.02,0.303,51096.07,33810.536,0.003030303030303161,6.697999999999999,9195.492047058642,2023-09-18/2023-09-24,2023-09,2023
300102.SZ,2023-09-22,6.6,6.83,6.57,6.76,6.62,0.14,2.1148,66833.73,44696.284,0.02114803625377637,6.688,10049.609416167903,2023-09-18/2023-09-24,2023-09,2023
300102.SZ,2023-09-25,6.75,6.76,6.6,6.62,6.76,-0.14,-2.071,64262.0,42686.314,-0.020710059171597628,6.662000000000001,9051.144194384176,2023-09-25/2023-10-01,2023-09,2023
300102.SZ,2023-09-26,6.59,6.62,6.5,6.52,6.62,-0.1,-1.5106,42612.0,27873.006,-0.015105740181268978,6.624,12348.045011884718,2023-09-25/2023-10-01,2023-09,2023
300102.SZ,2023-09-27,6.51,6.61,6.49,6.5,6.52,-0.02,-0.3067,44839.2,29379.204,-0.0030674846625766694,6.604000000000001,11090.845211211046,2023-09-25/2023-10-01,2023-09,2023
300102.SZ,2023-09-28,6.51,6.79,6.51,6.74,6.5,0.24,3.6923,88323.0,59057.521,0.03692307692307706,6.628,18640.07813630575,2023-09-25/2023-10-01,2023-09,2023
300102.SZ,2023-10-09,6.74,6.91,6.71,6.78,6.74,0.04,0.5935,67793.13,45971.277,0.005934718100890191,6.632000000000001,18715.118001134375,2023-10-09/2023-10-15,2023-10,2023
300102.SZ,2023-10-10,6.81,6.89,6.8,6.88,6.78,0.1,1.4749,76909.0,52768.987,0.014749262536873031,6.684,19982.341377961384,2023-10-09/2023-10-15,2023-10,2023
300102.SZ,2023-10-11,6.88,7.0,6.85,6.94,6.88,0.06,0.8721,93337.62,64759.278,0.008720930232558155,6.768000000000001,19210.30135330579,2023-10-09/2023-10-15,2023-10,2023
300102.SZ,2023-10-12,6.99,7.03,6.92,7.02,6.94,0.08,1.1527,92542.54,64666.668,0.011527377521613813,6.872,11085.572877783812,2023-10-09/2023-10-15,2023-10,2023
300102.SZ,2023-10-13,7.0,7.32,7.0,7.22,7.02,0.2,2.849,251933.0,181466.503,0.028490028490028463,6.967999999999999,76472.80504426853,2023-10-09/2023-10-15,2023-10,2023
300102.SZ,2023-10-16,7.18,7.28,7.02,7.18,7.22,-0.04,-0.554,150023.62,106854.898,-0.005540166204986208,7.047999999999999,72095.3534204139,2023-10-16/2023-10-22,2023-10,2023
300102.SZ,2023-10-17,7.18,7.2,7.06,7.09,7.18,-0.09,-1.2535,77958.58,55291.211,-0.012534818941504211,7.089999999999999,71892.63519292102,2023-10-16/2023-10-22,2023-10,2023
300102.SZ,2023-10-18,7.11,7.11,6.98,6.99,7.09,-0.1,-1.4104,73468.82,51689.225,-0.014104372355430161,7.1,75120.61681335705,2023-10-16/2023-10-22,2023-10,2023
300102.SZ,2023-10-19,6.95,7.11,6.95,6.97,6.99,-0.02,-0.2861,70574.0,49635.644,-0.0028612303290415086,7.089999999999999,78371.70740491734,2023-10-16/2023-10-22,2023-10,2023
300102.SZ,2023-10-20,6.96,7.06,6.85,6.85,6.97,-0.12,-1.7217,70038.0,48451.913,-0.017216642754662836,7.016,34584.54299035809,2023-10-16/2023-10-22,2023-10,2023
300102.SZ,2023-10-23,7.04,7.08,6.82,6.86,6.85,0.01,0.146,165660.97,114518.026,0.0014598540145986938,6.952,41553.72988529707,2023-10-23/2023-10-29,2023-10,2023
300102.SZ,2023-10-24,6.84,7.05,6.79,6.99,6.86,0.13,1.895,120162.17,83327.631,0.01895043731778423,6.9319999999999995,42383.33595855961,2023-10-23/2023-10-29,2023-10,2023
300102.SZ,2023-10-25,6.96,7.06,6.91,7.02,6.99,0.03,0.4292,112624.0,79018.524,0.0042918454935620964,6.938,39798.64662567237,2023-10-23/2023-10-29,2023-10,2023
300102.SZ,2023-10-26,7.01,7.09,6.94,7.05,7.02,0.03,0.4274,117135.0,82157.928,0.004273504273504258,6.954000000000001,33920.530106134174,2023-10-23/2023-10-29,2023-10,2023
300102.SZ,2023-10-27,7.0,7.14,6.96,7.13,7.05,0.08,1.1348,145122.15,102592.429,0.01134751773049647,7.01,22592.50062072753,2023-10-23/2023-10-29,2023-10,2023
300102.SZ,2023-10-30,7.14,7.75,7.08,7.64,7.13,0.51,7.1529,422525.83,314777.052,0.07152875175315576,7.1659999999999995,134206.56385920072,2023-10-30/2023-11-05,2023-10,2023
300102.SZ,2023-10-31,7.65,8.28,7.58,8.07,7.64,0.43,5.6283,1026572.82,828493.323,0.05628272251308908,7.382,391938.95622914156,2023-10-30/2023-11-05,2023-10,2023
300102.SZ,2023-11-01,7.86,8.48,7.86,8.07,8.07,0.0,0.0,825551.82,673155.168,0.0,7.5920000000000005,406668.3634880097,2023-10-30/2023-11-05,2023-11,2023
300102.SZ,2023-11-02,8.1,8.29,7.53,7.6,8.07,-0.47,-5.824,563041.75,438297.055,-0.058240396530359395,7.702000000000001,343713.4623393593,2023-10-30/2023-11-05,2023-11,2023
300102.SZ,2023-11-03,7.67,8.08,7.6,8.0,7.6,0.4,5.2632,498470.44,392100.216,0.05263157894736836,7.8759999999999994,251698.31757803643,2023-10-30/2023-11-05,2023-11,2023
300102.SZ,2023-11-06,8.18,8.5,8.05,8.42,8.0,0.42,5.25,665664.39,552711.726,0.05249999999999999,8.032,213134.92761646156,2023-11-06/2023-11-12,2023-11,2023
300102.SZ,2023-11-07,8.26,8.35,8.15,8.19,8.42,-0.23,-2.7316,364884.84,299715.38,-0.027315914489311255,8.056000000000001,173767.9647068239,2023-11-06/2023-11-12,2023-11,2023
300102.SZ,2023-11-08,8.15,8.18,7.97,8.09,8.19,-0.1,-1.221,249501.58,200578.493,-0.012210012210012167,8.059999999999999,163864.57838826173,2023-11-06/2023-11-12,2023-11,2023
300102.SZ,2023-11-09,8.02,8.15,7.9,7.95,8.09,-0.14,-1.7305,178772.38,143050.112,-0.017305315203955507,8.13,195405.81976705385,2023-11-06/2023-11-12,2023-11,2023
300102.SZ,2023-11-10,7.93,8.4,7.83,8.19,7.95,0.24,3.0189,382992.2,312472.187,0.030188679245283012,8.168000000000001,186203.42903792657,2023-11-06/2023-11-12,2023-11,2023
300102.SZ,2023-11-13,8.18,8.75,8.07,8.68,8.19,0.49,5.9829,598477.42,506868.774,0.05982905982905984,8.22,159959.83123236286,2023-11-13/2023-11-19,2023-11,2023
300102.SZ,2023-11-14,8.76,9.0,8.61,8.69,8.68,0.01,0.1152,550219.93,483527.168,0.0011520737327188613,8.319999999999999,182701.5524338523,2023-11-13/2023-11-19,2023-11,2023
300102.SZ,2023-11-15,8.64,8.85,8.49,8.65,8.69,-0.04,-0.4603,318922.55,276232.51,-0.00460299194476399,8.431999999999999,171457.79516858867,2023-11-13/2023-11-19,2023-11,2023
300102.SZ,2023-11-16,8.65,8.76,8.47,8.5,8.65,-0.15,-1.7341,205744.36,176619.303,-0.017341040462427793,8.541999999999998,162728.43584747857,2023-11-13/2023-11-19,2023-11,2023
300102.SZ,2023-11-17,8.54,8.59,8.37,8.42,8.5,-0.08,-0.9412,201918.34,170670.643,-0.009411764705882342,8.588,188675.36818910518,2023-11-13/2023-11-19,2023-11,2023
300102.SZ,2023-11-20,8.42,8.55,8.3,8.38,8.42,-0.04,-0.4751,234453.0,196979.572,-0.004750593824227933,8.528,146409.7621860394,2023-11-20/2023-11-26,2023-11,2023
300102.SZ,2023-11-21,8.44,8.46,8.24,8.29,8.38,-0.09,-1.074,162617.0,135345.746,-0.010739856801909475,8.448,58535.51128621674,2023-11-20/2023-11-26,2023-11,2023
300102.SZ,2023-11-22,8.26,8.33,8.13,8.16,8.29,-0.13,-1.5682,142755.0,117379.246,-0.01568154402895039,8.35,36560.42017300643,2023-11-20/2023-11-26,2023-11,2023
300102.SZ,2023-11-23,8.14,8.17,8.02,8.16,8.16,0.0,0.0,190692.22,154458.155,0.0,8.282,35492.29497151872,2023-11-20/2023-11-26,2023-11,2023
300102.SZ,2023-11-24,8.16,8.16,7.92,8.01,8.16,-0.15,-1.8382,135093.0,108057.879,-0.018382352941176516,8.2,40462.69500057604,2023-11-20/2023-11-26,2023-11,2023
300102.SZ,2023-11-27,8.0,8.07,7.91,8.0,8.01,-0.01,-0.1248,118156.0,94319.817,-0.0012484394506866447,8.123999999999999,27855.430952394556,2023-11-27/2023-12-03,2023-11,2023
300102.SZ,2023-11-28,7.99,8.2,7.98,8.12,8.0,0.12,1.5,156512.68,126906.233,0.014999999999999902,8.09,27284.5971725283,2023-11-27/2023-12-03,2023-11,2023
300102.SZ,2023-11-29,8.08,8.41,8.07,8.14,8.12,0.02,0.2463,144731.91,118603.96,0.0024630541871923928,8.086000000000002,27192.13232484462,2023-11-27/2023-12-03,2023-11,2023
300102.SZ,2023-11-30,8.15,8.15,7.83,7.9,8.14,-0.24,-2.9484,215620.09,170878.093,-0.029484029484029506,8.034,37187.064098318835,2023-11-27/2023-12-03,2023-11,2023
300102.SZ,2023-12-01,7.9,7.96,7.76,7.92,7.9,0.02,0.2532,142923.55,112585.328,0.0025316455696202667,8.016,36345.92297349973,2023-11-27/2023-12-03,2023-12,2023
300102.SZ,2023-12-04,7.91,8.0,7.82,7.87,7.92,-0.05,-0.6313,129545.0,102644.25,-0.0063131313131312705,7.99,33672.04537073115,2023-12-04/2023-12-10,2023-12,2023
300102.SZ,2023-12-05,7.85,7.91,7.69,7.71,7.87,-0.16,-2.033,173533.0,135013.364,-0.020330368487928907,7.9079999999999995,34354.365526589194,2023-12-04/2023-12-10,2023-12,2023
300102.SZ,2023-12-06,7.69,7.77,7.62,7.63,7.71,-0.08,-1.0376,112063.4,85914.906,-0.01037613488975353,7.806,40789.921750997695,2023-12-04/2023-12-10,2023-12,2023
300102.SZ,2023-12-07,7.65,7.69,7.55,7.59,7.63,-0.04,-0.5242,111543.93,85053.848,-0.005242463958060273,7.744,25728.35868762441,2023-12-04/2023-12-10,2023-12,2023
300102.SZ,2023-12-08,7.57,7.7,7.53,7.53,7.59,-0.06,-0.7905,158642.48,120479.985,-0.007905138339920903,7.6659999999999995,27966.310455956667,2023-12-04/2023-12-10,2023-12,2023
300102.SZ,2023-12-11,7.53,7.57,7.39,7.46,7.53,-0.07,-0.9296,180815.0,134817.959,-0.009296148738379806,7.5840000000000005,33392.32686784434,2023-12-11/2023-12-17,2023-12,2023
300102.SZ,2023-12-12,7.47,7.5,7.38,7.43,7.46,-0.03,-0.4021,128059.0,95066.317,-0.004021447721179627,7.5280000000000005,30538.65565218862,2023-12-11/2023-12-17,2023-12,2023
300102.SZ,2023-12-13,7.44,7.52,7.36,7.38,7.43,-0.05,-0.6729,94127.86,69925.551,-0.006729475100942128,7.478,35093.52198574559,2023-12-11/2023-12-17,2023-12,2023
300102.SZ,2023-12-14,7.44,7.45,7.31,7.35,7.38,-0.03,-0.4065,109179.47,80458.373,-0.004065040650406582,7.43,35496.13377407247,2023-12-11/2023-12-17,2023-12,2023
300102.SZ,2023-12-15,7.37,7.39,7.27,7.3,7.35,-0.05,-0.6803,79856.0,58420.167,-0.006802721088435382,7.383999999999999,39206.89708761197,2023-12-11/2023-12-17,2023-12,2023
300102.SZ,2023-12-18,7.22,7.31,7.17,7.19,7.3,-0.11,-1.5068,95964.0,69281.711,-0.015068493150684814,7.33,18150.71309126952,2023-12-18/2023-12-24,2023-12,2023
300102.SZ,2023-12-19,7.27,7.29,7.18,7.25,7.19,0.06,0.8345,93021.51,67303.074,0.008344923504867818,7.294,10420.852048549932,2023-12-18/2023-12-24,2023-12,2023
300102.SZ,2023-12-20,7.26,7.32,7.17,7.18,7.25,-0.07,-0.9655,93973.0,68101.155,-0.0096551724137931,7.254,10422.20372465091,2023-12-18/2023-12-24,2023-12,2023
300102.SZ,2023-12-21,7.14,7.24,7.05,7.17,7.18,-0.01,-0.1393,89588.94,63914.464,-0.0013927576601671099,7.218000000000001,6371.772508940847,2023-12-18/2023-12-24,2023-12,2023
300102.SZ,2023-12-22,7.22,7.23,7.04,7.07,7.17,-0.1,-1.3947,83585.0,59561.337,-0.013947001394700065,7.172,4854.980803329185,2023-12-18/2023-12-24,2023-12,2023
300102.SZ,2023-12-25,7.07,7.2,7.05,7.18,7.07,0.11,1.5559,110531.86,78994.272,0.01555869872701554,7.17,10026.117833484557,2023-12-25/2023-12-31,2023-12,2023
300102.SZ,2023-12-26,7.15,7.18,6.9,6.96,7.18,-0.22,-3.0641,136787.0,95423.689,-0.03064066852367686,7.112,21427.311394892815,2023-12-25/2023-12-31,2023-12,2023
300102.SZ,2023-12-27,6.99,7.1,6.96,7.06,6.96,0.1,1.4368,119399.0,84073.653,0.014367816091954033,7.087999999999999,21795.044728876037,2023-12-25/2023-12-31,2023-12,2023
300102.SZ,2023-12-28,7.07,7.2,6.94,7.13,7.06,0.07,0.9915,124763.06,88501.02,0.009915014164306069,7.08,19976.28307226828,2023-12-25/2023-12-31,2023-12,2023
300102.SZ,2023-12-29,7.13,7.44,7.09,7.35,7.13,0.22,3.0856,200396.8,146725.633,0.030855539971949453,7.136,35950.797450763304,2023-12-25/2023-12-31,2023-12,2023
