ts_code,trade_date,open,high,low,close,pre_close,change,pct_chg,vol,amount
300102.SZ,2018-01-02,10.0,10.11,9.78,10.11,10.06,0.05,0.5,275401.21,274228.07
300102.SZ,2018-01-03,10.08,10.35,10.03,10.24,10.11,0.13,1.29,328967.75,335900.548
300102.SZ,2018-01-04,10.18,10.48,10.13,10.25,10.24,0.01,0.1,340830.06,351013.627
300102.SZ,2018-01-05,10.16,10.2,9.88,9.89,10.25,-0.36,-3.51,326708.05,326391.267
300102.SZ,2018-01-08,9.83,9.84,9.51,9.64,9.89,-0.25,-2.53,323330.21,310918.971
300102.SZ,2018-01-09,9.62,9.73,9.53,9.7,9.64,0.06,0.62,185016.21,178232.161
300102.SZ,2018-01-10,9.65,9.71,9.48,9.64,9.7,-0.06,-0.62,155863.9,149618.451
300102.SZ,2018-01-11,9.62,9.81,9.53,9.74,9.64,0.1,1.04,186890.38,181587.43
300102.SZ,2018-01-12,9.4,9.45,8.77,8.88,9.74,-0.86,-8.83,562720.48,509719.644
300102.SZ,2018-01-15,8.8,8.81,8.38,8.45,8.88,-0.43,-4.84,262679.05,225911.159
300102.SZ,2018-01-16,8.4,8.55,8.31,8.4,8.45,-0.05,-0.59,169020.4,142126.951
300102.SZ,2018-01-17,8.45,8.67,8.33,8.62,8.4,0.22,2.62,207268.89,177004.264
300102.SZ,2018-01-18,8.56,8.59,8.46,8.5,8.62,-0.12,-1.39,108914.48,92806.147
300102.SZ,2018-01-19,8.5,8.6,8.37,8.38,8.5,-0.12,-1.41,120964.03,102427.747
300102.SZ,2018-01-22,8.34,8.45,8.09,8.4,8.38,0.02,0.24,166208.49,137644.002
300102.SZ,2018-01-23,8.38,8.43,8.3,8.34,8.4,-0.06,-0.71,97273.23,81222.238
300102.SZ,2018-01-24,8.32,8.57,8.2,8.52,8.34,0.18,2.16,170870.62,144266.765
300102.SZ,2018-01-25,8.47,8.78,8.46,8.61,8.52,0.09,1.06,206713.03,178839.272
300102.SZ,2018-01-26,8.54,8.65,8.52,8.55,8.61,-0.06,-0.7,96645.7,82786.172
300102.SZ,2018-01-29,8.56,8.63,8.34,8.39,8.55,-0.16,-1.87,85755.17,72554.717
300102.SZ,2018-01-30,8.46,8.64,8.43,8.54,8.39,0.15,1.79,93510.23,80049.065
300102.SZ,2018-01-31,8.49,8.57,8.22,8.26,8.54,-0.28,-3.28,109668.07,91652.29
300102.SZ,2018-02-01,8.29,8.34,7.65,7.65,8.26,-0.61,-7.39,173916.53,137965.9
300102.SZ,2018-02-02,7.44,7.61,7.16,7.42,7.65,-0.23,-3.01,222360.67,164132.702
300102.SZ,2018-02-05,7.29,7.58,7.21,7.48,7.42,0.06,0.81,118999.0,88400.385
300102.SZ,2018-02-06,7.29,7.53,7.03,7.05,7.48,-0.43,-5.75,139132.92,101931.071
300102.SZ,2018-02-07,7.18,7.4,7.03,7.27,7.05,0.22,3.12,138464.89,100180.023
300102.SZ,2018-02-08,7.3,7.6,7.25,7.47,7.27,0.2,2.75,133771.67,100111.551
300102.SZ,2018-02-09,7.29,7.55,7.18,7.33,7.47,-0.14,-1.87,158955.12,117423.496
300102.SZ,2018-02-12,7.39,7.93,7.39,7.9,7.33,0.57,7.78,207890.23,159650.348
300102.SZ,2018-02-13,7.82,7.82,7.66,7.72,7.9,-0.18,-2.28,181496.99,140007.334
300102.SZ,2018-02-14,7.71,7.73,7.57,7.61,7.72,-0.11,-1.42,103997.38,79245.816
300102.SZ,2018-02-22,7.68,7.8,7.63,7.74,7.61,0.13,1.71,93994.52,72664.926
300102.SZ,2018-02-23,7.68,7.73,7.61,7.7,7.74,-0.04,-0.52,83607.35,64038.595
300102.SZ,2018-02-26,7.76,8.04,7.7,7.99,7.7,0.29,3.77,174497.37,137790.016
300102.SZ,2018-02-27,8.03,8.23,7.91,8.09,7.99,0.1,1.25,204519.84,165829.225
300102.SZ,2018-03-01,8.08,8.17,7.8,8.17,8.09,0.08,0.99,257772.79,206069.605
300102.SZ,2018-03-02,8.01,8.14,7.89,7.91,8.17,-0.26,-3.18,159634.89,127596.832
300102.SZ,2018-03-05,7.9,8.07,7.89,8.05,7.91,0.14,1.77,105960.65,84470.275
300102.SZ,2018-03-06,8.06,8.19,7.98,8.11,8.05,0.06,0.75,165713.65,134541.735
300102.SZ,2018-03-07,8.08,8.12,7.96,7.96,8.11,-0.15,-1.85,114758.0,92156.834
300102.SZ,2018-03-08,7.97,8.1,7.93,7.99,7.96,0.03,0.38,83124.14,66615.742
300102.SZ,2018-03-09,7.97,8.21,7.97,8.18,7.99,0.19,2.38,189476.04,154438.245
300102.SZ,2018-03-12,8.24,8.38,8.19,8.25,8.18,0.07,0.86,195551.57,161802.774
300102.SZ,2018-03-13,8.2,8.37,8.18,8.24,8.25,-0.01,-0.12,169926.15,140813.156
300102.SZ,2018-03-14,8.2,8.28,8.03,8.04,8.24,-0.2,-2.43,149030.23,121369.772
300102.SZ,2018-03-15,8.01,8.1,7.9,8.0,8.04,-0.04,-0.5,122800.48,98035.721
300102.SZ,2018-03-16,8.0,8.06,7.95,7.95,8.0,-0.05,-0.63,86510.0,69281.276
300102.SZ,2018-03-19,7.95,8.1,7.9,8.04,7.95,0.09,1.13,97065.33,77918.918
300102.SZ,2018-03-20,7.92,8.33,7.81,8.28,8.04,0.24,2.99,286345.19,232532.677
300102.SZ,2018-03-21,8.31,8.31,8.01,8.05,8.28,-0.23,-2.78,233569.94,191749.211
300102.SZ,2018-03-22,8.0,8.1,7.87,7.92,8.05,-0.13,-1.61,143309.76,114120.264
300102.SZ,2018-03-23,7.67,7.72,7.17,7.26,7.92,-0.66,-8.33,191139.8,142985.325
300102.SZ,2018-03-26,7.1,7.49,7.1,7.49,7.26,0.23,3.17,113295.48,83496.358
300102.SZ,2018-03-27,7.64,7.84,7.55,7.78,7.49,0.29,3.87,145035.25,111822.943
300102.SZ,2018-03-28,7.65,7.84,7.62,7.75,7.78,-0.03,-0.39,97157.63,75268.588
300102.SZ,2018-03-29,7.74,7.87,7.68,7.77,7.75,0.02,0.26,112949.64,87681.338
300102.SZ,2018-03-30,7.8,8.08,7.76,8.07,7.77,0.3,3.86,182281.61,144860.705
300102.SZ,2018-04-02,8.17,8.34,8.08,8.26,8.07,0.19,2.35,335023.49,275890.015
300102.SZ,2018-04-03,8.09,8.16,8.04,8.12,8.26,-0.14,-1.69,150415.34,121700.43
300102.SZ,2018-04-04,8.18,8.2,7.86,7.87,8.12,-0.25,-3.08,146842.9,117902.361
300102.SZ,2018-04-09,7.85,8.19,7.73,8.18,7.87,0.31,3.94,207305.52,165988.443
300102.SZ,2018-04-10,8.21,8.23,7.97,8.09,8.18,-0.09,-1.1,150451.77,121400.154
300102.SZ,2018-04-11,8.14,8.22,8.08,8.11,8.09,0.02,0.25,125876.7,102564.984
300102.SZ,2018-04-12,8.07,8.23,8.03,8.15,8.11,0.04,0.49,127711.31,103940.64
300102.SZ,2018-04-13,8.18,8.34,8.13,8.29,8.15,0.14,1.72,228623.31,188320.34
300102.SZ,2018-04-16,8.23,8.31,8.11,8.24,8.29,-0.05,-0.6,171483.14,140709.128
300102.SZ,2018-04-17,8.2,8.37,7.98,7.98,8.24,-0.26,-3.16,201707.03,165000.134
300102.SZ,2018-04-18,8.03,8.5,7.99,8.43,7.95,0.48,6.04,443990.67,367664.647
300102.SZ,2018-04-19,8.33,8.58,8.29,8.45,8.43,0.02,0.24,367295.42,309402.344
300102.SZ,2018-04-20,8.4,8.68,8.36,8.55,8.45,0.1,1.18,448736.27,383822.084
300102.SZ,2018-04-23,8.61,8.65,8.21,8.44,8.55,-0.11,-1.29,290256.1,243686.402
300102.SZ,2018-04-24,8.39,8.67,8.3,8.67,8.44,0.23,2.73,308825.56,263190.714
300102.SZ,2018-04-25,8.55,8.72,8.48,8.56,8.67,-0.11,-1.27,275918.22,237021.519
300102.SZ,2018-04-26,8.56,8.67,8.4,8.4,8.56,-0.16,-1.87,230702.93,197005.595
300102.SZ,2018-04-27,8.43,8.5,8.1,8.18,8.4,-0.22,-2.62,210481.2,173661.562
300102.SZ,2018-05-02,8.24,8.32,7.84,7.99,8.18,-0.19,-2.32,181124.9,146014.193
300102.SZ,2018-05-03,7.98,8.07,7.68,8.05,7.99,0.06,0.75,167659.51,132048.284
300102.SZ,2018-05-04,7.99,8.12,7.85,7.85,8.05,-0.2,-2.48,117856.91,94267.421
300102.SZ,2018-05-07,7.86,8.06,7.86,8.05,7.85,0.2,2.55,113925.95,91021.958
300102.SZ,2018-05-08,8.04,8.06,7.93,7.98,8.05,-0.07,-0.87,111313.0,88847.116
300102.SZ,2018-05-09,7.99,8.11,7.95,8.02,7.98,0.04,0.5,106766.83,85827.808
300102.SZ,2018-05-10,8.04,8.04,7.85,7.93,8.02,-0.09,-1.12,97908.28,77664.939
300102.SZ,2018-05-11,7.93,7.97,7.69,7.7,7.93,-0.23,-2.9,115904.0,90463.927
300102.SZ,2018-05-14,7.68,7.79,7.55,7.59,7.7,-0.11,-1.43,79904.14,61398.755
300102.SZ,2018-05-15,7.58,7.76,7.58,7.75,7.59,0.16,2.11,69318.27,53129.342
300102.SZ,2018-05-16,7.72,7.72,7.6,7.61,7.75,-0.14,-1.81,62405.18,47756.927
300102.SZ,2018-05-17,7.62,7.67,7.51,7.56,7.61,-0.05,-0.66,53853.02,40928.176
300102.SZ,2018-05-18,7.59,7.68,7.5,7.67,7.56,0.11,1.46,65939.63,50069.152
300102.SZ,2018-05-21,7.71,7.84,7.71,7.79,7.67,0.12,1.56,107507.85,83664.5
300102.SZ,2018-05-22,7.8,7.81,7.69,7.79,7.79,0.0,0.0,93586.81,72534.747
300102.SZ,2018-05-23,7.78,7.83,7.64,7.7,7.79,-0.09,-1.16,84754.88,65503.96
300102.SZ,2018-05-24,7.71,7.73,7.59,7.61,7.7,-0.09,-1.17,75801.49,57923.181
300102.SZ,2018-05-25,7.59,7.63,7.39,7.4,7.61,-0.21,-2.76,83305.16,62346.082
300102.SZ,2018-05-28,7.4,7.5,7.35,7.36,7.4,-0.04,-0.54,49829.68,36927.373
300102.SZ,2018-05-29,7.39,7.47,7.35,7.36,7.36,0.0,0.0,46641.8,34532.189
300102.SZ,2018-05-30,7.26,7.29,6.76,6.91,7.36,-0.45,-6.11,127504.99,90486.266
300102.SZ,2018-05-31,6.95,7.08,6.88,6.96,6.91,0.05,0.72,66206.23,46167.383
300102.SZ,2018-06-01,6.95,6.95,6.73,6.77,6.96,-0.19,-2.73,94415.0,64560.645
300102.SZ,2018-06-04,6.74,6.84,6.73,6.76,6.77,-0.01,-0.15,45296.38,30725.27
300102.SZ,2018-06-05,6.76,6.96,6.75,6.93,6.76,0.17,2.51,56124.26,38497.648
300102.SZ,2018-06-06,6.93,6.96,6.84,6.91,6.93,-0.02,-0.29,55620.3,38316.91
300102.SZ,2018-06-07,6.9,7.0,6.88,6.92,6.91,0.01,0.14,76990.19,53400.156
300102.SZ,2018-06-08,6.92,6.94,6.68,6.74,6.92,-0.18,-2.6,57109.0,38672.164
300102.SZ,2018-06-11,6.74,6.74,6.59,6.6,6.74,-0.14,-2.08,47576.2,31600.051
300102.SZ,2018-06-12,6.65,6.77,6.45,6.7,6.6,0.1,1.52,162348.07,106428.754
300102.SZ,2018-06-13,6.65,6.65,6.36,6.38,6.7,-0.32,-4.78,114567.22,74515.112
300102.SZ,2018-06-14,6.3,6.43,6.27,6.37,6.38,-0.01,-0.16,92343.75,58491.807
300102.SZ,2018-06-15,6.34,6.39,6.15,6.2,6.37,-0.17,-2.67,83993.0,52620.225
300102.SZ,2018-06-19,6.1,6.23,5.72,6.13,6.2,-0.07,-1.13,219584.33,133871.654
300102.SZ,2018-06-20,6.06,6.22,5.82,6.13,6.13,0.0,0.0,186954.33,113223.944
300102.SZ,2018-06-21,6.08,6.13,5.87,5.96,6.13,-0.17,-2.77,136024.46,81543.066
300102.SZ,2018-06-22,5.96,6.3,5.93,6.24,5.96,0.28,4.7,149268.3,91931.226
300102.SZ,2018-06-25,6.32,6.51,6.25,6.39,6.24,0.15,2.4,138865.35,88804.403
300102.SZ,2018-06-26,6.33,6.57,6.27,6.55,6.39,0.16,2.5,118915.84,76654.534
300102.SZ,2018-06-27,6.5,6.56,6.34,6.49,6.55,-0.06,-0.92,101226.11,65176.246
300102.SZ,2018-06-28,6.43,6.53,6.35,6.37,6.49,-0.12,-1.85,55462.11,35787.324
300102.SZ,2018-06-29,6.38,6.61,6.33,6.56,6.37,0.19,2.98,105641.94,68849.419
300102.SZ,2018-07-02,6.51,6.57,6.36,6.44,6.56,-0.12,-1.83,77958.22,50226.179
300102.SZ,2018-07-03,6.44,6.59,6.3,6.56,6.44,0.12,1.86,101150.13,65571.557
300102.SZ,2018-07-04,6.5,6.52,6.37,6.37,6.56,-0.19,-2.9,68590.31,44053.46
300102.SZ,2018-07-05,6.34,6.42,6.1,6.1,6.37,-0.27,-4.24,81195.79,50688.027
300102.SZ,2018-07-06,6.1,6.33,6.08,6.23,6.1,0.13,2.13,68589.04,42590.99
300102.SZ,2018-07-09,6.26,6.32,6.22,6.31,6.23,0.08,1.28,52983.6,33255.675
300102.SZ,2018-07-10,6.32,6.41,6.28,6.41,6.31,0.1,1.58,62288.69,39464.039
300102.SZ,2018-07-11,6.33,6.34,6.11,6.2,6.41,-0.21,-3.28,63403.88,39360.274
300102.SZ,2018-07-12,6.2,6.45,6.2,6.38,6.2,0.18,2.9,67174.98,42711.021
300102.SZ,2018-07-13,6.46,6.53,6.42,6.42,6.38,0.04,0.63,87192.36,56330.975
300102.SZ,2018-07-16,6.43,6.52,6.4,6.46,6.42,0.04,0.62,52998.48,34255.525
300102.SZ,2018-07-17,6.48,6.48,6.31,6.45,6.46,-0.01,-0.15,61976.0,39559.986
300102.SZ,2018-07-18,6.44,6.5,6.38,6.39,6.45,-0.06,-0.93,58251.0,37533.287
300102.SZ,2018-07-19,6.33,6.38,6.22,6.26,6.39,-0.13,-2.03,61153.18,38466.601
300102.SZ,2018-07-20,6.29,6.36,6.18,6.31,6.26,0.05,0.7987,47173.0,29662.783
300102.SZ,2018-07-23,6.29,6.45,6.23,6.4,6.31,0.09,1.4263,60127.8,38309.457
300102.SZ,2018-07-24,6.38,6.51,6.34,6.49,6.4,0.09,1.4063,75046.36,48419.472
300102.SZ,2018-07-25,6.49,6.58,6.42,6.5,6.49,0.01,0.1541,69456.0,45143.154
300102.SZ,2018-07-26,6.49,6.52,6.42,6.52,6.5,0.02,0.3077,73280.0,47463.693
300102.SZ,2018-07-27,6.53,6.54,6.43,6.45,6.52,-0.07,-1.0736,62814.16,40701.082
300102.SZ,2018-07-30,6.5,6.59,6.39,6.44,6.45,-0.01,-0.155,71642.0,46405.907
300102.SZ,2018-07-31,6.28,6.29,6.07,6.16,6.44,-0.28,-4.3478,112230.09,69166.192
300102.SZ,2018-08-01,6.17,6.23,6.05,6.06,6.16,-0.1,-1.6234,59945.0,36825.568
300102.SZ,2018-08-02,6.08,6.1,5.83,5.95,6.06,-0.11,-1.8152,96030.06,57544.185
300102.SZ,2018-08-03,6.36,6.55,6.2,6.55,5.95,0.6,10.084,360865.84,235574.077
300102.SZ,2018-08-06,6.59,6.72,6.21,6.26,6.55,-0.29,-4.4275,375283.89,242972.324
300102.SZ,2018-08-07,6.12,6.52,6.11,6.49,6.26,0.23,3.6741,231509.25,146054.32
300102.SZ,2018-08-08,6.41,6.55,6.27,6.27,6.49,-0.22,-3.3898,138933.38,89215.915
300102.SZ,2018-08-09,6.29,6.88,6.22,6.68,6.27,0.41,6.5391,247411.19,163370.863
300102.SZ,2018-08-10,6.68,6.77,6.61,6.71,6.68,0.03,0.4491,161512.34,108049.872
300102.SZ,2018-08-13,6.63,6.78,6.54,6.77,6.71,0.06,0.8942,137527.97,91613.595
300102.SZ,2018-08-14,6.72,6.76,6.62,6.66,6.77,-0.11,-1.6248,88029.14,58749.208
300102.SZ,2018-08-15,6.63,6.66,6.48,6.53,6.66,-0.13,-1.952,90429.02,59255.115
300102.SZ,2018-08-16,6.43,6.65,6.4,6.59,6.53,0.06,0.9188,104718.33,68744.309
300102.SZ,2018-08-17,6.63,6.7,6.21,6.26,6.59,-0.33,-5.0076,110612.78,71939.994
300102.SZ,2018-08-20,6.21,6.36,6.15,6.36,6.26,0.1,1.5974,68911.97,43172.456
300102.SZ,2018-08-21,6.35,6.41,6.25,6.35,6.36,-0.01,-0.1572,63252.73,40092.119
300102.SZ,2018-08-22,6.35,6.35,6.15,6.18,6.35,-0.17,-2.6772,48000.47,30011.719
300102.SZ,2018-08-23,6.18,6.32,6.18,6.27,6.18,0.09,1.4563,47488.41,29791.358
300102.SZ,2018-08-24,6.22,6.31,6.22,6.26,6.27,-0.01,-0.1595,35337.19,22164.23
300102.SZ,2018-08-27,6.26,6.49,6.26,6.49,6.26,0.23,3.6741,77304.35,49550.072
300102.SZ,2018-08-28,6.52,6.52,6.41,6.46,6.49,-0.03,-0.4622,57977.49,37440.874
300102.SZ,2018-08-29,6.43,6.48,6.39,6.47,6.46,0.01,0.1548,40863.15,26296.846
300102.SZ,2018-08-30,6.46,6.46,6.33,6.36,6.47,-0.11,-1.7002,51476.87,32949.38
300102.SZ,2018-08-31,6.36,6.4,6.18,6.19,6.36,-0.17,-2.673,33946.56,21422.971
300102.SZ,2018-09-03,6.23,6.3,6.15,6.3,6.19,0.11,1.7771,35010.75,21782.3
300102.SZ,2018-09-04,6.29,6.4,6.24,6.36,6.3,0.06,0.9524,43576.12,27550.452
300102.SZ,2018-09-05,6.35,6.37,6.17,6.18,6.36,-0.18,-2.8302,47043.48,29559.254
300102.SZ,2018-09-06,6.19,6.28,6.12,6.14,6.18,-0.04,-0.6472,43514.0,26958.162
300102.SZ,2018-09-07,6.16,6.25,6.09,6.17,6.14,0.03,0.4886,40289.7,24864.654
300102.SZ,2018-09-10,6.16,6.18,5.98,6.03,6.17,-0.14,-2.269,42025.09,25403.693
300102.SZ,2018-09-11,6.0,6.07,5.95,6.02,6.03,-0.01,-0.1658,28572.21,17190.518
300102.SZ,2018-09-12,6.03,6.09,6.01,6.05,6.02,0.03,0.4983,22232.0,13467.168
300102.SZ,2018-09-13,6.09,6.14,6.04,6.1,6.05,0.05,0.8264,23589.0,14376.897
300102.SZ,2018-09-14,6.13,6.13,6.0,6.02,6.1,-0.08,-1.3115,25844.0,15662.334
300102.SZ,2018-09-17,6.62,6.62,6.1,6.11,6.02,0.09,1.495,132547.99,84345.348
300102.SZ,2018-09-18,6.02,6.15,5.95,6.14,6.11,0.03,0.491,90640.19,54816.977
300102.SZ,2018-09-19,6.08,6.22,6.07,6.15,6.14,0.01,0.1629,72309.0,44502.788
300102.SZ,2018-09-20,6.15,6.17,6.12,6.13,6.15,-0.02,-0.3252,37419.0,22992.909
300102.SZ,2018-09-21,6.13,6.21,6.11,6.19,6.13,0.06,0.9788,40539.75,25008.304
300102.SZ,2018-09-25,6.19,6.19,6.09,6.12,6.19,-0.07,-1.1309,33170.2,20359.681
300102.SZ,2018-09-26,6.12,6.15,6.04,6.07,6.12,-0.05,-0.817,45225.33,27595.127
300102.SZ,2018-09-27,6.06,6.07,5.91,5.92,6.07,-0.15,-2.4712,55036.0,32961.171
300102.SZ,2018-09-28,5.93,6.01,5.89,5.99,5.92,0.07,1.1824,34288.0,20386.87
300102.SZ,2018-10-08,5.9,5.92,5.73,5.76,5.99,-0.23,-3.8397,47173.85,27379.916
300102.SZ,2018-10-09,5.76,5.86,5.76,5.8,5.76,0.04,0.6944,28797.54,16737.495
300102.SZ,2018-10-10,5.79,5.83,5.76,5.8,5.8,0.0,0.0,13725.58,7964.06
300102.SZ,2018-11-01,5.41,5.76,5.41,5.64,5.8,-0.16,-2.7586,147836.05,82582.407
300102.SZ,2018-11-02,5.59,5.79,5.57,5.79,5.64,0.15,2.6596,101788.19,57843.652
300102.SZ,2018-11-05,5.79,5.87,5.73,5.86,5.79,0.07,1.209,74797.51,43380.47
300102.SZ,2018-11-06,5.83,5.87,5.78,5.83,5.86,-0.03,-0.5119,36687.73,21377.46
300102.SZ,2018-11-07,5.83,5.86,5.75,5.78,5.83,-0.05,-0.8576,43889.65,25505.174
300102.SZ,2018-11-08,5.85,5.9,5.81,5.87,5.78,0.09,1.5571,65320.33,38286.944
300102.SZ,2018-11-09,5.84,5.9,5.76,5.87,5.87,0.0,0.0,89478.77,52171.948
300102.SZ,2018-11-12,5.83,6.0,5.82,6.0,5.87,0.13,2.2147,125853.01,74323.709
300102.SZ,2018-11-13,5.92,6.14,5.91,6.08,6.0,0.08,1.3333,103415.23,62662.927
300102.SZ,2018-11-14,6.12,6.14,6.04,6.07,6.08,-0.01,-0.1645,54685.01,33287.157
300102.SZ,2018-11-15,6.11,6.17,6.06,6.15,6.07,0.08,1.318,56313.99,34509.621
300102.SZ,2018-11-16,6.15,6.23,6.12,6.18,6.15,0.03,0.4878,57473.96,35493.221
300102.SZ,2018-11-19,6.17,6.21,6.09,6.13,6.18,-0.05,-0.8091,51433.56,31515.36
300102.SZ,2018-11-20,6.09,6.19,6.01,6.02,6.13,-0.11,-1.7945,61714.81,37647.171
300102.SZ,2018-11-21,6.03,6.09,5.96,6.07,6.02,0.05,0.8306,47395.57,28587.968
300102.SZ,2018-11-22,6.1,6.27,6.09,6.14,6.07,0.07,1.1532,78478.92,48518.517
300102.SZ,2018-11-23,6.12,6.25,5.97,6.17,6.14,0.03,0.4886,110327.2,67243.574
300102.SZ,2018-11-26,6.15,6.37,6.1,6.33,6.17,0.16,2.5932,142644.29,89623.683
300102.SZ,2018-11-27,6.31,6.35,6.1,6.15,6.33,-0.18,-2.8436,101025.69,62740.345
300102.SZ,2018-11-28,6.15,6.15,5.96,6.1,6.15,-0.05,-0.813,70955.0,43022.868
300102.SZ,2018-11-29,6.14,6.16,5.91,6.01,6.1,-0.09,-1.4754,85075.44,51263.491
300102.SZ,2018-11-30,5.96,6.06,5.81,5.94,6.01,-0.07,-1.1647,45016.0,26586.957
300102.SZ,2018-12-03,6.07,6.24,6.03,6.18,5.94,0.24,4.0404,105557.93,64967.728
300102.SZ,2018-12-04,6.15,6.21,6.12,6.18,6.18,0.0,0.0,47035.41,29015.344
300102.SZ,2018-12-05,6.09,6.11,6.05,6.06,6.18,-0.12,-1.9417,49179.0,29884.383
300102.SZ,2018-12-06,6.02,6.13,5.96,6.08,6.06,0.02,0.33,62817.16,37957.904
300102.SZ,2018-12-07,6.06,6.17,6.05,6.17,6.08,0.09,1.4803,62771.0,38445.49
300102.SZ,2018-12-10,6.13,6.26,6.08,6.22,6.17,0.05,0.8104,79630.04,49302.293
300102.SZ,2018-12-11,6.24,6.35,6.23,6.33,6.22,0.11,1.7685,129535.11,81563.805
300102.SZ,2018-12-12,6.96,6.96,6.52,6.59,6.33,0.26,4.1074,455025.71,309131.233
300102.SZ,2018-12-13,6.48,6.88,6.38,6.75,6.59,0.16,2.4279,418673.69,279804.812
300102.SZ,2018-12-14,6.62,6.7,6.43,6.43,6.75,-0.32,-4.7407,286006.49,188511.19
300102.SZ,2018-12-17,6.4,6.49,6.33,6.45,6.43,0.02,0.311,90160.69,57739.776
300102.SZ,2018-12-18,6.4,6.45,6.25,6.25,6.45,-0.2,-3.1008,99663.0,63119.406
300102.SZ,2018-12-19,6.31,6.32,5.93,6.07,6.25,-0.18,-2.88,156391.0,95267.618
300102.SZ,2018-12-20,5.98,6.03,5.87,5.96,6.07,-0.11,-1.8122,100501.39,59638.472
300102.SZ,2018-12-21,5.92,6.0,5.88,5.92,5.96,-0.04,-0.6711,65075.0,38649.499
300102.SZ,2018-12-24,5.9,6.02,5.9,5.94,5.92,0.02,0.3378,80812.37,48119.58
300102.SZ,2018-12-25,5.92,6.12,5.81,6.11,5.94,0.17,2.862,235270.11,141530.384
300102.SZ,2018-12-26,6.04,6.2,6.01,6.08,6.11,-0.03,-0.491,229577.0,140382.38
300102.SZ,2018-12-27,6.11,6.14,5.67,5.73,6.08,-0.35,-5.7566,208696.0,123000.89
300102.SZ,2018-12-28,5.74,6.11,5.57,5.83,5.73,0.1,1.7452,139715.0,80475.735
300102.SZ,2019-01-02,5.83,5.97,5.73,5.94,5.83,0.11,1.8868,155729.02,91512.901
300102.SZ,2019-01-03,5.96,5.97,5.79,5.83,5.94,-0.11,-1.8519,73639.0,43008.393
300102.SZ,2019-01-04,5.76,5.9,5.69,5.88,5.83,0.05,0.8576,100819.0,58761.453
300102.SZ,2019-01-07,5.89,6.06,5.87,6.04,5.88,0.16,2.7211,124142.12,74095.813
300102.SZ,2019-01-08,6.01,6.06,5.95,5.96,6.04,-0.08,-1.3245,69079.02,41411.61
300102.SZ,2019-01-09,5.97,6.08,5.96,5.96,5.96,0.0,0.0,83016.02,49943.746
300102.SZ,2019-01-10,5.95,6.02,5.94,6.0,5.96,0.04,0.6711,80425.25,48135.499
300102.SZ,2019-01-11,6.01,6.26,5.95,6.18,6.0,0.18,3.0,153813.29,93706.257
300102.SZ,2019-01-14,6.26,6.26,6.04,6.05,6.18,-0.13,-2.1036,108183.73,66098.354
300102.SZ,2019-01-15,6.08,6.15,6.03,6.14,6.05,0.09,1.4876,60987.49,37169.615
300102.SZ,2019-01-16,6.1,6.14,6.04,6.05,6.14,-0.09,-1.4658,56752.04,34487.37
300102.SZ,2019-01-17,6.04,6.04,5.91,5.91,6.05,-0.14,-2.314,62413.08,37190.756
300102.SZ,2019-01-18,5.92,6.0,5.9,5.97,5.91,0.06,1.0152,47578.0,28260.852
300102.SZ,2019-01-21,5.97,6.03,5.94,5.99,5.97,0.02,0.335,46292.0,27776.29
300102.SZ,2019-01-22,6.0,6.0,5.89,5.92,5.99,-0.07,-1.1686,37169.85,22084.049
300102.SZ,2019-01-23,5.9,5.99,5.9,5.95,5.92,0.03,0.5068,37246.49,22202.958
300102.SZ,2019-01-24,5.94,6.08,5.94,6.01,5.95,0.06,1.0084,56971.49,34366.873
300102.SZ,2019-01-25,5.98,6.08,5.97,6.05,6.01,0.04,0.6656,68295.49,41241.272
300102.SZ,2019-01-28,6.02,6.09,5.95,5.98,6.05,-0.07,-1.157,64242.0,38794.537
300102.SZ,2019-01-29,5.98,6.06,5.8,6.0,5.98,0.02,0.3344,126094.31,75344.435
300102.SZ,2019-01-30,6.0,6.06,5.94,5.97,6.0,-0.03,-0.5,67798.0,40786.988
300102.SZ,2019-01-31,5.97,6.07,5.92,5.98,5.97,0.01,0.1675,153270.49,91993.943
300102.SZ,2019-02-01,6.05,6.18,5.98,6.15,5.98,0.17,2.8428,196996.05,120055.039
300102.SZ,2019-02-11,6.16,6.22,6.11,6.2,6.15,0.05,0.813,113862.0,70165.034
300102.SZ,2019-02-12,6.18,6.27,6.15,6.25,6.2,0.05,0.8065,105119.37,65376.36
300102.SZ,2019-02-13,6.26,6.45,6.19,6.37,6.25,0.12,1.92,139959.08,88942.29
300102.SZ,2019-02-14,6.34,6.35,6.23,6.27,6.37,-0.1,-1.5699,112917.0,70916.634
300102.SZ,2019-02-15,6.24,6.29,6.17,6.19,6.27,-0.08,-1.2759,93775.2,58506.532
300102.SZ,2019-02-18,6.23,6.48,6.22,6.44,6.19,0.25,4.0388,156074.31,99549.662
300102.SZ,2019-02-19,6.45,6.48,6.3,6.4,6.44,-0.04,-0.6211,142304.81,90910.885
300102.SZ,2019-02-20,6.36,6.54,6.33,6.48,6.4,0.08,1.25,140960.0,90928.883
300102.SZ,2019-02-21,6.5,6.71,6.34,6.37,6.48,-0.11,-1.6975,198436.31,128982.138
300102.SZ,2019-02-22,6.36,6.91,6.33,6.74,6.37,0.37,5.8085,369457.96,244804.393
300102.SZ,2019-02-25,6.91,7.06,6.6,7.02,6.74,0.28,4.1543,462948.38,316479.565
300102.SZ,2019-02-26,6.91,6.91,6.72,6.75,7.02,-0.27,-3.8462,319542.17,217670.603
300102.SZ,2019-02-27,6.7,6.79,6.55,6.65,6.75,-0.1,-1.4815,203321.98,135803.961
300102.SZ,2019-02-28,6.64,6.72,6.6,6.69,6.65,0.04,0.6015,105114.88,70030.397
300102.SZ,2019-03-01,6.68,6.7,6.5,6.61,6.69,-0.08,-1.1958,117900.88,77603.796
300102.SZ,2019-03-04,6.67,6.82,6.63,6.68,6.61,0.07,1.059,209315.87,141021.714
300102.SZ,2019-03-05,6.67,6.98,6.63,6.93,6.68,0.25,3.7425,244192.69,166277.086
300102.SZ,2019-03-06,7.01,7.11,6.82,6.97,6.93,0.04,0.5772,298477.54,207105.454
300102.SZ,2019-03-07,6.97,7.24,6.92,7.15,6.97,0.18,2.5825,336479.72,238778.34
300102.SZ,2019-03-08,7.12,7.54,6.9,7.14,7.15,-0.01,-0.1399,495806.41,359571.236
300102.SZ,2019-03-11,7.28,7.4,7.11,7.4,7.14,0.26,3.6415,326582.99,237807.364
300102.SZ,2019-03-12,7.41,7.45,7.26,7.45,7.4,0.05,0.6757,345480.41,253920.195
300102.SZ,2019-03-13,7.45,7.45,7.06,7.1,7.45,-0.35,-4.698,222026.08,160717.084
300102.SZ,2019-03-14,7.02,7.09,6.76,6.85,7.1,-0.25,-3.5211,185905.81,127887.761
300102.SZ,2019-03-15,6.86,6.97,6.84,6.91,6.85,0.06,0.8759,112252.22,77501.615
300102.SZ,2019-03-18,6.9,7.0,6.8,7.0,6.91,0.09,1.3025,123611.79,85296.23
300102.SZ,2019-03-19,6.98,7.04,6.91,6.96,7.0,-0.04,-0.5714,115144.15,80158.683
300102.SZ,2019-03-20,6.97,7.0,6.72,6.86,6.96,-0.1,-1.4368,142668.01,97765.204
300102.SZ,2019-03-21,6.86,7.01,6.83,6.95,6.86,0.09,1.312,161734.57,112003.393
300102.SZ,2019-03-22,6.93,6.95,6.77,6.91,6.95,-0.04,-0.5755,126875.0,87145.102
300102.SZ,2019-03-25,6.83,7.1,6.81,7.02,6.91,0.11,1.5919,221803.82,155440.471
300102.SZ,2019-03-26,6.99,7.01,6.61,6.65,7.02,-0.37,-5.2707,176271.86,120082.225
300102.SZ,2019-03-27,6.68,6.75,6.56,6.72,6.65,0.07,1.0526,86026.79,57353.105
300102.SZ,2019-03-28,6.72,6.82,6.62,6.73,6.72,0.01,0.1488,89698.5,60558.908
300102.SZ,2019-03-29,6.72,6.96,6.61,6.95,6.73,0.22,3.2689,142518.32,97026.081
300102.SZ,2019-04-01,7.0,7.15,6.92,7.12,6.95,0.17,2.446,180394.85,127489.546
300102.SZ,2019-04-02,7.11,7.14,7.04,7.05,7.12,-0.07,-0.9831,135434.01,95981.019
300102.SZ,2019-04-03,7.0,7.25,6.96,7.23,7.05,0.18,2.5532,188851.6,133863.3
300102.SZ,2019-04-04,7.52,7.67,7.16,7.17,7.23,-0.06,-0.8299,290252.22,212663.924
300102.SZ,2019-04-08,7.15,7.24,6.94,7.01,7.17,-0.16,-2.2315,176368.95,124531.981
300102.SZ,2019-04-09,6.99,7.06,6.94,7.03,7.01,0.02,0.2853,89019.6,62316.073
300102.SZ,2019-04-10,6.89,6.89,6.72,6.8,7.03,-0.23,-3.2717,169624.39,115333.859
300102.SZ,2019-04-11,6.78,6.83,6.7,6.73,6.8,-0.07,-1.0294,95147.0,64136.99
300102.SZ,2019-04-12,6.73,6.79,6.71,6.76,6.73,0.03,0.4458,59212.02,39928.921
300102.SZ,2019-04-15,6.81,6.85,6.67,6.7,6.76,-0.06,-0.8876,82124.49,55653.762
300102.SZ,2019-04-16,6.64,6.8,6.59,6.8,6.7,0.1,1.4925,101118.98,67631.548
300102.SZ,2019-04-17,6.77,6.85,6.77,6.81,6.8,0.01,0.1471,99055.78,67518.764
300102.SZ,2019-04-18,6.82,6.82,6.72,6.73,6.81,-0.08,-1.1747,87564.03,59163.926
300102.SZ,2019-04-19,6.75,6.84,6.71,6.83,6.73,0.1,1.4859,90771.2,61683.828
300102.SZ,2019-04-22,6.85,6.89,6.73,6.74,6.83,-0.09,-1.3177,87222.19,59532.004
300102.SZ,2019-04-23,6.69,6.69,6.26,6.41,6.74,-0.33,-4.8961,202284.02,130085.121
300102.SZ,2019-04-24,6.4,6.41,6.23,6.4,6.41,-0.01,-0.156,111140.6,70377.944
300102.SZ,2019-04-25,6.35,6.4,6.17,6.19,6.4,-0.21,-3.2813,83213.0,52302.233
300102.SZ,2019-04-26,6.16,6.22,6.12,6.14,6.19,-0.05,-0.8078,53917.2,33307.246
300102.SZ,2019-04-29,6.16,6.2,5.95,5.96,6.14,-0.18,-2.9316,94468.19,56990.825
300102.SZ,2019-04-30,5.97,6.1,5.97,6.08,5.96,0.12,2.0134,51376.55,31092.537
300102.SZ,2019-05-06,5.99,5.99,5.61,5.66,6.08,-0.42,-6.9079,104524.78,60785.911
300102.SZ,2019-05-07,5.73,5.75,5.58,5.71,5.66,0.05,0.8834,51305.02,29168.601
300102.SZ,2019-05-08,5.63,5.75,5.59,5.69,5.71,-0.02,-0.3503,46425.37,26453.609
300102.SZ,2019-05-09,5.7,5.77,5.67,5.73,5.69,0.04,0.703,34648.2,19884.466
300102.SZ,2019-05-10,5.75,5.92,5.7,5.91,5.73,0.18,3.1414,78840.71,46046.901
300102.SZ,2019-05-13,5.84,5.96,5.84,5.88,5.91,-0.03,-0.5076,41743.55,24632.44
300102.SZ,2019-05-14,5.81,5.88,5.79,5.79,5.88,-0.09,-1.5306,35384.02,20613.061
300102.SZ,2019-05-15,5.82,5.88,5.82,5.86,5.79,0.07,1.209,37321.0,21857.662
300102.SZ,2019-05-16,5.87,5.96,5.82,5.93,5.86,0.07,1.1945,57114.02,33662.922
300102.SZ,2019-05-17,5.94,6.04,5.82,5.86,5.93,-0.07,-1.1804,86147.0,51167.23
300102.SZ,2019-05-20,5.93,6.45,5.88,6.17,5.86,0.31,5.2901,193876.2,119561.903
300102.SZ,2019-05-21,6.08,6.3,6.01,6.11,6.17,-0.06,-0.9724,129699.31,79419.762
300102.SZ,2019-05-22,6.09,6.15,5.89,5.95,6.11,-0.16,-2.6187,128771.04,77118.989
300102.SZ,2019-05-23,5.96,6.05,5.86,5.89,5.95,-0.06,-1.0084,99081.0,59005.416
300102.SZ,2019-05-24,5.8,5.82,5.62,5.68,5.89,-0.21,-3.5654,95262.22,54326.911
300102.SZ,2019-05-27,5.74,5.91,5.64,5.88,5.68,0.2,3.5211,75963.9,44154.854
300102.SZ,2019-05-28,5.89,5.94,5.83,5.87,5.88,-0.01,-0.1701,71046.0,41826.427
300102.SZ,2019-05-29,6.0,6.16,5.89,6.06,5.87,0.19,3.2368,168705.64,102265.9
300102.SZ,2019-05-30,5.95,6.01,5.76,5.84,6.06,-0.22,-3.6304,122518.24,71759.289
300102.SZ,2019-05-31,6.0,6.01,5.82,5.82,5.84,-0.02,-0.3425,68399.02,40483.413
300102.SZ,2019-06-03,5.82,5.87,5.65,5.76,5.82,-0.06,-1.0309,72298.55,41589.397
300102.SZ,2019-06-04,5.75,5.78,5.69,5.77,5.76,0.01,0.1736,51600.0,29604.855
300102.SZ,2019-06-05,5.81,5.83,5.73,5.8,5.77,0.03,0.5199,40253.37,23235.39
300102.SZ,2019-06-06,5.65,5.82,5.65,5.76,5.8,-0.04,-0.6897,60218.9,34694.636
300102.SZ,2019-06-10,5.9,5.9,5.82,5.85,5.76,0.09,1.5625,60485.0,35480.55
300102.SZ,2019-06-11,5.85,6.03,5.78,6.0,5.85,0.15,2.5641,92982.02,55065.966
300102.SZ,2019-06-12,5.95,5.98,5.9,5.94,6.0,-0.06,-1.0,57128.0,33927.104
300102.SZ,2019-06-13,5.96,6.01,5.92,5.99,5.94,0.05,0.8418,68828.0,41117.434
300102.SZ,2019-06-14,5.96,5.97,5.84,5.84,5.99,-0.15,-2.5042,50470.0,29856.308
300102.SZ,2019-06-17,5.85,5.94,5.81,5.9,5.84,0.06,1.0274,35507.02,20890.547
300102.SZ,2019-06-18,5.9,6.04,5.9,5.98,5.9,0.08,1.3559,57507.02,34458.72
300102.SZ,2019-06-19,6.07,6.11,6.01,6.03,5.98,0.05,0.8361,118214.7,71824.274
300102.SZ,2019-06-20,6.0,6.1,5.94,6.04,6.03,0.01,0.1658,57020.0,34413.84
300102.SZ,2019-06-21,6.18,6.24,6.05,6.09,6.04,0.05,0.8278,95937.68,58959.938
300102.SZ,2019-06-24,6.12,6.12,5.97,6.0,6.09,-0.09,-1.4778,73762.0,44476.399
300102.SZ,2019-06-25,6.0,6.03,5.87,5.94,6.0,-0.06,-1.0,55711.81,33050.592
300102.SZ,2019-06-26,5.92,5.98,5.89,5.93,5.94,-0.01,-0.1684,41143.39,24445.187
300102.SZ,2019-06-27,5.97,6.03,5.93,5.98,5.93,0.05,0.8432,41502.4,24846.568
300102.SZ,2019-06-28,5.98,6.01,5.81,5.83,5.98,-0.15,-2.5084,37866.43,22240.454
300102.SZ,2019-07-01,5.91,6.03,5.9,6.01,5.83,0.18,3.0875,50913.54,30422.408
300102.SZ,2019-07-02,6.02,6.03,5.93,5.95,6.01,-0.06,-0.9983,36902.43,22033.364
300102.SZ,2019-07-03,5.95,5.95,5.83,5.86,5.95,-0.09,-1.5126,32998.27,19388.616
300102.SZ,2019-07-04,5.85,5.9,5.81,5.84,5.86,-0.02,-0.3413,28960.0,16937.104
300102.SZ,2019-07-05,5.82,5.9,5.8,5.82,5.84,-0.02,-0.3425,40029.0,23328.806
300102.SZ,2019-07-08,5.82,5.82,5.45,5.52,5.82,-0.3,-5.1546,74270.0,41491.346
300102.SZ,2019-07-09,5.53,5.57,5.48,5.56,5.52,0.04,0.7246,28463.0,15701.034
300102.SZ,2019-07-10,5.56,5.57,5.42,5.45,5.54,-0.09,-1.6245,24638.26,13523.186
300102.SZ,2019-07-11,5.48,5.51,5.41,5.43,5.45,-0.02,-0.367,23219.26,12677.762
300102.SZ,2019-07-12,5.42,5.47,5.41,5.44,5.43,0.01,0.1842,17591.25,9566.134
300102.SZ,2019-07-15,5.42,5.44,5.22,5.38,5.44,-0.06,-1.1029,42368.0,22599.65
300102.SZ,2019-07-16,5.36,5.44,5.33,5.41,5.38,0.03,0.5576,22650.43,12219.009
300102.SZ,2019-07-17,5.42,5.51,5.38,5.48,5.41,0.07,1.2939,29555.56,16178.178
300102.SZ,2019-07-18,5.46,5.46,5.31,5.34,5.48,-0.14,-2.5547,24072.0,12963.506
300102.SZ,2019-07-19,5.34,5.45,5.34,5.37,5.34,0.03,0.5618,18079.43,9755.585
300102.SZ,2019-07-22,5.38,5.41,5.2,5.32,5.37,-0.05,-0.9311,35439.42,18676.004
300102.SZ,2019-07-23,5.32,5.51,5.24,5.48,5.32,0.16,3.0075,60746.04,32935.288
300102.SZ,2019-07-24,5.47,5.57,5.44,5.54,5.48,0.06,1.0949,48860.02,26940.751
300102.SZ,2019-07-25,5.5,5.63,5.46,5.5,5.54,-0.04,-0.722,41232.03,22784.981
300102.SZ,2019-07-26,5.46,5.51,5.44,5.47,5.5,-0.03,-0.5455,25465.4,13909.744
300102.SZ,2019-07-29,5.45,5.55,5.45,5.5,5.47,0.03,0.5484,31493.39,17326.683
300102.SZ,2019-07-30,5.49,5.57,5.49,5.51,5.5,0.01,0.1818,22610.02,12506.368
300102.SZ,2019-07-31,5.55,5.56,5.48,5.49,5.51,-0.02,-0.363,17945.68,9880.459
300102.SZ,2019-08-01,5.48,5.49,5.37,5.44,5.49,-0.05,-0.9107,23512.68,12733.577
300102.SZ,2019-08-02,5.36,5.36,5.23,5.27,5.44,-0.17,-3.125,31765.57,16807.097
300102.SZ,2019-08-05,5.29,5.32,5.18,5.18,5.27,-0.09,-1.7078,26796.28,14017.053
300102.SZ,2019-08-06,5.11,5.11,4.75,4.94,5.18,-0.24,-4.6332,59384.88,29240.467
300102.SZ,2019-08-07,4.97,4.98,4.88,4.89,4.94,-0.05,-1.0121,24266.17,11940.224
300102.SZ,2019-08-08,4.9,4.95,4.85,4.88,4.89,-0.01,-0.2045,24061.0,11786.141
300102.SZ,2019-08-09,4.89,4.94,4.75,4.78,4.88,-0.1,-2.0492,30364.75,14680.952
300102.SZ,2019-08-12,4.71,4.87,4.71,4.87,4.78,0.09,1.8828,24000.43,11538.065
300102.SZ,2019-08-13,4.83,4.86,4.79,4.8,4.87,-0.07,-1.4374,15561.0,7499.614
300102.SZ,2019-08-14,4.85,4.9,4.81,4.82,4.8,0.02,0.4167,19997.46,9694.486
300102.SZ,2019-08-15,4.72,4.87,4.68,4.87,4.82,0.05,1.0373,29193.0,13913.553
300102.SZ,2019-08-16,4.87,4.9,4.83,4.88,4.87,0.01,0.2053,23083.0,11268.84
300102.SZ,2019-08-19,4.9,5.02,4.86,5.0,4.88,0.12,2.459,38222.02,19001.171
300102.SZ,2019-08-20,5.01,5.06,4.98,5.0,5.0,0.0,0.0,37330.15,18751.228
300102.SZ,2019-08-21,4.99,5.04,4.98,4.99,5.0,-0.01,-0.2,35553.0,17826.176
300102.SZ,2019-08-22,5.02,5.12,4.99,5.08,4.99,0.09,1.8036,52979.88,26831.847
300102.SZ,2019-08-23,5.03,5.06,4.96,5.0,5.08,-0.08,-1.5748,41534.0,20781.764
300102.SZ,2019-08-26,4.91,4.93,4.84,4.86,5.0,-0.14,-2.8,34982.65,17087.109
300102.SZ,2019-08-27,4.88,5.05,4.88,5.02,4.86,0.16,3.2922,50441.51,25169.964
300102.SZ,2019-08-28,5.02,5.05,5.01,5.04,5.02,0.02,0.3984,41423.0,20839.925
300102.SZ,2019-08-29,5.03,5.09,4.99,4.99,5.04,-0.05,-0.9921,28676.0,14422.958
300102.SZ,2019-08-30,5.05,5.05,4.81,4.88,4.99,-0.11,-2.2044,46967.0,23180.021
300102.SZ,2019-09-02,4.83,5.08,4.83,5.06,4.88,0.18,3.6885,58742.02,29422.279
300102.SZ,2019-09-03,5.06,5.12,5.05,5.11,5.06,0.05,0.9881,38112.28,19378.358
300102.SZ,2019-09-04,5.1,5.14,5.05,5.11,5.11,0.0,0.0,53698.0,27389.079
300102.SZ,2019-09-05,5.13,5.22,5.08,5.13,5.11,0.02,0.3914,68283.2,35263.357
300102.SZ,2019-09-06,5.13,5.22,5.11,5.16,5.13,0.03,0.5848,37012.0,19092.449
300102.SZ,2019-09-09,5.18,5.35,5.16,5.33,5.16,0.17,3.2946,80235.59,42342.148
300102.SZ,2019-09-10,5.32,5.38,5.29,5.35,5.33,0.02,0.3752,64033.61,34189.641
300102.SZ,2019-09-11,5.34,5.43,5.27,5.28,5.35,-0.07,-1.3084,59746.0,31938.691
300102.SZ,2019-09-12,5.3,5.38,5.28,5.34,5.28,0.06,1.1364,44055.0,23490.427
300102.SZ,2019-09-16,5.35,5.41,5.33,5.36,5.34,0.02,0.3745,38478.62,20682.535
300102.SZ,2019-09-17,5.31,5.35,5.19,5.28,5.36,-0.08,-1.4925,61299.01,32136.444
300102.SZ,2019-09-18,5.3,5.66,5.2,5.21,5.28,-0.07,-1.3258,139778.96,74618.596
300102.SZ,2019-09-19,5.2,5.64,5.05,5.46,5.21,0.25,4.7985,242066.45,131684.222
300102.SZ,2019-09-20,5.43,5.55,5.38,5.44,5.46,-0.02,-0.3663,163368.94,89122.934
300102.SZ,2019-09-23,5.44,5.44,5.26,5.3,5.44,-0.14,-2.5735,85618.51,45437.599
300102.SZ,2019-09-24,5.31,5.44,5.31,5.41,5.3,0.11,2.0755,96928.28,52185.298
300102.SZ,2019-09-25,5.36,5.39,5.14,5.14,5.41,-0.27,-4.9908,92180.07,48104.205
300102.SZ,2019-09-26,5.15,5.19,4.9,4.94,5.14,-0.2,-3.8911,64277.9,32247.058
300102.SZ,2019-09-27,4.93,5.01,4.92,4.94,4.94,0.0,0.0,39654.02,19678.97
300102.SZ,2019-09-30,4.96,4.96,4.8,4.8,4.94,-0.14,-2.834,33225.1,16173.432
300102.SZ,2019-10-08,4.83,4.87,4.73,4.75,4.8,-0.05,-1.0417,30745.37,14726.223
300102.SZ,2019-10-09,4.72,4.83,4.71,4.81,4.75,0.06,1.2632,27589.67,13172.36
300102.SZ,2019-10-10,4.8,4.87,4.77,4.85,4.81,0.04,0.8316,30907.19,14886.973
300102.SZ,2019-10-11,4.84,4.87,4.78,4.83,4.85,-0.02,-0.4124,33745.74,16280.6
300102.SZ,2019-10-14,4.86,4.92,4.85,4.87,4.83,0.04,0.8282,34156.0,16664.885
300102.SZ,2019-10-15,4.73,4.79,4.68,4.71,4.87,-0.16,-3.2854,56147.06,26542.467
300102.SZ,2019-10-16,4.7,4.75,4.57,4.57,4.71,-0.14,-2.9724,64412.75,29883.499
300102.SZ,2019-10-17,4.57,4.6,4.52,4.54,4.57,-0.03,-0.6565,31564.0,14397.191
300102.SZ,2019-10-18,4.55,4.6,4.43,4.47,4.54,-0.07,-1.5419,38425.82,17299.048
300102.SZ,2019-10-21,4.51,4.6,4.44,4.59,4.47,0.12,2.6846,49112.9,22360.973
300102.SZ,2019-10-22,4.59,4.61,4.55,4.59,4.59,0.0,0.0,32083.27,14692.042
300102.SZ,2019-10-23,4.59,4.59,4.51,4.54,4.59,-0.05,-1.0893,25278.36,11502.957
300102.SZ,2019-10-24,4.55,4.55,4.44,4.54,4.54,0.0,0.0,48486.0,21744.619
300102.SZ,2019-10-25,4.5,4.55,4.46,4.53,4.54,-0.01,-0.2203,31710.74,14277.933
300102.SZ,2019-10-28,4.52,4.67,4.51,4.65,4.53,0.12,2.649,60465.22,27869.305
300102.SZ,2019-10-29,4.65,4.66,4.54,4.54,4.65,-0.11,-2.3656,46406.0,21276.212
300102.SZ,2019-10-30,4.55,4.57,4.39,4.46,4.54,-0.08,-1.7621,52755.98,23529.695
300102.SZ,2019-10-31,4.45,4.46,4.32,4.46,4.46,0.0,0.0,70338.0,30824.2
300102.SZ,2019-11-01,4.42,4.42,4.34,4.38,4.46,-0.08,-1.7937,39489.02,17281.395
300102.SZ,2019-11-04,4.38,4.39,4.26,4.27,4.38,-0.11,-2.5114,47012.0,20338.68
300102.SZ,2019-11-05,4.27,4.29,4.14,4.15,4.27,-0.12,-2.8103,67135.47,28088.467
300102.SZ,2019-11-06,4.17,4.22,4.03,4.05,4.15,-0.1,-2.4096,68728.47,28287.444
300102.SZ,2019-11-07,4.07,4.17,4.05,4.13,4.05,0.08,1.9753,50643.47,20841.775
300102.SZ,2019-11-08,4.17,4.2,4.06,4.09,4.13,-0.04,-0.9685,42258.48,17481.467
300102.SZ,2019-11-11,4.02,4.05,3.85,3.92,4.09,-0.17,-4.1565,61194.02,24040.327
300102.SZ,2019-11-12,3.91,3.97,3.86,3.96,3.92,0.04,1.0204,41608.48,16291.453
300102.SZ,2019-11-13,3.95,3.95,3.86,3.91,3.96,-0.05,-1.2626,27946.48,10926.146
300102.SZ,2019-11-14,3.89,3.98,3.89,3.96,3.91,0.05,1.2788,38246.62,15104.866
300102.SZ,2019-11-15,3.97,4.03,3.94,3.95,3.96,-0.01,-0.2525,40990.19,16337.954
300102.SZ,2019-11-18,3.97,3.97,3.89,3.93,3.95,-0.02,-0.5063,32235.33,12664.291
300102.SZ,2019-11-19,3.93,4.06,3.91,4.05,3.93,0.12,3.0534,41864.65,16767.377
300102.SZ,2019-11-20,4.03,4.08,4.0,4.03,4.05,-0.02,-0.4938,39538.08,15997.957
300102.SZ,2019-11-21,4.01,4.07,3.99,4.01,4.03,-0.02,-0.4963,28146.0,11332.954
300102.SZ,2019-11-22,4.02,4.1,3.98,3.99,4.01,-0.02,-0.4988,45227.0,18205.011
300102.SZ,2019-11-25,3.99,4.13,3.99,4.04,3.99,0.05,1.2531,52279.59,21103.878
300102.SZ,2019-11-26,4.04,4.05,3.92,3.93,4.04,-0.11,-2.7228,43192.88,17122.909
300102.SZ,2019-11-27,3.93,3.97,3.87,3.95,3.93,0.02,0.5089,38705.33,15193.491
300102.SZ,2019-11-28,3.94,3.99,3.91,3.92,3.95,-0.03,-0.7595,28837.53,11390.125
300102.SZ,2019-11-29,3.95,4.07,3.9,4.06,3.92,0.14,3.5714,71718.43,28794.879
300102.SZ,2019-12-02,4.06,4.47,4.04,4.47,4.06,0.41,10.0985,139026.61,60164.677
300102.SZ,2019-12-03,4.57,4.69,4.4,4.47,4.47,0.0,0.0,349473.71,158523.764
300102.SZ,2019-12-04,4.35,4.45,4.26,4.29,4.47,-0.18,-4.0268,189853.0,82224.171
300102.SZ,2019-12-05,4.3,4.43,4.27,4.41,4.29,0.12,2.7972,176076.14,76782.487
300102.SZ,2019-12-06,4.4,4.85,4.31,4.85,4.41,0.44,9.9773,332566.28,154614.472
300102.SZ,2019-12-09,4.99,5.06,4.68,4.72,4.85,-0.13,-2.6804,417128.16,201794.502
300102.SZ,2019-12-10,4.72,4.96,4.6,4.87,4.72,0.15,3.178,340736.32,163007.317
300102.SZ,2019-12-11,5.01,5.36,4.92,4.92,4.87,0.05,1.0267,416740.05,213907.801
300102.SZ,2019-12-12,5.03,5.28,4.9,5.09,4.92,0.17,3.4553,378320.0,194018.502
300102.SZ,2019-12-13,5.09,5.09,4.8,4.92,5.09,-0.17,-3.3399,309598.16,152620.791
300102.SZ,2019-12-16,4.92,5.23,4.87,5.23,4.92,0.31,6.3008,338984.22,173158.979
300102.SZ,2019-12-17,5.15,5.39,5.13,5.18,5.23,-0.05,-0.956,337284.77,176195.036
300102.SZ,2019-12-18,5.23,5.57,5.18,5.42,5.18,0.24,4.6332,397431.39,215047.44
300102.SZ,2019-12-19,5.31,5.35,5.15,5.22,5.42,-0.2,-3.69,232431.72,121405.442
300102.SZ,2019-12-20,5.24,5.25,5.04,5.05,5.22,-0.17,-3.2567,178214.63,91419.029
300102.SZ,2019-12-23,4.98,5.0,4.75,4.75,5.05,-0.3,-5.9406,154280.18,75198.202
300102.SZ,2019-12-24,4.81,4.9,4.74,4.88,4.75,0.13,2.7368,132856.05,64148.438
300102.SZ,2019-12-25,4.88,5.1,4.8,4.97,4.88,0.09,1.8443,171835.89,85077.774
300102.SZ,2019-12-26,4.93,5.0,4.87,4.94,4.97,-0.03,-0.6036,111639.97,54979.101
300102.SZ,2019-12-27,4.93,5.09,4.91,4.92,4.94,-0.02,-0.4049,155054.73,77527.354
300102.SZ,2019-12-30,4.85,4.89,4.63,4.81,4.92,-0.11,-2.2358,109709.09,52587.179
300102.SZ,2019-12-31,4.82,4.86,4.71,4.75,4.81,-0.06,-1.2474,78073.56,37178.254
300102.SZ,2020-01-02,4.79,4.92,4.76,4.91,4.75,0.16,3.3684,94742.8,46086.62
300102.SZ,2020-01-03,4.91,5.07,4.9,4.93,4.91,0.02,0.4073,114901.0,57167.642
300102.SZ,2020-01-06,4.86,5.03,4.81,4.98,4.93,0.05,1.0142,128892.28,63918.38
300102.SZ,2020-01-07,4.99,5.11,4.96,5.02,4.98,0.04,0.8032,121906.55,61003.123
300102.SZ,2020-01-08,4.96,5.23,4.95,5.06,5.02,0.04,0.7968,188974.92,96098.256
300102.SZ,2020-01-09,5.08,5.12,4.98,5.01,5.06,-0.05,-0.9881,138054.96,69468.7
300102.SZ,2020-01-10,5.01,5.06,4.92,4.96,5.01,-0.05,-0.998,84778.95,42242.308
300102.SZ,2020-01-13,4.93,5.01,4.84,5.01,4.96,0.05,1.0081,90404.13,44789.047
300102.SZ,2020-01-14,5.03,5.03,4.88,4.88,5.01,-0.13,-2.5948,87011.0,43043.562
300102.SZ,2020-01-15,4.9,4.94,4.81,4.9,4.88,0.02,0.4098,64597.8,31450.706
300102.SZ,2020-01-16,4.92,4.94,4.82,4.82,4.9,-0.08,-1.6327,52994.0,25818.082
300102.SZ,2020-01-17,4.82,4.84,4.71,4.73,4.82,-0.09,-1.8672,68173.52,32527.511
300102.SZ,2020-01-20,4.76,4.87,4.63,4.84,4.73,0.11,2.3256,77205.15,36748.668
300102.SZ,2020-01-21,4.82,4.87,4.76,4.77,4.84,-0.07,-1.4463,46389.0,22315.92
300102.SZ,2020-01-22,4.75,4.86,4.65,4.85,4.77,0.08,1.6771,70751.16,33669.94
300102.SZ,2020-01-23,4.79,4.82,4.47,4.54,4.85,-0.31,-6.3918,93032.49,43242.234
300102.SZ,2020-02-03,4.09,4.09,4.09,4.09,4.54,-0.45,-9.9119,16905.0,6914.145
300102.SZ,2020-02-04,3.69,3.92,3.69,3.89,4.09,-0.2,-4.89,142823.0,54967.568
300102.SZ,2020-02-05,3.93,4.13,3.89,4.06,3.89,0.17,4.3702,111284.02,45048.074
300102.SZ,2020-02-06,4.09,4.13,4.05,4.08,4.06,0.02,0.4926,82182.0,33583.697
300102.SZ,2020-02-07,4.08,4.11,4.0,4.09,4.08,0.01,0.2451,92908.1,37668.012
300102.SZ,2020-02-10,4.04,4.17,4.04,4.14,4.09,0.05,1.2225,101553.23,41613.127
300102.SZ,2020-02-11,4.15,4.19,4.08,4.12,4.14,-0.02,-0.4831,74678.17,30804.34
300102.SZ,2020-02-12,4.14,4.47,4.11,4.32,4.12,0.2,4.8544,172852.14,74105.221
300102.SZ,2020-02-13,4.36,4.67,4.13,4.53,4.32,0.21,4.8611,261757.32,116581.783
300102.SZ,2020-02-14,4.44,4.98,4.44,4.98,4.53,0.45,9.9338,452572.68,218069.599
300102.SZ,2020-02-17,5.48,5.48,5.25,5.48,4.98,0.5,10.0402,303418.95,165904.258
300102.SZ,2020-02-18,5.95,6.03,5.81,6.03,5.48,0.55,10.0365,290455.71,173342.165
300102.SZ,2020-02-19,6.63,6.63,6.21,6.63,6.03,0.6,9.9502,718952.13,473471.944
300102.SZ,2020-02-20,7.0,7.29,7.0,7.29,6.63,0.66,9.9548,641334.64,462786.179
300102.SZ,2020-02-21,8.02,8.02,8.02,8.02,7.29,0.73,10.0137,69507.46,55744.982
300102.SZ,2020-02-24,7.51,8.35,7.24,8.2,8.02,0.18,2.2444,1791806.21,1397015.186
300102.SZ,2020-02-25,8.2,9.02,7.75,8.44,8.2,0.24,2.9268,1860538.04,1564283.483
300102.SZ,2020-02-26,7.6,7.6,7.6,7.6,8.44,-0.84,-9.9526,130913.0,99493.88
300102.SZ,2020-02-27,6.84,7.32,6.84,6.84,7.6,-0.76,-10.0,1188011.52,822654.059
300102.SZ,2020-02-28,6.16,6.49,6.16,6.16,6.84,-0.68,-9.9415,1043328.58,646888.822
300102.SZ,2020-03-02,6.24,6.46,5.98,6.3,6.16,0.14,2.2727,918097.8,573783.292
300102.SZ,2020-03-03,6.3,6.93,6.26,6.6,6.3,0.3,4.7619,1225310.37,813270.847
300102.SZ,2020-03-04,6.37,6.74,6.3,6.64,6.6,0.04,0.6061,865234.81,562543.854
300102.SZ,2020-03-05,6.69,7.14,6.51,6.93,6.64,0.29,4.3675,1172429.16,798781.467
300102.SZ,2020-03-06,6.6,6.91,6.47,6.48,6.93,-0.45,-6.4935,833925.86,555331.231
300102.SZ,2020-03-09,6.1,6.2,5.83,5.83,6.48,-0.65,-10.0309,711299.75,420131.358
300102.SZ,2020-03-10,5.7,6.14,5.61,6.09,5.83,0.26,4.4597,638190.74,378705.629
300102.SZ,2020-03-11,6.03,6.26,5.84,5.84,6.09,-0.25,-4.1051,571359.31,345312.961
300102.SZ,2020-03-12,5.9,6.42,5.77,6.42,5.84,0.58,9.9315,368499.95,230153.528
300102.SZ,2020-03-13,6.42,7.06,6.31,6.87,6.42,0.45,7.0093,1482093.16,991842.346
300102.SZ,2020-03-16,6.58,6.69,6.18,6.18,6.87,-0.69,-10.0437,727994.4,459278.548
300102.SZ,2020-03-17,5.9,6.1,5.56,5.76,6.18,-0.42,-6.7961,730131.6,418903.727
300102.SZ,2020-03-18,5.78,5.99,5.46,5.52,5.76,-0.24,-4.1667,595625.12,343195.34
300102.SZ,2020-03-19,5.47,6.07,5.47,6.07,5.52,0.55,9.9638,788698.3,459844.995
300102.SZ,2020-03-20,6.19,6.23,5.8,5.83,6.07,-0.24,-3.9539,595927.38,352808.975
300102.SZ,2020-03-23,5.79,6.09,5.32,5.45,5.83,-0.38,-6.518,553825.43,318021.039
300102.SZ,2020-03-24,5.65,5.7,5.25,5.59,5.45,0.14,2.5688,448471.52,246767.742
300102.SZ,2020-03-25,5.73,5.86,5.57,5.76,5.59,0.17,3.0411,485517.33,276667.757
300102.SZ,2020-03-26,5.65,5.82,5.52,5.55,5.76,-0.21,-3.6458,409871.23,232667.963
300102.SZ,2020-03-27,5.65,5.68,5.36,5.54,5.55,-0.01,-0.1802,345048.81,190809.099
300102.SZ,2020-03-30,5.38,5.39,4.99,4.99,5.54,-0.55,-9.9278,426787.42,215510.549
300102.SZ,2020-03-31,5.06,5.16,4.93,4.93,4.99,-0.06,-1.2024,330072.0,166784.306
300102.SZ,2020-04-01,4.98,5.14,4.93,5.0,4.93,0.07,1.4199,341420.0,172697.201
300102.SZ,2020-04-02,4.96,5.33,4.92,5.3,5.0,0.3,6.0,394752.0,203848.152
300102.SZ,2020-04-03,5.25,5.35,5.19,5.24,5.3,-0.06,-1.1321,302787.0,159301.959
300102.SZ,2020-04-07,5.36,5.4,5.25,5.32,5.24,0.08,1.5267,311299.5,165427.961
300102.SZ,2020-04-08,5.26,5.56,5.22,5.56,5.32,0.24,4.5113,366325.47,197765.515
300102.SZ,2020-04-09,5.5,5.57,5.35,5.39,5.56,-0.17,-3.0576,415464.54,225585.643
300102.SZ,2020-04-10,5.23,5.3,4.98,5.08,5.39,-0.31,-5.7514,405074.16,207293.956
300102.SZ,2020-04-13,5.11,5.11,4.86,4.92,5.08,-0.16,-3.1496,225927.0,111471.985
300102.SZ,2020-04-14,4.97,5.04,4.93,5.03,4.92,0.11,2.2358,202375.75,100952.876
300102.SZ,2020-04-15,5.01,5.09,4.89,4.91,5.03,-0.12,-2.3857,208208.25,104021.003
300102.SZ,2020-04-16,4.84,5.05,4.82,4.97,4.91,0.06,1.222,238619.31,117368.761
300102.SZ,2020-04-17,5.01,5.12,4.91,4.93,4.97,-0.04,-0.8048,253349.56,127170.614
300102.SZ,2020-04-20,4.94,4.94,4.85,4.93,4.93,0.0,0.0,139446.0,68244.753
300102.SZ,2020-04-21,4.91,4.96,4.81,4.94,4.93,0.01,0.2028,170378.51,82987.405
300102.SZ,2020-04-22,4.88,5.01,4.86,4.99,4.94,0.05,1.0121,174185.02,86428.306
300102.SZ,2020-04-23,4.99,5.03,4.91,4.95,4.99,-0.04,-0.8016,177740.36,88245.447
300102.SZ,2020-04-24,4.92,4.99,4.61,4.68,4.95,-0.27,-5.4545,247184.0,117371.961
300102.SZ,2020-04-27,4.68,4.7,4.5,4.52,4.68,-0.16,-3.4188,136026.46,62273.679
300102.SZ,2020-04-28,4.53,4.55,4.15,4.35,4.52,-0.17,-3.7611,199105.09,86416.294
300102.SZ,2020-04-29,4.38,4.52,4.32,4.39,4.35,0.04,0.9195,208755.36,92723.44
300102.SZ,2020-04-30,4.4,4.61,4.4,4.56,4.39,0.17,3.8724,236798.0,107658.523
300102.SZ,2020-05-06,4.54,4.74,4.51,4.71,4.56,0.15,3.2895,319466.78,148324.054
300102.SZ,2020-05-07,4.8,4.81,4.46,4.49,4.71,-0.22,-4.6709,381870.84,175147.317
300102.SZ,2020-05-08,4.54,4.94,4.5,4.94,4.49,0.45,10.0223,274859.26,132037.625
300102.SZ,2020-05-11,5.23,5.43,5.23,5.43,4.94,0.49,9.919,281185.03,151006.303
300102.SZ,2020-05-12,5.31,5.4,5.01,5.31,5.43,-0.12,-2.2099,911803.2,473489.577
300102.SZ,2020-05-13,5.19,5.42,5.04,5.29,5.31,-0.02,-0.3766,716688.65,372612.895
300102.SZ,2020-05-14,5.15,5.26,5.06,5.07,5.29,-0.22,-4.1588,444068.32,228212.817
300102.SZ,2020-05-15,5.09,5.35,5.04,5.14,5.07,0.07,1.3807,533777.26,276414.42
300102.SZ,2020-05-18,5.18,5.33,5.1,5.1,5.14,-0.04,-0.7782,495634.0,258891.766
300102.SZ,2020-05-19,5.16,5.5,5.08,5.37,5.1,0.27,5.2941,621451.15,329867.206
300102.SZ,2020-05-20,5.28,5.33,5.13,5.18,5.37,-0.19,-3.5382,375993.0,196626.097
300102.SZ,2020-05-21,5.22,5.25,4.77,4.81,5.18,-0.37,-7.1429,492580.49,243544.807
300102.SZ,2020-05-22,4.77,4.94,4.64,4.64,4.81,-0.17,-3.5343,253569.03,121198.02
300102.SZ,2020-05-25,4.6,4.74,4.48,4.54,4.64,-0.1,-2.1552,204759.09,93975.702
300102.SZ,2020-05-26,4.51,4.75,4.51,4.72,4.54,0.18,3.9648,208639.91,97280.604
300102.SZ,2020-05-27,4.73,4.77,4.62,4.68,4.72,-0.04,-0.8475,139845.02,65385.374
300102.SZ,2020-05-28,4.65,4.69,4.5,4.6,4.68,-0.08,-1.7094,152314.0,69843.016
300102.SZ,2020-05-29,4.6,4.8,4.56,4.67,4.6,0.07,1.5217,161932.91,75806.839
300102.SZ,2020-06-01,4.66,4.92,4.66,4.87,4.67,0.2,4.2827,251343.03,121179.168
300102.SZ,2020-06-02,4.86,5.09,4.85,5.0,4.87,0.13,2.6694,337472.26,168256.061
300102.SZ,2020-06-03,5.01,5.19,4.95,5.01,5.0,0.01,0.2,412110.28,208664.837
300102.SZ,2020-06-04,5.06,5.13,4.92,4.96,5.01,-0.05,-0.998,236881.23,118851.248
300102.SZ,2020-06-05,4.91,5.06,4.91,4.96,4.96,0.0,0.0,189043.86,94134.209
300102.SZ,2020-06-08,5.02,5.1,4.89,4.92,4.96,-0.04,-0.8065,226792.58,113632.415
300102.SZ,2020-06-09,4.92,4.99,4.83,4.85,4.92,-0.07,-1.4228,186124.0,90807.992
300102.SZ,2020-06-10,4.83,4.88,4.68,4.7,4.85,-0.15,-3.0928,189183.0,89521.983
300102.SZ,2020-06-11,4.72,4.83,4.65,4.68,4.7,-0.02,-0.4255,197698.17,93654.464
300102.SZ,2020-06-12,4.55,4.69,4.52,4.64,4.68,-0.04,-0.8547,143822.26,66305.736
300102.SZ,2020-06-15,4.63,4.72,4.53,4.55,4.64,-0.09,-1.9397,160917.0,74428.345
300102.SZ,2020-06-16,4.58,4.66,4.58,4.65,4.55,0.1,2.1978,130009.0,60094.572
300102.SZ,2020-06-17,4.7,4.74,4.56,4.65,4.65,0.0,0.0,150732.0,69940.786
300102.SZ,2020-06-18,4.63,4.69,4.6,4.67,4.65,0.02,0.4301,116283.96,54217.402
300102.SZ,2020-06-19,4.64,4.68,4.59,4.65,4.67,-0.02,-0.4283,147627.1,68490.024
300102.SZ,2020-06-22,4.63,4.75,4.63,4.71,4.65,0.06,1.2903,182362.86,85650.688
300102.SZ,2020-06-23,4.71,4.71,4.6,4.64,4.71,-0.07,-1.4862,132547.85,61543.444
300102.SZ,2020-06-24,4.65,4.67,4.54,4.55,4.64,-0.09,-1.9397,138888.0,63651.839
300102.SZ,2020-06-29,4.53,4.57,4.43,4.44,4.55,-0.11,-2.4176,107494.02,48206.088
300102.SZ,2020-06-30,4.46,4.55,4.46,4.5,4.44,0.06,1.3514,97502.5,43911.391
300102.SZ,2020-07-01,4.53,4.62,4.49,4.55,4.5,0.05,1.1111,145585.87,66309.415
300102.SZ,2020-07-02,4.51,4.73,4.48,4.67,4.55,0.12,2.6374,237080.48,110289.22
300102.SZ,2020-07-03,4.69,4.76,4.63,4.75,4.67,0.08,1.7131,221860.03,104379.131
300102.SZ,2020-07-06,4.79,5.04,4.76,5.02,4.75,0.27,5.6842,348468.25,172017.178
300102.SZ,2020-07-07,5.05,5.29,5.03,5.07,5.02,0.05,0.996,496910.72,254578.894
300102.SZ,2020-07-08,5.09,5.23,5.02,5.2,5.07,0.13,2.5641,336020.82,172775.613
300102.SZ,2020-07-09,5.18,5.43,5.15,5.36,5.2,0.16,3.0769,362585.0,191897.514
300102.SZ,2020-07-10,5.32,5.62,5.24,5.37,5.36,0.01,0.1866,491196.17,266861.145
300102.SZ,2020-07-13,5.38,5.6,5.3,5.6,5.37,0.23,4.2831,417312.0,227590.448
300102.SZ,2020-07-14,5.7,5.75,5.26,5.48,5.6,-0.12,-2.1429,482468.02,265237.821
300102.SZ,2020-07-15,5.42,5.47,5.11,5.12,5.48,-0.36,-6.5693,340095.0,178309.509
300102.SZ,2020-07-16,5.13,5.24,4.85,4.88,5.12,-0.24,-4.6875,271072.8,136897.42
300102.SZ,2020-07-17,4.89,4.97,4.72,4.78,4.88,-0.1,-2.0492,235756.82,113373.36
300102.SZ,2020-07-20,4.8,4.99,4.78,4.99,4.78,0.21,4.3933,173544.42,84648.989
300102.SZ,2020-07-21,4.97,5.49,4.94,5.49,4.99,0.5,10.02,379631.68,198766.837
300102.SZ,2020-07-22,5.45,5.73,5.3,5.6,5.49,0.11,2.0036,736844.92,405486.431
300102.SZ,2020-07-23,5.45,5.51,5.15,5.38,5.6,-0.22,-3.9286,439512.09,234003.773
300102.SZ,2020-07-24,5.33,5.48,5.02,5.03,5.38,-0.35,-6.5056,338648.42,177136.588
300102.SZ,2020-07-27,5.0,5.53,4.97,5.53,5.03,0.5,9.9404,189388.73,102744.766
300102.SZ,2020-07-28,5.69,5.9,5.34,5.42,5.53,-0.11,-1.9892,742250.6,417569.61
300102.SZ,2020-07-29,5.4,5.89,5.4,5.75,5.42,0.33,6.0886,702322.44,396801.051
300102.SZ,2020-07-30,5.7,6.17,5.58,5.99,5.75,0.24,4.1739,860484.87,508770.474
300102.SZ,2020-07-31,5.86,6.39,5.84,6.24,5.99,0.25,4.1736,704156.69,433282.556
300102.SZ,2020-08-03,6.17,6.75,6.1,6.45,6.24,0.21,3.3654,665255.69,423376.76
300102.SZ,2020-08-04,6.4,6.44,5.86,5.89,6.45,-0.56,-8.6822,704364.07,428487.55
300102.SZ,2020-08-05,6.05,6.23,5.9,5.97,5.89,0.08,1.3582,423719.18,255913.113
300102.SZ,2020-08-06,5.94,6.25,5.84,6.1,5.97,0.13,2.1776,457842.94,276935.588
300102.SZ,2020-08-07,6.12,6.12,5.7,5.78,6.1,-0.32,-5.2459,372114.39,218678.967
300102.SZ,2020-08-10,5.73,5.99,5.72,5.89,5.78,0.11,1.9031,256665.76,150766.091
300102.SZ,2020-08-11,5.88,5.98,5.66,5.71,5.89,-0.18,-3.056,266226.62,154504.983
300102.SZ,2020-08-12,5.78,6.08,5.58,6.01,5.71,0.3,5.2539,365655.0,213584.086
300102.SZ,2020-08-13,5.95,6.2,5.92,6.09,6.01,0.08,1.3311,395315.72,240193.363
300102.SZ,2020-08-14,6.08,6.08,5.78,5.98,6.09,-0.11,-1.8062,292229.72,173865.334
300102.SZ,2020-08-17,5.91,6.21,5.82,6.17,5.98,0.19,3.1773,387813.41,235081.05
300102.SZ,2020-08-18,6.12,6.25,6.01,6.05,6.17,-0.12,-1.9449,322300.13,195986.58
300102.SZ,2020-08-19,5.99,6.02,5.69,5.69,6.05,-0.36,-5.9504,322518.0,188206.648
300102.SZ,2020-08-20,5.6,5.76,5.48,5.53,5.69,-0.16,-2.812,200095.03,111936.101
300102.SZ,2020-08-21,5.59,5.65,5.4,5.49,5.53,-0.04,-0.7233,164917.06,91280.534
300102.SZ,2020-08-24,5.52,5.68,5.3,5.6,5.49,0.11,2.0036,197696.86,109658.65
300102.SZ,2020-08-25,5.58,5.85,5.56,5.82,5.6,0.22,3.9286,287980.27,165876.67
300102.SZ,2020-08-26,5.76,5.85,5.53,5.63,5.82,-0.19,-3.2646,222324.39,126610.412
300102.SZ,2020-08-27,5.57,6.19,5.47,6.0,5.63,0.37,6.5719,432748.41,255691.317
300102.SZ,2020-08-28,5.7,5.83,5.58,5.76,6.0,-0.24,-4.0,398486.06,228012.468
300102.SZ,2020-08-31,5.77,6.06,5.68,5.78,5.76,0.02,0.3472,274437.39,160872.51
300102.SZ,2020-09-01,5.73,6.1,5.61,6.09,5.78,0.31,5.3633,473960.99,280041.411
300102.SZ,2020-09-02,6.1,6.68,6.03,6.41,6.09,0.32,5.2545,759750.95,482722.491
300102.SZ,2020-09-03,6.31,7.69,6.12,7.3,6.41,0.89,13.8846,1414319.51,999510.255
300102.SZ,2020-09-04,8.4,8.76,8.25,8.76,7.3,1.46,20.0,785421.61,672242.353
300102.SZ,2020-09-07,10.51,10.51,10.51,10.51,8.76,1.75,19.9772,121744.92,127953.91
300102.SZ,2020-09-08,12.61,12.61,12.1,12.61,10.51,2.1,19.981,1662812.11,2095013.368
300102.SZ,2020-09-09,13.71,14.55,11.46,11.63,12.61,-0.98,-7.7716,3573256.93,4788439.858
300102.SZ,2020-09-10,10.6,10.95,9.3,9.3,11.63,-2.33,-20.0344,1827849.33,1838237.128
300102.SZ,2020-09-11,8.18,8.99,7.92,8.47,9.3,-0.83,-8.9247,2003852.68,1709207.356
300102.SZ,2020-09-14,8.87,10.16,8.71,10.16,8.47,1.69,19.9528,2259469.59,2102153.027
300102.SZ,2020-09-15,10.2,10.23,8.88,9.02,10.16,-1.14,-11.2205,1996534.62,1896510.974
300102.SZ,2020-09-16,8.95,10.68,8.95,9.69,9.02,0.67,7.4279,2288420.2,2276564.996
300102.SZ,2020-09-17,9.35,11.21,9.12,10.55,9.69,0.86,8.8751,2320693.33,2349567.442
300102.SZ,2020-09-18,10.23,11.06,9.66,10.42,10.55,-0.13,-1.2322,2120589.56,2181687.898
300102.SZ,2020-09-21,9.99,10.65,9.77,9.99,10.42,-0.43,-4.1267,1428580.88,1444135.707
300102.SZ,2020-09-22,9.55,9.99,9.16,9.75,9.99,-0.24,-2.4024,1204412.97,1158499.687
300102.SZ,2020-09-23,9.65,10.61,9.65,10.01,9.75,0.26,2.6667,1435009.31,1460604.901
300102.SZ,2020-09-24,9.58,9.77,9.04,9.07,10.01,-0.94,-9.3906,1197390.18,1120726.228
300102.SZ,2020-09-25,9.12,9.17,8.4,8.57,9.07,-0.5,-5.5127,1020345.6,884461.87
300102.SZ,2020-09-28,8.58,8.65,8.14,8.29,8.57,-0.28,-3.2672,700727.17,584855.248
300102.SZ,2020-09-29,8.5,8.8,8.21,8.44,8.29,0.15,1.8094,842615.43,717652.179
300102.SZ,2020-09-30,8.54,9.12,8.28,8.82,8.44,0.38,4.5024,1147034.04,1000826.07
300102.SZ,2020-10-09,9.14,9.55,8.83,9.3,8.82,0.48,5.4422,1256515.12,1152246.824
300102.SZ,2020-10-12,9.08,10.47,9.01,10.09,9.3,0.79,8.4946,1776220.18,1714638.751
300102.SZ,2020-10-13,9.78,11.1,9.62,10.37,10.09,0.28,2.775,1995696.22,2058705.885
300102.SZ,2020-10-14,10.2,10.64,10.1,10.37,10.37,0.0,0.0,1502049.91,1558740.079
300102.SZ,2020-10-15,10.15,10.19,9.51,9.52,10.37,-0.85,-8.1967,1209669.96,1188919.721
300102.SZ,2020-10-16,9.52,9.79,9.33,9.5,9.52,-0.02,-0.2101,759213.14,727327.856
300102.SZ,2020-10-19,9.62,9.84,9.42,9.54,9.5,0.04,0.4211,779768.62,750744.8
300102.SZ,2020-10-20,9.42,9.75,9.01,9.68,9.54,0.14,1.4675,825577.69,778413.689
300102.SZ,2020-10-21,9.65,9.67,8.93,9.02,9.68,-0.66,-6.8182,830915.94,769114.461
300102.SZ,2020-10-22,8.8,9.91,8.56,9.27,9.02,0.25,2.7716,1133683.36,1051845.944
300102.SZ,2020-10-23,9.27,9.37,8.82,8.85,9.27,-0.42,-4.5307,735248.96,667917.591
300102.SZ,2020-10-26,8.79,9.09,8.59,8.9,8.85,0.05,0.565,473532.07,421735.63
300102.SZ,2020-10-27,8.97,9.24,8.49,8.52,8.9,-0.38,-4.2697,750923.56,662368.382
300102.SZ,2020-10-28,8.4,8.55,8.2,8.4,8.52,-0.12,-1.4085,611693.56,511686.568
300102.SZ,2020-10-29,8.18,8.61,8.11,8.22,8.4,-0.18,-2.1429,618363.96,518553.036
300102.SZ,2020-10-30,8.35,8.57,7.74,7.74,8.22,-0.48,-5.8394,839661.0,683920.812
300102.SZ,2020-11-02,7.58,7.93,7.56,7.62,7.74,-0.12,-1.5504,576356.33,443553.707
300102.SZ,2020-11-03,7.7,8.7,7.7,8.48,7.62,0.86,11.2861,1267049.96,1049376.942
300102.SZ,2020-11-04,8.4,8.89,8.24,8.48,8.48,0.0,0.0,1248003.29,1065993.437
300102.SZ,2020-11-05,8.61,8.84,8.44,8.56,8.48,0.08,0.9434,944248.96,814547.471
300102.SZ,2020-11-06,8.5,8.67,8.3,8.36,8.56,-0.2,-2.3364,709563.0,602458.257
300102.SZ,2020-11-09,8.5,9.27,8.41,9.19,8.36,0.83,9.9282,1333295.26,1190109.088
300102.SZ,2020-11-10,9.13,9.79,8.83,9.3,9.19,0.11,1.197,1454560.42,1355054.444
300102.SZ,2020-11-11,9.1,9.27,8.8,8.92,9.3,-0.38,-4.086,806875.02,725696.539
300102.SZ,2020-11-12,9.1,9.12,8.44,8.6,8.92,-0.32,-3.5874,682754.0,593532.766
300102.SZ,2020-11-13,8.62,8.64,8.08,8.19,8.6,-0.41,-4.7674,602504.0,500814.553
300102.SZ,2020-11-16,8.19,8.29,7.84,7.95,8.19,-0.24,-2.9304,488307.89,390884.747
300102.SZ,2020-11-17,7.94,7.95,7.57,7.76,7.95,-0.19,-2.3899,526738.02,405085.881
300102.SZ,2020-11-18,7.9,8.2,7.81,8.08,7.76,0.32,4.1237,728550.89,583683.588
300102.SZ,2020-11-19,8.0,8.3,7.82,8.23,8.08,0.15,1.8564,727076.0,591112.174
300102.SZ,2020-11-20,8.1,8.2,7.87,7.87,8.23,-0.36,-4.3742,564161.0,449061.666
300102.SZ,2020-11-23,7.88,8.07,7.66,7.89,7.87,0.02,0.2541,488351.74,385836.137
300102.SZ,2020-11-24,7.82,8.03,7.71,7.81,7.89,-0.08,-1.0139,487059.89,382980.743
300102.SZ,2020-11-25,7.65,7.71,7.35,7.35,7.81,-0.46,-5.8899,620515.0,468523.423
300102.SZ,2020-11-26,7.26,7.69,7.25,7.47,7.35,0.12,1.6327,556777.0,417307.079
300102.SZ,2020-11-27,7.4,7.47,7.09,7.18,7.47,-0.29,-3.8822,545587.0,396132.218
300102.SZ,2020-11-30,7.19,7.29,6.98,7.1,7.18,-0.08,-1.1142,419826.0,301361.816
300102.SZ,2020-12-01,7.17,7.45,7.11,7.4,7.1,0.3,4.2254,517965.0,379171.91
300102.SZ,2020-12-02,7.37,7.88,7.35,7.6,7.4,0.2,2.7027,795177.04,605325.857
300102.SZ,2020-12-03,7.69,7.97,7.57,7.59,7.6,-0.01,-0.1316,737677.04,572628.006
300102.SZ,2020-12-04,7.45,7.76,7.38,7.47,7.59,-0.12,-1.581,472935.0,355596.257
300102.SZ,2020-12-07,7.56,7.68,7.18,7.23,7.47,-0.24,-3.2129,467943.3,345311.42
300102.SZ,2020-12-08,7.19,7.29,7.12,7.15,7.23,-0.08,-1.1065,321283.0,230718.188
300102.SZ,2020-12-09,7.2,7.2,6.75,6.76,7.15,-0.39,-5.4545,475091.26,329915.7
300102.SZ,2020-12-10,6.75,6.9,6.61,6.82,6.76,0.06,0.8876,347361.76,235450.379
300102.SZ,2020-12-11,6.82,6.89,6.56,6.8,6.82,-0.02,-0.2933,431778.0,289746.558
300102.SZ,2020-12-14,6.77,7.12,6.66,6.97,6.8,0.17,2.5,472844.0,326754.819
300102.SZ,2020-12-15,7.0,7.18,6.72,6.74,6.97,-0.23,-3.2999,441751.38,306029.691
300102.SZ,2020-12-16,6.63,6.74,6.44,6.5,6.74,-0.24,-3.5608,409759.02,269249.055
300102.SZ,2020-12-17,6.54,6.68,6.28,6.63,6.5,0.13,2.0,407429.0,265228.924
300102.SZ,2020-12-18,6.72,6.8,6.52,6.53,6.63,-0.1,-1.5083,329086.28,217845.541
300102.SZ,2020-12-21,6.44,6.83,6.42,6.69,6.53,0.16,2.4502,445175.88,297373.981
300102.SZ,2020-12-22,6.62,6.65,6.24,6.29,6.69,-0.4,-5.9791,446910.02,287827.757
300102.SZ,2020-12-23,6.38,6.53,6.31,6.43,6.29,0.14,2.2258,417672.0,267969.818
300102.SZ,2020-12-24,6.39,6.48,6.13,6.16,6.43,-0.27,-4.1991,348572.0,218228.783
300102.SZ,2020-12-25,6.2,6.27,6.04,6.08,6.16,-0.08,-1.2987,324472.01,199330.395
300102.SZ,2020-12-28,6.01,6.07,5.83,5.9,6.08,-0.18,-2.9605,403038.65,237923.525
300102.SZ,2020-12-29,5.97,6.13,5.88,5.89,5.9,-0.01,-0.1695,354132.89,212716.505
300102.SZ,2020-12-30,6.06,6.22,5.89,5.91,5.89,0.02,0.3396,398962.78,240334.779
300102.SZ,2020-12-31,5.86,6.07,5.78,5.98,5.91,0.07,1.1844,350083.0,208703.204
300102.SZ,2021-01-04,6.04,6.12,5.95,6.12,5.98,0.14,2.3411,376537.02,228002.884
300102.SZ,2021-01-05,6.06,6.34,5.99,6.32,6.12,0.2,3.268,646157.04,398742.389
300102.SZ,2021-01-06,6.27,6.27,5.86,5.88,6.32,-0.44,-6.962,515936.12,310583.926
300102.SZ,2021-01-07,5.8,5.84,5.35,5.46,5.88,-0.42,-7.1429,553590.02,306547.618
300102.SZ,2021-01-08,5.44,5.7,5.26,5.54,5.46,0.08,1.4652,443158.0,245854.305
300102.SZ,2021-01-11,5.59,5.77,5.44,5.54,5.54,0.0,0.0,361111.5,202819.646
300102.SZ,2021-01-12,5.44,5.62,5.34,5.39,5.54,-0.15,-2.7076,314380.08,171614.739
300102.SZ,2021-01-13,5.41,5.44,5.11,5.14,5.39,-0.25,-4.6382,380659.7,198211.343
300102.SZ,2021-01-14,5.14,5.34,4.96,5.23,5.14,0.09,1.751,379220.02,196716.313
300102.SZ,2021-01-15,5.18,5.39,5.15,5.34,5.23,0.11,2.1033,311645.04,164763.967
300102.SZ,2021-01-18,5.35,5.75,5.33,5.62,5.34,0.28,5.2434,517576.96,287268.473
300102.SZ,2021-01-19,5.6,6.08,5.56,5.97,5.62,0.35,6.2278,810007.28,473511.205
300102.SZ,2021-01-20,6.06,6.06,5.75,5.79,5.97,-0.18,-3.0151,493394.0,288428.138
300102.SZ,2021-01-21,5.73,5.98,5.73,5.78,5.79,-0.01,-0.1727,377310.92,220399.186
300102.SZ,2021-01-22,5.81,5.92,5.56,5.66,5.78,-0.12,-2.0761,488404.01,278321.806
300102.SZ,2021-01-25,5.6,5.65,5.27,5.28,5.66,-0.38,-6.7138,444518.84,239342.728
300102.SZ,2021-01-26,5.35,5.53,5.06,5.11,5.28,-0.17,-3.2197,395953.0,207694.45
300102.SZ,2021-01-27,5.07,5.16,4.98,5.0,5.11,-0.11,-2.1526,302237.02,152563.506
300102.SZ,2021-01-28,5.0,5.22,4.98,5.04,5.0,0.04,0.8,363559.74,185704.455
300102.SZ,2021-01-29,5.07,5.1,4.68,4.78,5.04,-0.26,-5.1587,363787.46,175580.47
300102.SZ,2021-02-01,4.75,4.84,4.6,4.71,4.78,-0.07,-1.4644,269421.08,126673.097
300102.SZ,2021-02-02,4.71,4.79,4.58,4.7,4.71,-0.01,-0.2123,198546.68,93229.162
300102.SZ,2021-02-03,4.7,4.7,4.53,4.54,4.7,-0.16,-3.4043,197466.02,90680.882
300102.SZ,2021-02-04,4.55,4.58,4.33,4.58,4.54,0.04,0.8811,276351.63,123091.347
300102.SZ,2021-02-05,4.55,4.69,4.28,4.29,4.58,-0.29,-6.3319,275180.0,122781.485
300102.SZ,2021-02-08,4.32,4.38,4.17,4.18,4.29,-0.11,-2.5641,216041.86,92243.778
300102.SZ,2021-02-09,4.22,4.28,4.16,4.24,4.18,0.06,1.4354,248159.54,104953.979
300102.SZ,2021-02-10,4.33,4.42,4.24,4.25,4.24,0.01,0.2358,247395.5,106505.413
300102.SZ,2021-02-18,4.31,4.58,4.31,4.5,4.25,0.25,5.8824,341757.08,152821.091
300102.SZ,2021-02-19,4.53,4.89,4.49,4.86,4.5,0.36,8.0,412659.22,195335.106
300102.SZ,2021-02-22,4.88,5.19,4.88,4.97,4.86,0.11,2.2634,499450.34,251323.48
300102.SZ,2021-02-23,4.97,5.03,4.81,4.85,4.97,-0.12,-2.4145,297594.97,145750.424
300102.SZ,2021-02-24,4.9,5.82,4.89,5.82,4.85,0.97,20.0,458096.86,249613.184
300102.SZ,2021-02-25,6.25,6.58,5.85,6.04,5.82,0.22,3.7801,1626047.87,1002796.969
300102.SZ,2021-02-26,5.69,6.28,5.69,5.79,6.04,-0.25,-4.1391,899632.91,537247.353
300102.SZ,2021-03-01,5.91,6.17,5.88,5.96,5.79,0.17,2.9361,720560.38,432787.916
300102.SZ,2021-03-02,6.06,6.3,5.73,6.2,5.96,0.24,4.0268,897726.79,547225.721
300102.SZ,2021-03-03,6.1,6.15,5.87,6.08,6.2,-0.12,-1.9355,695352.0,415852.854
300102.SZ,2021-03-04,6.0,6.24,5.9,6.12,6.08,0.04,0.6579,691330.8,421143.612
300102.SZ,2021-03-05,6.02,6.87,6.0,6.38,6.12,0.26,4.2484,1116974.75,724393.687
300102.SZ,2021-03-08,6.26,6.64,6.18,6.43,6.38,0.05,0.7837,833921.96,537300.55
300102.SZ,2021-03-09,6.33,6.4,5.8,5.83,6.43,-0.6,-9.3313,786587.15,471843.416
300102.SZ,2021-03-10,5.98,6.06,5.7,5.7,5.83,-0.13,-2.2298,525063.0,306728.354
300102.SZ,2021-03-11,5.71,6.84,5.44,6.84,5.7,1.14,20.0,1096506.26,689700.305
300102.SZ,2021-03-12,6.95,7.39,6.59,6.72,6.84,-0.12,-1.7544,1726012.6,1196781.117
300102.SZ,2021-03-15,6.77,7.21,6.6,6.83,6.72,0.11,1.6369,1105007.44,759989.663
300102.SZ,2021-03-16,6.73,7.14,6.51,6.88,6.83,0.05,0.7321,1048773.35,713433.652
300102.SZ,2021-03-17,6.73,7.6,6.67,7.15,6.88,0.27,3.9244,1314159.96,949068.123
300102.SZ,2021-03-18,7.02,7.1,6.71,6.75,7.15,-0.4,-5.5944,884744.97,606498.376
300102.SZ,2021-03-19,6.65,6.93,6.62,6.62,6.75,-0.13,-1.9259,642368.37,433374.56
300102.SZ,2021-03-22,6.63,6.92,6.42,6.81,6.62,0.19,2.8701,791615.02,526931.23
300102.SZ,2021-03-23,6.75,7.29,6.68,6.91,6.81,0.1,1.4684,960695.91,677572.232
300102.SZ,2021-03-24,6.68,6.84,6.46,6.55,6.91,-0.36,-5.2098,674056.17,446979.304
300102.SZ,2021-03-25,6.49,6.55,6.03,6.1,6.55,-0.45,-6.8702,663166.5,412334.435
300102.SZ,2021-03-26,6.15,6.37,6.04,6.27,6.1,0.17,2.7869,523272.0,323649.196
300102.SZ,2021-03-29,6.29,6.59,6.29,6.35,6.27,0.08,1.2759,522137.02,334887.542
300102.SZ,2021-03-30,6.34,6.65,6.17,6.46,6.35,0.11,1.7323,591729.76,379177.259
300102.SZ,2021-03-31,6.39,6.44,6.12,6.16,6.46,-0.3,-4.644,413154.76,258744.686
300102.SZ,2021-04-01,6.25,6.79,6.15,6.46,6.16,0.3,4.8701,777909.5,507182.767
300102.SZ,2021-04-02,6.46,7.05,6.46,6.88,6.46,0.42,6.5015,951206.44,652952.691
300102.SZ,2021-04-06,6.91,7.06,6.73,6.76,6.88,-0.12,-1.7442,679062.02,464218.238
300102.SZ,2021-04-07,6.73,6.99,6.6,6.89,6.76,0.13,1.9231,635642.14,432920.977
300102.SZ,2021-04-08,6.81,6.89,6.45,6.48,6.89,-0.41,-5.9507,635332.29,422414.729
300102.SZ,2021-04-09,6.43,6.58,6.24,6.25,6.48,-0.23,-3.5494,442925.06,281672.694
300102.SZ,2021-04-12,6.27,6.33,6.07,6.08,6.25,-0.17,-2.72,339557.0,209549.868
300102.SZ,2021-04-13,6.08,6.2,6.0,6.17,6.08,0.09,1.4803,298030.0,181833.757
300102.SZ,2021-04-14,6.17,6.38,6.08,6.28,6.17,0.11,1.7828,328347.0,204550.591
300102.SZ,2021-04-15,6.23,6.24,6.07,6.09,6.28,-0.19,-3.0255,245673.76,150456.861
300102.SZ,2021-04-16,6.13,6.27,6.07,6.17,6.09,0.08,1.3136,272569.0,168030.147
300102.SZ,2021-04-19,6.18,6.34,6.13,6.26,6.17,0.09,1.4587,326618.28,204545.826
300102.SZ,2021-04-20,6.28,6.65,6.18,6.41,6.26,0.15,2.3962,618668.01,398780.895
300102.SZ,2021-04-21,6.3,6.36,6.12,6.12,6.41,-0.29,-4.5242,420432.76,260798.746
300102.SZ,2021-04-22,6.15,6.41,6.1,6.23,6.12,0.11,1.7974,429865.11,270009.315
300102.SZ,2021-04-23,6.16,6.24,6.01,6.06,6.23,-0.17,-2.7287,359500.26,219482.335
300102.SZ,2021-04-26,6.18,6.81,6.14,6.57,6.06,0.51,8.4158,932248.01,606922.389
300102.SZ,2021-04-27,6.62,6.89,6.51,6.67,6.57,0.1,1.5221,832503.79,557050.227
300102.SZ,2021-04-28,6.7,6.8,6.51,6.71,6.67,0.04,0.5997,628364.17,418389.445
300102.SZ,2021-04-29,6.72,7.27,6.72,6.99,6.71,0.28,4.1729,1050446.31,739102.255
300102.SZ,2021-04-30,6.91,7.16,6.87,6.93,6.99,-0.06,-0.8584,695894.46,487157.422
300102.SZ,2021-05-06,6.87,7.2,6.63,7.14,6.93,0.21,3.0303,789631.86,553647.114
300102.SZ,2021-05-07,7.2,7.27,6.72,6.76,7.14,-0.38,-5.3221,709256.29,490373.459
300102.SZ,2021-05-10,6.76,6.96,6.58,6.76,6.76,0.0,0.0,545169.78,368622.335
300102.SZ,2021-05-11,6.68,6.82,6.55,6.82,6.76,0.06,0.8876,463067.0,310216.331
300102.SZ,2021-05-12,6.74,7.6,6.57,7.5,6.82,0.68,9.9707,1143066.26,825619.638
300102.SZ,2021-05-13,7.32,7.88,7.28,7.48,7.5,-0.02,-0.2667,1208939.99,919335.233
300102.SZ,2021-05-14,7.47,7.66,7.36,7.44,7.48,-0.04,-0.5348,822591.07,615218.923
300102.SZ,2021-05-17,7.8,8.46,7.42,7.45,7.44,0.01,0.1344,1184798.56,929196.042
300102.SZ,2021-05-18,7.16,7.41,7.11,7.18,7.45,-0.27,-3.6242,781530.81,564076.58
300102.SZ,2021-05-19,7.2,7.47,7.06,7.29,7.18,0.11,1.532,733130.14,532459.989
300102.SZ,2021-05-20,7.16,7.36,7.06,7.17,7.29,-0.12,-1.6461,559110.02,402608.939
300102.SZ,2021-05-21,7.25,7.55,7.13,7.55,7.17,0.38,5.2999,799162.21,593433.938
300102.SZ,2021-05-24,7.5,8.05,7.4,7.9,7.55,0.35,4.6358,881081.06,682241.639
300102.SZ,2021-05-25,7.89,8.09,7.65,7.93,7.9,0.03,0.3797,753745.0,591467.296
300102.SZ,2021-05-26,7.93,8.02,7.69,7.7,7.93,-0.23,-2.9004,610859.75,476165.38
300102.SZ,2021-05-27,7.7,8.4,7.66,8.16,7.7,0.46,5.974,1111672.96,902451.9
300102.SZ,2021-05-28,8.05,8.21,7.95,8.05,8.16,-0.11,-1.348,789269.43,635960.531
300102.SZ,2021-05-31,8.11,8.26,7.97,8.13,8.05,0.08,0.9938,648185.84,524346.95
300102.SZ,2021-06-01,8.04,8.27,7.86,7.88,8.13,-0.25,-3.075,725910.96,584400.93
300102.SZ,2021-06-02,7.79,7.88,7.38,7.38,7.88,-0.5,-6.3452,809969.14,617471.57
300102.SZ,2021-06-03,7.31,7.48,7.23,7.27,7.38,-0.11,-1.4905,473821.0,348926.212
300102.SZ,2021-06-04,7.3,7.65,7.24,7.5,7.27,0.23,3.1637,574523.88,429430.509
300102.SZ,2021-06-07,7.66,8.0,7.66,7.9,7.5,0.4,5.3333,757698.56,596765.991
300102.SZ,2021-06-08,7.8,8.11,7.76,7.88,7.9,-0.02,-0.2532,712926.41,565285.909
300102.SZ,2021-06-09,7.88,8.08,7.7,7.83,7.88,-0.05,-0.6345,511259.06,401866.526
300102.SZ,2021-06-10,7.76,8.88,7.69,8.43,7.83,0.6,7.6628,1240682.72,1026625.67
300102.SZ,2021-06-11,8.3,8.55,8.11,8.19,8.43,-0.24,-2.847,904788.79,755199.625
300102.SZ,2021-06-15,8.5,8.59,7.95,8.1,8.19,-0.09,-1.0989,887390.02,736164.645
300102.SZ,2021-06-16,7.94,9.34,7.94,8.61,8.1,0.51,6.2963,1388885.61,1218808.201
300102.SZ,2021-06-17,8.59,9.84,8.49,9.48,8.61,0.87,10.1045,1784306.98,1624273.964
300102.SZ,2021-06-18,9.36,9.99,9.12,9.38,9.48,-0.1,-1.0549,1620494.36,1536400.485
300102.SZ,2021-06-21,9.19,9.55,9.16,9.31,9.38,-0.07,-0.7463,1120744.37,1043477.669
300102.SZ,2021-06-22,9.18,9.28,8.73,8.95,9.31,-0.36,-3.8668,994148.71,891481.353
300102.SZ,2021-06-23,8.86,9.44,8.84,9.15,8.95,0.2,2.2346,1048602.84,964269.136
300102.SZ,2021-06-24,9.17,9.45,8.92,8.98,9.15,-0.17,-1.8579,771323.05,706983.276
300102.SZ,2021-06-25,8.85,9.08,8.45,8.68,8.98,-0.3,-3.3408,836536.43,727563.234
300102.SZ,2021-06-28,8.78,9.37,8.68,9.18,8.68,0.5,5.7604,882481.13,802417.592
300102.SZ,2021-06-29,9.05,9.12,8.7,8.73,9.18,-0.45,-4.902,609196.53,538627.271
300102.SZ,2021-06-30,8.83,9.46,8.81,9.29,8.73,0.56,6.4147,1100619.13,1015547.91
300102.SZ,2021-07-01,9.21,9.85,8.9,8.9,9.29,-0.39,-4.1981,1135529.25,1062151.272
300102.SZ,2021-07-02,8.74,9.17,8.72,8.85,8.9,-0.05,-0.5618,726827.0,648542.861
300102.SZ,2021-07-05,9.07,9.27,8.76,9.25,8.85,0.4,4.5198,787240.95,711663.939
300102.SZ,2021-07-06,9.2,9.68,9.11,9.44,9.25,0.19,2.0541,994066.92,930459.21
300102.SZ,2021-07-07,9.22,9.51,8.91,9.44,9.44,0.0,0.0,767271.23,711593.354
300102.SZ,2021-07-08,9.42,9.89,9.32,9.83,9.44,0.39,4.1314,1214808.65,1171687.393
300102.SZ,2021-07-09,9.69,9.79,9.36,9.62,9.83,-0.21,-2.1363,824356.01,788038.58
300102.SZ,2021-07-12,9.62,9.78,9.35,9.62,9.62,0.0,0.0,725967.64,692783.49
300102.SZ,2021-07-13,9.51,9.55,8.92,9.04,9.62,-0.58,-6.0291,917603.4,844282.786
300102.SZ,2021-07-14,8.98,9.2,8.91,9.06,9.04,0.02,0.2212,454841.92,413488.223
300102.SZ,2021-07-15,8.92,9.06,8.22,8.38,9.06,-0.68,-7.5055,792551.01,677693.172
300102.SZ,2021-07-16,8.35,8.76,8.31,8.4,8.38,0.02,0.2387,502837.92,429563.845
300102.SZ,2021-07-19,8.25,8.51,8.12,8.43,8.4,0.03,0.3571,340183.29,284802.92
300102.SZ,2021-07-20,8.33,8.83,8.28,8.79,8.43,0.36,4.2705,579701.92,502185.109
300102.SZ,2021-07-21,8.8,9.34,8.72,9.16,8.79,0.37,4.2093,845795.97,768445.603
300102.SZ,2021-07-22,9.18,10.38,9.03,9.99,9.16,0.83,9.0611,1467131.98,1415988.249
300102.SZ,2021-07-23,9.99,11.17,9.8,10.22,9.99,0.23,2.3023,1714574.51,1785315.313
300102.SZ,2021-07-26,10.53,10.63,9.8,10.15,10.22,-0.07,-0.6849,1273686.36,1299822.127
300102.SZ,2021-07-27,10.4,10.78,10.0,10.11,10.15,-0.04,-0.3941,1348221.58,1396718.377
300102.SZ,2021-07-28,9.72,10.44,9.26,10.06,10.11,-0.05,-0.4946,1098367.28,1095191.016
300102.SZ,2021-07-29,10.3,10.74,10.0,10.31,10.06,0.25,2.4851,1326507.69,1375841.986
300102.SZ,2021-07-30,10.27,10.37,9.77,10.03,10.31,-0.28,-2.7158,1347869.0,1354965.883
300102.SZ,2021-08-02,9.8,10.15,9.47,9.74,10.03,-0.29,-2.8913,902836.88,879581.599
300102.SZ,2021-08-03,9.66,9.69,8.76,8.83,9.74,-0.91,-9.3429,1102498.72,1003145.941
300102.SZ,2021-08-04,8.78,9.22,8.75,9.19,8.83,0.36,4.077,710028.22,646392.464
300102.SZ,2021-08-05,9.21,9.34,8.88,9.07,9.19,-0.12,-1.3058,620507.32,568319.462
300102.SZ,2021-08-06,9.16,9.27,8.96,9.23,9.07,0.16,1.7641,551902.2,503690.02
300102.SZ,2021-08-09,9.08,9.1,8.75,8.96,9.23,-0.27,-2.9252,569266.73,507087.348
300102.SZ,2021-08-10,8.98,9.23,8.88,9.11,8.96,0.15,1.6741,559606.51,507621.934
300102.SZ,2021-08-11,9.1,9.64,8.97,9.63,9.11,0.52,5.708,934922.52,873664.004
300102.SZ,2021-08-12,9.6,9.87,9.44,9.65,9.63,0.02,0.2077,833762.52,803360.035
300102.SZ,2021-08-13,9.52,9.66,9.35,9.42,9.65,-0.23,-2.3834,577822.08,546933.288
300102.SZ,2021-08-16,9.34,9.55,9.03,9.17,9.42,-0.25,-2.6539,526149.83,487204.704
300102.SZ,2021-08-17,9.17,9.24,8.5,8.58,9.17,-0.59,-6.434,673904.2,595141.876
300102.SZ,2021-08-18,8.56,8.9,8.46,8.86,8.58,0.28,3.2634,514439.5,447592.803
300102.SZ,2021-08-19,8.76,9.46,8.68,9.19,8.86,0.33,3.7246,846316.5,776186.99
300102.SZ,2021-08-20,9.02,9.37,9.01,9.11,9.19,-0.08,-0.8705,580658.7,533887.702
300102.SZ,2021-08-23,9.09,9.42,9.05,9.33,9.11,0.22,2.4149,562503.4,520670.345
300102.SZ,2021-08-24,9.33,9.65,9.2,9.47,9.33,0.14,1.5005,720204.4,679271.015
300102.SZ,2021-08-25,9.42,9.49,9.08,9.36,9.47,-0.11,-1.1616,562052.8,519093.701
300102.SZ,2021-08-26,9.67,9.94,9.18,9.2,9.36,-0.16,-1.7094,746234.3,713521.543
300102.SZ,2021-08-27,9.1,9.45,8.96,8.97,9.2,-0.23,-2.5,531391.82,484488.022
300102.SZ,2021-08-30,8.97,9.16,8.82,8.94,8.97,-0.03,-0.3344,419065.82,376368.175
300102.SZ,2021-08-31,8.93,8.93,8.45,8.6,8.94,-0.34,-3.8031,475351.37,410692.556
300102.SZ,2021-09-01,8.55,8.75,8.29,8.64,8.6,0.04,0.4651,403115.5,344483.656
300102.SZ,2021-09-02,8.58,8.6,8.4,8.56,8.64,-0.08,-0.9259,323059.0,274776.771
300102.SZ,2021-09-03,8.5,8.98,8.5,8.87,8.56,0.31,3.6215,502585.8,440563.818
300102.SZ,2021-09-06,8.95,8.95,8.73,8.84,8.87,-0.03,-0.3382,348123.02,307698.447
300102.SZ,2021-09-07,8.78,9.08,8.77,8.94,8.84,0.1,1.1312,353304.65,315085.801
300102.SZ,2021-09-08,8.9,9.32,8.85,9.21,8.94,0.27,3.0201,620465.8,563917.163
300102.SZ,2021-09-09,9.12,9.13,8.92,8.98,9.21,-0.23,-2.4973,373695.59,336880.91
300102.SZ,2021-09-10,8.93,9.19,8.72,9.01,8.98,0.03,0.3341,565026.67,507884.654
300102.SZ,2021-09-13,8.95,9.0,8.61,8.64,9.01,-0.37,-4.1065,429553.06,375609.31
300102.SZ,2021-09-14,8.6,8.77,8.51,8.54,8.64,-0.1,-1.1574,294173.0,253972.27
300102.SZ,2021-09-15,8.54,8.6,8.45,8.52,8.54,-0.02,-0.2342,218237.0,185993.378
300102.SZ,2021-09-16,8.49,8.57,8.14,8.14,8.52,-0.38,-4.4601,314187.0,262149.277
300102.SZ,2021-09-17,8.15,8.25,7.87,8.19,8.14,0.05,0.6143,274740.2,222104.947
300102.SZ,2021-09-22,8.09,8.32,8.04,8.29,8.19,0.1,1.221,230069.0,189436.552
300102.SZ,2021-09-23,8.35,8.5,8.25,8.3,8.29,0.01,0.1206,256623.0,215150.667
300102.SZ,2021-09-24,8.28,8.33,7.93,7.97,8.3,-0.33,-3.9759,254363.0,206030.964
300102.SZ,2021-09-27,7.88,8.05,7.54,7.57,7.97,-0.4,-5.0188,264373.2,204774.965
300102.SZ,2021-09-28,7.58,7.77,7.56,7.66,7.57,0.09,1.1889,170515.48,130460.211
300102.SZ,2021-09-29,7.56,7.71,7.48,7.48,7.66,-0.18,-2.3499,175861.0,133565.88
300102.SZ,2021-09-30,7.59,7.65,7.52,7.61,7.48,0.13,1.738,124041.0,94350.224
300102.SZ,2021-10-08,7.68,7.99,7.67,7.88,7.61,0.27,3.548,209261.79,164419.396
300102.SZ,2021-10-11,7.87,8.31,7.82,8.19,7.88,0.31,3.934,351400.02,286456.235
300102.SZ,2021-10-12,8.06,8.19,7.86,8.01,8.19,-0.18,-2.1978,233709.04,187736.877
300102.SZ,2021-10-13,8.0,8.25,7.98,8.18,8.01,0.17,2.1223,224554.06,183179.473
300102.SZ,2021-10-14,8.14,8.24,8.07,8.11,8.18,-0.07,-0.8557,164762.0,133827.198
300102.SZ,2021-10-15,8.11,8.35,7.98,8.15,8.11,0.04,0.4932,267395.06,219092.484
300102.SZ,2021-10-18,8.12,8.22,8.04,8.11,8.15,-0.04,-0.4908,188574.0,152923.721
300102.SZ,2021-10-19,8.13,8.15,8.01,8.03,8.11,-0.08,-0.9864,169876.0,137213.67
300102.SZ,2021-10-20,8.0,8.07,7.86,7.89,8.03,-0.14,-1.7435,197069.61,156447.159
300102.SZ,2021-10-21,7.99,8.01,7.69,7.72,7.89,-0.17,-2.1546,179298.04,139723.821
300102.SZ,2021-10-22,7.8,7.93,7.72,7.74,7.72,0.02,0.2591,191566.0,150092.176
300102.SZ,2021-10-25,7.65,7.88,7.57,7.88,7.74,0.14,1.8088,153548.0,119302.129
300102.SZ,2021-10-26,7.85,8.2,7.81,8.19,7.88,0.31,3.934,351964.15,284414.12
300102.SZ,2021-10-27,8.0,8.11,7.73,7.79,8.19,-0.4,-4.884,339630.06,268071.661
300102.SZ,2021-10-28,7.8,7.89,7.36,7.46,7.79,-0.33,-4.2362,279145.04,211692.13
300102.SZ,2021-10-29,7.43,7.95,7.43,7.91,7.46,0.45,6.0322,333301.51,259580.387
300102.SZ,2021-11-01,7.84,8.05,7.81,7.93,7.91,0.02,0.2528,264418.45,210444.325
300102.SZ,2021-11-02,7.95,8.21,7.9,7.96,7.93,0.03,0.3783,347634.02,280545.465
300102.SZ,2021-11-03,7.96,8.2,7.92,8.05,7.96,0.09,1.1307,275552.0,222535.679
300102.SZ,2021-11-04,8.14,8.25,8.03,8.24,8.05,0.19,2.3602,377733.0,308830.822
300102.SZ,2021-11-05,8.22,8.39,8.15,8.17,8.24,-0.07,-0.8495,390598.0,322724.275
300102.SZ,2021-11-08,8.15,8.17,7.93,8.1,8.17,-0.07,-0.8568,277884.0,223206.827
300102.SZ,2021-11-09,8.1,8.4,8.05,8.37,8.1,0.27,3.3333,406215.51,334727.234
300102.SZ,2021-11-10,8.63,8.76,8.44,8.72,8.37,0.35,4.1816,777192.59,669780.667
300102.SZ,2021-11-11,8.54,8.77,8.53,8.61,8.72,-0.11,-1.2615,533741.02,461072.767
300102.SZ,2021-11-12,8.75,9.17,8.73,8.81,8.61,0.2,2.3229,689292.06,613914.055
300102.SZ,2021-11-15,8.8,8.95,8.72,8.85,8.81,0.04,0.454,450291.06,397812.605
300102.SZ,2021-11-16,8.78,9.14,8.75,8.92,8.85,0.07,0.791,520135.02,466534.44
300102.SZ,2021-11-17,8.87,9.06,8.66,9.01,8.92,0.09,1.009,454145.65,403891.2
300102.SZ,2021-11-18,9.0,9.06,8.74,8.79,9.01,-0.22,-2.4417,397728.65,352690.58
300102.SZ,2021-11-19,8.75,8.94,8.72,8.8,8.79,0.01,0.1138,299226.3,264370.848
300102.SZ,2021-11-22,8.83,9.4,8.81,9.29,8.8,0.49,5.5682,752991.02,692920.191
300102.SZ,2021-11-23,9.19,9.3,9.08,9.1,9.29,-0.19,-2.0452,500735.0,458941.064
300102.SZ,2021-11-24,9.08,9.29,8.97,9.05,9.1,-0.05,-0.5495,428341.06,390418.073
300102.SZ,2021-11-25,8.95,9.21,8.84,8.88,9.05,-0.17,-1.8785,392956.49,353855.654
300102.SZ,2021-11-26,8.84,8.93,8.7,8.88,8.88,0.0,0.0,347373.06,305692.554
300102.SZ,2021-11-29,8.73,8.86,8.71,8.81,8.88,-0.07,-0.7883,233104.0,204813.713
300102.SZ,2021-11-30,8.86,9.07,8.83,8.87,8.81,0.06,0.681,351552.0,314582.325
300102.SZ,2021-12-01,8.88,9.14,8.85,9.06,8.87,0.19,2.1421,348756.0,314915.946
300102.SZ,2021-12-02,9.2,9.55,8.91,8.93,9.06,-0.13,-1.4349,626193.98,576962.208
300102.SZ,2021-12-03,8.91,9.35,8.91,9.13,8.93,0.2,2.2396,464603.77,423559.147
300102.SZ,2021-12-06,9.05,9.08,8.48,8.53,9.13,-0.6,-6.5717,566132.62,491749.876
300102.SZ,2021-12-07,8.61,8.65,8.2,8.38,8.53,-0.15,-1.7585,310132.0,259739.583
300102.SZ,2021-12-08,8.43,8.54,8.38,8.48,8.38,0.1,1.1933,202255.06,171304.643
300102.SZ,2021-12-09,8.48,10.18,8.48,9.77,8.48,1.29,15.2123,2221523.31,2179637.561
300102.SZ,2021-12-10,9.68,9.79,9.2,9.33,9.77,-0.44,-4.5036,1596985.96,1512499.382
300102.SZ,2021-12-13,9.53,9.56,9.11,9.23,9.33,-0.1,-1.0718,788171.0,727522.718
300102.SZ,2021-12-14,9.28,9.32,9.15,9.21,9.23,-0.02,-0.2167,649524.21,598973.109
300102.SZ,2021-12-15,9.12,9.28,9.04,9.11,9.21,-0.1,-1.0858,548966.05,501801.908
300102.SZ,2021-12-16,9.13,9.23,9.1,9.18,9.11,0.07,0.7684,448998.02,410757.755
300102.SZ,2021-12-17,9.23,9.29,8.84,8.85,9.18,-0.33,-3.5948,613213.02,555920.619
300102.SZ,2021-12-20,8.79,8.98,8.6,8.78,8.85,-0.07,-0.791,388349.89,341270.953
300102.SZ,2021-12-21,8.82,8.96,8.8,8.96,8.78,0.18,2.0501,263642.02,234062.251
300102.SZ,2021-12-22,8.93,9.18,8.89,9.05,8.96,0.09,1.0045,410366.62,372543.155
300102.SZ,2021-12-23,8.99,9.0,8.79,8.89,9.05,-0.16,-1.768,306209.98,272053.393
300102.SZ,2021-12-24,8.87,8.92,8.54,8.57,8.89,-0.32,-3.5996,328087.2,284811.938
300102.SZ,2021-12-27,8.58,8.71,8.51,8.71,8.57,0.14,1.6336,201546.0,173782.974
300102.SZ,2021-12-28,8.72,9.04,8.58,9.0,8.71,0.29,3.3295,408297.05,360150.299
300102.SZ,2021-12-29,8.9,9.02,8.79,8.85,9.0,-0.15,-1.6667,316110.01,280702.346
300102.SZ,2021-12-30,8.88,9.15,8.82,8.94,8.85,0.09,1.0169,375209.71,338027.787
300102.SZ,2021-12-31,9.0,9.05,8.89,8.99,8.94,0.05,0.5593,260747.22,234009.864
300102.SZ,2022-01-04,8.99,9.13,8.96,9.08,8.99,0.09,1.0011,302414.95,273248.764
300102.SZ,2022-01-05,9.11,9.12,8.7,8.76,9.08,-0.32,-3.5242,328588.2,290578.602
300102.SZ,2022-01-06,8.7,8.94,8.67,8.85,8.76,0.09,1.0274,221615.63,196141.336
300102.SZ,2022-01-07,9.01,9.14,8.77,8.77,8.85,-0.08,-0.904,348270.93,311951.464
300102.SZ,2022-01-10,8.65,8.68,8.27,8.45,8.77,-0.32,-3.6488,324272.52,273355.66
300102.SZ,2022-01-11,8.49,8.58,8.32,8.35,8.45,-0.1,-1.1834,207107.41,174779.999
300102.SZ,2022-01-12,8.39,8.48,8.35,8.47,8.35,0.12,1.4371,155753.0,131195.119
300102.SZ,2022-01-13,8.47,8.5,8.32,8.34,8.47,-0.13,-1.5348,149967.0,126010.038
300102.SZ,2022-01-14,8.3,8.41,7.96,8.06,8.34,-0.28,-3.3573,298079.0,244207.245
300102.SZ,2022-01-17,8.16,8.31,8.08,8.29,8.06,0.23,2.8536,192393.82,157944.481
300102.SZ,2022-01-18,8.29,8.35,8.16,8.19,8.29,-0.1,-1.2063,188485.0,155510.404
300102.SZ,2022-01-19,8.13,8.25,8.06,8.13,8.19,-0.06,-0.7326,152807.23,124448.711
300102.SZ,2022-01-20,8.06,8.12,7.85,7.86,8.13,-0.27,-3.321,199513.23,158375.821
300102.SZ,2022-01-21,7.85,7.92,7.75,7.8,7.86,-0.06,-0.7634,120842.0,94480.98
300102.SZ,2022-01-24,7.79,7.86,7.74,7.76,7.8,-0.04,-0.5128,105667.0,82393.037
300102.SZ,2022-01-25,7.73,7.78,7.36,7.37,7.76,-0.39,-5.0258,183081.0,137839.513
300102.SZ,2022-01-26,7.4,7.49,7.28,7.42,7.37,0.05,0.6784,111485.82,82366.831
300102.SZ,2022-01-27,7.38,7.43,7.07,7.07,7.42,-0.35,-4.717,149567.3,108144.748
300102.SZ,2022-01-28,7.2,7.47,7.13,7.39,7.07,0.32,4.5262,195589.02,143215.362
300102.SZ,2022-02-07,7.61,7.67,7.5,7.55,7.39,0.16,2.1651,158697.63,119877.638
300102.SZ,2022-02-08,7.51,7.7,7.49,7.69,7.55,0.14,1.8543,125899.3,95608.793
300102.SZ,2022-02-09,7.68,7.85,7.65,7.82,7.69,0.13,1.6905,156904.3,122225.451
300102.SZ,2022-02-10,7.85,7.88,7.75,7.86,7.82,0.04,0.5115,124770.02,97581.174
300102.SZ,2022-02-11,7.78,7.85,7.72,7.76,7.86,-0.1,-1.2723,124159.5,96576.223
300102.SZ,2022-02-14,7.86,7.97,7.77,7.85,7.76,0.09,1.1598,152341.07,120048.3
300102.SZ,2022-02-15,7.85,7.95,7.82,7.94,7.85,0.09,1.1465,147933.02,116887.836
300102.SZ,2022-02-16,7.95,8.03,7.9,7.98,7.94,0.04,0.5038,129609.0,103246.373
300102.SZ,2022-02-17,7.92,8.1,7.87,8.06,7.98,0.08,1.0025,196316.3,157280.674
300102.SZ,2022-02-18,8.01,8.39,7.98,8.32,8.06,0.26,3.2258,301979.43,249514.391
300102.SZ,2022-02-21,8.31,8.76,8.26,8.63,8.32,0.31,3.726,390098.0,333552.713
300102.SZ,2022-02-22,8.6,8.85,8.52,8.76,8.63,0.13,1.5064,404220.59,353290.249
300102.SZ,2022-02-23,8.7,8.95,8.68,8.92,8.76,0.16,1.8265,393405.0,348317.81
300102.SZ,2022-02-24,8.81,9.15,8.72,8.82,8.92,-0.1,-1.1211,621263.59,555411.405
300102.SZ,2022-02-25,8.92,9.14,8.85,8.87,8.82,0.05,0.5669,348783.99,311863.257
300102.SZ,2022-02-28,8.88,8.93,8.71,8.8,8.87,-0.07,-0.7892,251352.0,221396.996
300102.SZ,2022-03-01,8.8,8.87,8.68,8.83,8.8,0.03,0.3409,298430.0,261841.503
300102.SZ,2022-03-02,8.8,8.85,8.72,8.82,8.83,-0.01,-0.1133,164695.0,144813.485
300102.SZ,2022-03-03,8.88,9.04,8.71,8.76,8.82,-0.06,-0.6803,227805.0,200910.574
300102.SZ,2022-03-04,8.79,8.97,8.62,8.73,8.76,-0.03,-0.3425,250616.88,221387.883
300102.SZ,2022-03-07,8.73,8.89,8.62,8.73,8.73,0.0,0.0,241323.41,211643.104
300102.SZ,2022-03-08,8.75,8.94,8.66,8.82,8.73,0.09,1.0309,405328.02,357329.992
300102.SZ,2022-03-09,8.96,9.06,8.18,8.67,8.82,-0.15,-1.7007,529123.44,456864.201
300102.SZ,2022-03-10,8.8,8.82,8.36,8.45,8.67,-0.22,-2.5375,390382.0,333476.239
300102.SZ,2022-03-11,8.26,8.73,8.18,8.67,8.45,0.22,2.6036,385720.0,329879.388
300102.SZ,2022-03-14,8.99,9.09,8.12,8.13,8.67,-0.54,-6.2284,570685.04,486321.851
300102.SZ,2022-03-15,8.0,8.33,7.73,7.79,8.13,-0.34,-4.182,354264.22,286238.556
300102.SZ,2022-03-16,7.86,8.35,7.5,8.31,7.79,0.52,6.6752,433147.06,343950.718
300102.SZ,2022-03-17,8.37,8.85,8.27,8.58,8.31,0.27,3.2491,459043.0,396039.934
300102.SZ,2022-03-18,8.55,8.62,8.41,8.44,8.58,-0.14,-1.6317,246728.01,209381.854
300102.SZ,2022-03-21,8.54,9.17,8.46,9.05,8.44,0.61,7.2275,739518.06,661817.768
300102.SZ,2022-03-22,9.0,9.01,8.78,8.81,9.05,-0.24,-2.6519,383826.48,340701.399
300102.SZ,2022-03-23,8.81,9.32,8.77,9.31,8.81,0.5,5.6754,705080.41,641818.301
300102.SZ,2022-03-24,9.15,9.43,9.1,9.27,9.31,-0.04,-0.4296,514956.06,475460.892
300102.SZ,2022-03-25,9.28,9.35,8.99,8.99,9.27,-0.28,-3.0205,404435.41,370161.935
300102.SZ,2022-03-28,8.99,9.19,8.81,8.89,8.99,-0.1,-1.1123,343781.7,307888.146
300102.SZ,2022-03-29,8.93,8.95,8.56,8.61,8.89,-0.28,-3.1496,306043.03,266312.051
300102.SZ,2022-03-30,8.68,9.02,8.66,8.76,8.61,0.15,1.7422,318757.03,281578.465
300102.SZ,2022-03-31,8.7,9.24,8.64,8.99,8.76,0.23,2.6256,381072.0,341463.171
300102.SZ,2022-04-01,8.92,9.09,8.85,9.03,8.99,0.04,0.4449,272826.39,245002.632
300102.SZ,2022-04-06,8.92,9.11,8.91,9.06,9.03,0.03,0.3322,248491.44,223825.09
300102.SZ,2022-04-07,9.19,9.2,8.2,8.22,9.06,-0.84,-9.2715,538935.18,463135.843
300102.SZ,2022-04-08,8.28,8.45,8.1,8.27,8.22,0.05,0.6083,241329.86,200063.438
300102.SZ,2022-04-11,8.17,8.25,7.76,7.89,8.27,-0.38,-4.5949,241149.0,192035.069
300102.SZ,2022-04-12,7.93,8.0,7.66,8.0,7.89,0.11,1.3942,208626.0,163246.347
300102.SZ,2022-04-13,7.96,7.96,7.72,7.78,8.0,-0.22,-2.75,157317.78,122532.783
300102.SZ,2022-04-14,7.84,7.89,7.68,7.76,7.78,-0.02,-0.2571,172774.5,134374.054
300102.SZ,2022-04-15,7.7,7.74,7.49,7.58,7.76,-0.18,-2.3196,163508.99,124385.311
300102.SZ,2022-04-18,7.57,7.71,7.4,7.7,7.58,0.12,1.5831,136444.17,103981.097
300102.SZ,2022-04-19,7.65,7.74,7.52,7.62,7.7,-0.08,-1.039,129654.4,98798.71
300102.SZ,2022-04-20,7.65,7.78,7.45,7.48,7.62,-0.14,-1.8373,146572.04,111591.861
300102.SZ,2022-04-21,7.42,7.57,7.14,7.17,7.48,-0.31,-4.1444,177709.0,130083.621
300102.SZ,2022-04-22,7.19,7.22,7.0,7.07,7.17,-0.1,-1.3947,163715.0,116630.953
300102.SZ,2022-04-25,6.89,6.89,6.48,6.49,7.07,-0.58,-8.2037,231906.03,156064.525
300102.SZ,2022-04-26,6.56,6.71,6.4,6.42,6.49,-0.07,-1.0786,163763.73,107188.889
300102.SZ,2022-04-27,6.0,6.44,5.64,6.37,6.42,-0.05,-0.7788,289010.97,176353.766
300102.SZ,2022-04-28,6.27,6.33,5.94,6.0,6.37,-0.37,-5.8085,187229.05,114223.357
300102.SZ,2022-04-29,6.07,6.42,6.06,6.37,6.0,0.37,6.1667,190797.97,119993.24
300102.SZ,2022-05-05,6.36,6.48,6.29,6.41,6.37,0.04,0.6279,131086.71,84125.398
300102.SZ,2022-05-06,6.22,6.38,6.18,6.25,6.41,-0.16,-2.4961,108833.11,68337.362
300102.SZ,2022-05-09,6.24,6.43,6.22,6.38,6.25,0.13,2.08,92235.0,58744.404
300102.SZ,2022-05-10,6.31,6.51,6.27,6.5,6.38,0.12,1.8809,122262.02,78852.384
300102.SZ,2022-05-11,6.7,6.92,6.57,6.59,6.5,0.09,1.3846,240333.59,161937.764
300102.SZ,2022-05-12,6.51,6.9,6.48,6.79,6.59,0.2,3.0349,225390.46,151693.127
300102.SZ,2022-05-13,6.77,6.8,6.67,6.71,6.79,-0.08,-1.1782,106605.9,71594.125
300102.SZ,2022-05-16,6.71,6.75,6.55,6.62,6.71,-0.09,-1.3413,106195.06,70369.852
300102.SZ,2022-05-17,6.56,6.66,6.55,6.62,6.62,0.0,0.0,95191.08,62929.943
300102.SZ,2022-05-18,6.64,6.74,6.59,6.61,6.62,-0.01,-0.1511,98827.8,65764.409
300102.SZ,2022-05-19,6.53,6.67,6.44,6.65,6.61,0.04,0.6051,124688.84,82150.395
300102.SZ,2022-05-20,6.68,6.76,6.62,6.7,6.65,0.05,0.7519,99822.7,66706.247
300102.SZ,2022-05-23,6.69,6.85,6.68,6.84,6.7,0.14,2.0896,113725.93,76945.786
300102.SZ,2022-05-24,6.84,6.84,6.35,6.36,6.84,-0.48,-7.0175,165894.4,109374.598
300102.SZ,2022-05-25,6.36,6.48,6.35,6.47,6.36,0.11,1.7296,97221.84,62564.789
300102.SZ,2022-05-26,6.54,6.61,6.36,6.53,6.47,0.06,0.9274,101569.52,66057.337
300102.SZ,2022-05-27,6.59,6.61,6.46,6.5,6.53,-0.03,-0.4594,89219.02,58277.57
300102.SZ,2022-05-30,6.56,6.77,6.52,6.69,6.5,0.19,2.9231,145391.7,97256.523
300102.SZ,2022-05-31,6.76,6.79,6.6,6.77,6.69,0.08,1.1958,148178.21,99595.182
300102.SZ,2022-06-01,6.8,6.82,6.69,6.78,6.77,0.01,0.1477,119515.4,80853.771
300102.SZ,2022-06-02,6.75,6.91,6.73,6.91,6.78,0.13,1.9174,149876.01,102547.297
300102.SZ,2022-06-06,6.98,7.12,6.92,7.06,6.91,0.15,2.1708,182643.49,128077.249
300102.SZ,2022-06-07,7.05,7.08,6.9,6.95,7.06,-0.11,-1.5581,133486.77,93034.749
300102.SZ,2022-06-08,6.96,6.98,6.75,6.9,6.95,-0.05,-0.7194,137252.62,94313.687
300102.SZ,2022-06-09,6.96,6.96,6.71,6.72,6.9,-0.18,-2.6087,103011.06,69865.828
300102.SZ,2022-06-10,6.7,6.84,6.66,6.84,6.72,0.12,1.7857,81474.04,55325.212
300102.SZ,2022-06-13,6.79,6.93,6.74,6.86,6.84,0.02,0.2924,97280.0,66594.728
300102.SZ,2022-06-14,6.81,6.86,6.58,6.86,6.86,0.0,0.0,125476.0,84298.895
300102.SZ,2022-06-15,6.86,7.02,6.81,6.89,6.86,0.03,0.4373,148223.6,102906.426
300102.SZ,2022-06-16,7.0,7.17,6.95,6.98,6.89,0.09,1.3062,217086.52,152981.323
300102.SZ,2022-06-17,6.95,6.98,6.77,6.89,6.98,-0.09,-1.2894,138409.02,95234.435
300102.SZ,2022-06-20,6.9,6.97,6.85,6.92,6.89,0.03,0.4354,100909.82,69659.155
300102.SZ,2022-06-21,6.9,7.03,6.82,6.94,6.92,0.02,0.289,110557.92,76600.557
300102.SZ,2022-06-22,6.86,7.1,6.85,7.06,6.94,0.12,1.7291,173613.92,120771.566
300102.SZ,2022-06-23,7.06,8.29,7.0,7.6,7.06,0.54,7.6487,499274.2,383339.869
300102.SZ,2022-06-24,7.6,7.69,7.39,7.49,7.59,-0.1,-1.3175,283802.82,212704.6
300102.SZ,2022-06-27,7.49,7.93,7.36,7.82,7.49,0.33,4.4059,368188.18,282955.082
300102.SZ,2022-06-28,7.92,7.95,7.68,7.83,7.82,0.01,0.1279,299392.57,234033.086
300102.SZ,2022-06-29,7.8,8.01,7.71,7.72,7.83,-0.11,-1.4049,262972.24,206582.139
300102.SZ,2022-06-30,7.67,7.78,7.6,7.63,7.72,-0.09,-1.1658,185911.92,142586.812
300102.SZ,2022-07-01,7.65,7.98,7.6,7.66,7.63,0.03,0.3932,184538.87,143467.225
300102.SZ,2022-07-04,7.5,7.55,7.29,7.41,7.66,-0.25,-3.2637,193397.8,142715.407
300102.SZ,2022-07-05,7.43,7.46,7.2,7.3,7.41,-0.11,-1.4845,144089.0,105202.781
300102.SZ,2022-07-06,7.28,7.43,7.22,7.31,7.3,0.01,0.137,107283.0,78631.833
300102.SZ,2022-07-07,7.32,7.55,7.2,7.39,7.31,0.08,1.0944,178789.82,131827.693
300102.SZ,2022-07-08,7.43,7.52,7.37,7.38,7.39,-0.01,-0.1353,119160.2,88697.251
300102.SZ,2022-07-11,7.38,7.4,7.13,7.22,7.38,-0.16,-2.168,113607.64,81890.667
300102.SZ,2022-07-12,7.21,7.23,7.01,7.02,7.22,-0.2,-2.7701,103354.02,73297.501
300102.SZ,2022-07-13,7.04,7.13,7.01,7.1,7.02,0.08,1.1396,64384.4,45547.659
300102.SZ,2022-07-14,7.1,7.19,7.03,7.09,7.1,-0.01,-0.1408,85189.8,60717.762
300102.SZ,2022-07-15,7.09,7.1,6.89,6.89,7.09,-0.2,-2.8209,97512.69,68235.347
300102.SZ,2022-07-18,6.95,7.17,6.94,7.14,6.89,0.25,3.6284,105344.96,74431.799
300102.SZ,2022-07-19,7.16,7.18,7.0,7.1,7.14,-0.04,-0.5602,119940.34,85018.243
300102.SZ,2022-07-20,7.12,7.25,7.09,7.2,7.1,0.1,1.4085,147549.4,105820.338
300102.SZ,2022-07-21,7.2,7.31,7.13,7.19,7.2,-0.01,-0.1389,170100.4,123165.814
300102.SZ,2022-07-22,7.21,7.48,7.1,7.2,7.19,0.01,0.1391,223184.92,161159.652
300102.SZ,2022-07-25,7.17,7.34,7.01,7.12,7.2,-0.08,-1.1111,167681.8,120219.532
300102.SZ,2022-07-26,7.15,7.29,7.01,7.26,7.12,0.14,1.9663,174897.9,125145.494
300102.SZ,2022-07-27,7.35,7.5,7.3,7.42,7.26,0.16,2.2039,253791.07,187820.324
300102.SZ,2022-07-28,7.41,7.52,7.38,7.42,7.42,0.0,0.0,210636.36,156919.091
300102.SZ,2022-07-29,7.4,7.47,7.31,7.31,7.42,-0.11,-1.4825,133962.79,98793.346
300102.SZ,2022-08-01,7.38,7.46,7.3,7.4,7.31,0.09,1.2312,124667.41,92257.149
300102.SZ,2022-08-02,7.32,7.32,7.01,7.07,7.4,-0.33,-4.4595,195356.44,139200.212
300102.SZ,2022-08-03,7.12,7.41,7.1,7.19,7.07,0.12,1.6973,221038.13,161473.807
300102.SZ,2022-08-04,7.29,7.42,7.25,7.41,7.19,0.22,3.0598,176169.52,129503.329
300102.SZ,2022-08-05,7.4,7.73,7.37,7.65,7.41,0.24,3.2389,337982.15,256894.98
300102.SZ,2022-08-08,7.66,7.76,7.5,7.66,7.65,0.01,0.1307,206683.94,157067.225
300102.SZ,2022-08-09,7.59,7.7,7.5,7.7,7.66,0.04,0.5222,173973.53,131902.41
300102.SZ,2022-08-10,7.58,7.76,7.54,7.67,7.7,-0.03,-0.3896,164714.16,126563.461
300102.SZ,2022-08-11,7.74,7.92,7.71,7.84,7.67,0.17,2.2164,229049.72,179965.569
300102.SZ,2022-08-12,7.83,7.89,7.65,7.66,7.84,-0.18,-2.2959,201085.6,155970.462
300102.SZ,2022-08-15,7.88,7.94,7.7,7.77,7.66,0.11,1.436,182380.6,142093.165
300102.SZ,2022-08-16,7.74,7.84,7.66,7.73,7.77,-0.04,-0.5148,151089.0,117087.961
300102.SZ,2022-08-17,7.73,7.88,7.68,7.8,7.73,0.07,0.9056,171864.0,133927.428
300102.SZ,2022-08-18,7.69,8.08,7.67,8.05,7.8,0.25,3.2051,351963.9,279914.349
300102.SZ,2022-08-19,8.1,8.19,7.75,7.79,8.05,-0.26,-3.2298,310264.0,247456.974
300102.SZ,2022-08-22,7.72,7.81,7.52,7.63,7.79,-0.16,-2.0539,192422.0,146854.453
300102.SZ,2022-08-23,7.54,7.63,7.42,7.54,7.63,-0.09,-1.1796,195132.2,146311.131
300102.SZ,2022-08-24,7.5,7.56,7.08,7.11,7.54,-0.43,-5.7029,235678.0,170865.206
300102.SZ,2022-08-25,7.11,7.2,6.89,6.98,7.11,-0.13,-1.8284,141179.08,98732.791
300102.SZ,2022-08-26,6.98,7.06,6.83,6.87,6.98,-0.11,-1.5759,116157.21,80645.015
300102.SZ,2022-08-29,6.84,6.96,6.75,6.91,6.87,0.04,0.5822,87064.0,59974.864
300102.SZ,2022-08-30,6.91,6.98,6.78,6.89,6.91,-0.02,-0.2894,86015.0,59241.833
300102.SZ,2022-08-31,6.88,6.89,6.62,6.64,6.89,-0.25,-3.6284,101775.0,68231.131
300102.SZ,2022-09-01,6.63,6.69,6.51,6.61,6.64,-0.03,-0.4518,68873.0,45651.319
300102.SZ,2022-09-02,6.62,6.85,6.6,6.8,6.61,0.19,2.8744,99174.4,66928.397
300102.SZ,2022-09-05,6.73,6.84,6.67,6.74,6.8,-0.06,-0.8824,72963.0,49133.608
300102.SZ,2022-09-06,6.75,6.82,6.71,6.82,6.74,0.08,1.1869,74890.94,50711.662
300102.SZ,2022-09-07,6.8,6.93,6.75,6.86,6.82,0.04,0.5865,92966.7,63877.517
300102.SZ,2022-09-08,6.84,6.88,6.72,6.74,6.86,-0.12,-1.7493,61804.3,41939.743
300102.SZ,2022-09-09,6.72,6.77,6.63,6.75,6.74,0.01,0.1484,65162.81,43639.378
300102.SZ,2022-09-13,6.77,6.84,6.73,6.75,6.75,0.0,0.0,59757.6,40529.183
300102.SZ,2022-09-14,6.64,6.74,6.57,6.65,6.75,-0.1,-1.4815,69180.0,45903.724
300102.SZ,2022-09-15,6.69,6.69,6.3,6.35,6.65,-0.3,-4.5113,109734.01,70646.309
300102.SZ,2022-09-16,6.35,6.38,6.21,6.22,6.35,-0.13,-2.0472,60217.2,37891.781
300102.SZ,2022-09-19,6.24,6.27,6.12,6.24,6.22,0.02,0.3215,50949.4,31599.357
300102.SZ,2022-09-20,6.25,6.33,6.23,6.25,6.24,0.01,0.1603,51325.6,32153.529
300102.SZ,2022-09-21,6.25,6.28,6.09,6.25,6.25,0.0,0.0,51455.0,31888.809
300102.SZ,2022-09-22,6.2,6.29,6.17,6.18,6.25,-0.07,-1.12,47016.0,29316.672
300102.SZ,2022-09-23,6.2,6.22,5.95,6.0,6.18,-0.18,-2.9126,90652.7,54898.828
300102.SZ,2022-09-26,5.94,6.02,5.86,5.87,6.0,-0.13,-2.1667,60012.56,35684.433
300102.SZ,2022-09-27,5.95,6.05,5.86,6.05,5.87,0.18,3.0664,56513.03,33763.314
300102.SZ,2022-09-28,6.04,6.07,5.88,5.88,6.05,-0.17,-2.8099,54722.66,32650.086
300102.SZ,2022-09-29,5.98,5.99,5.72,5.75,5.88,-0.13,-2.2109,61488.66,35952.683
300102.SZ,2022-09-30,5.75,5.84,5.69,5.69,5.75,-0.06,-1.0435,53671.0,30819.652
300102.SZ,2022-10-10,5.7,5.75,5.47,5.49,5.69,-0.2,-3.5149,67669.13,37911.27
300102.SZ,2022-10-11,5.55,5.64,5.44,5.62,5.49,0.13,2.3679,74351.8,41141.925
300102.SZ,2022-10-12,5.57,5.84,5.56,5.83,5.62,0.21,3.7367,85027.2,48572.407
300102.SZ,2022-10-13,5.83,5.99,5.77,5.87,5.83,0.04,0.6861,91149.2,53679.421
300102.SZ,2022-10-14,5.89,5.97,5.87,5.96,5.87,0.09,1.5332,84990.2,50376.999
300102.SZ,2022-10-17,5.92,6.18,5.9,6.13,5.96,0.17,2.8523,110214.7,67047.076
300102.SZ,2022-10-18,6.14,6.16,6.06,6.09,6.13,-0.04,-0.6525,64865.6,39634.455
300102.SZ,2022-10-19,6.09,6.17,6.06,6.07,6.09,-0.02,-0.3284,59588.66,36429.028
300102.SZ,2022-10-20,6.05,6.23,5.99,6.16,6.07,0.09,1.4827,94271.71,57788.564
300102.SZ,2022-10-21,6.14,6.18,6.07,6.08,6.16,-0.08,-1.2987,53979.0,32978.071
300102.SZ,2022-10-24,6.08,6.22,5.97,5.99,6.08,-0.09,-1.4803,68983.0,41978.793
300102.SZ,2022-10-25,6.05,6.05,5.9,5.97,5.99,-0.02,-0.3339,60313.59,36059.043
300102.SZ,2022-10-26,6.0,6.17,5.97,6.15,5.97,0.18,3.0151,81409.67,49756.557
300102.SZ,2022-10-27,6.15,6.32,6.13,6.19,6.15,0.04,0.6504,83975.0,52242.363
300102.SZ,2022-10-28,6.03,6.16,5.86,5.88,6.19,-0.31,-5.0081,99011.0,59593.059
300102.SZ,2022-10-31,5.87,6.05,5.87,5.95,5.88,0.07,1.1905,84882.0,50573.562
300102.SZ,2022-11-01,5.95,6.09,5.93,6.08,5.95,0.13,2.1849,80436.4,48486.098
300102.SZ,2022-11-02,6.12,6.22,6.09,6.17,6.08,0.09,1.4803,83264.8,51444.728
300102.SZ,2022-11-03,6.13,6.43,6.11,6.36,6.17,0.19,3.0794,169169.32,106675.613
300102.SZ,2022-11-04,6.36,6.42,6.28,6.37,6.36,0.01,0.1572,89070.15,56466.988
300102.SZ,2022-11-07,6.68,7.15,6.67,6.71,6.37,0.34,5.3375,384756.66,262811.529
300102.SZ,2022-11-08,6.71,7.08,6.71,6.81,6.71,0.1,1.4903,290470.33,199221.716
300102.SZ,2022-11-09,6.73,6.85,6.52,6.53,6.81,-0.28,-4.1116,210681.6,138833.304
300102.SZ,2022-11-10,6.52,6.82,6.49,6.78,6.53,0.25,3.8285,246298.03,164967.205
300102.SZ,2022-11-11,6.87,7.16,6.77,6.96,6.78,0.18,2.6549,302877.5,210716.355
300102.SZ,2022-11-14,7.0,7.09,6.85,6.99,6.96,0.03,0.431,173093.27,120806.332
300102.SZ,2022-11-15,6.96,7.22,6.94,7.18,6.99,0.19,2.7182,213371.21,151290.994
300102.SZ,2022-11-16,7.14,7.2,7.06,7.1,7.18,-0.08,-1.1142,123021.76,87300.311
300102.SZ,2022-11-17,7.09,7.17,6.95,7.16,7.1,0.06,0.8451,132781.41,94062.315
300102.SZ,2022-11-18,7.22,7.23,7.0,7.07,7.16,-0.09,-1.257,111417.6,79043.017
300102.SZ,2022-11-21,6.98,7.06,6.91,6.97,7.07,-0.1,-1.4144,78058.6,54581.203
300102.SZ,2022-11-22,6.97,7.08,6.81,6.84,6.97,-0.13,-1.8651,112676.0,77974.563
300102.SZ,2022-11-23,6.83,6.87,6.68,6.76,6.84,-0.08,-1.1696,87265.42,58996.135
300102.SZ,2022-11-24,6.79,6.83,6.67,6.69,6.76,-0.07,-1.0355,58675.6,39435.715
300102.SZ,2022-11-25,6.69,6.73,6.58,6.6,6.69,-0.09,-1.3453,56997.01,37852.058
300102.SZ,2022-11-28,6.56,6.64,6.52,6.62,6.6,0.02,0.303,61865.24,40852.488
300102.SZ,2022-11-29,6.63,6.8,6.63,6.78,6.62,0.16,2.4169,67455.9,45427.036
300102.SZ,2022-11-30,6.8,6.8,6.66,6.67,6.78,-0.11,-1.6224,60308.0,40405.627
300102.SZ,2022-12-01,6.73,6.78,6.67,6.68,6.67,0.01,0.1499,55500.13,37336.167
300102.SZ,2022-12-02,6.67,6.74,6.63,6.67,6.68,-0.01,-0.1497,55379.13,36982.106
300102.SZ,2022-12-05,6.7,6.79,6.7,6.78,6.67,0.11,1.6492,64665.0,43597.634
300102.SZ,2022-12-06,6.76,6.82,6.68,6.7,6.78,-0.08,-1.1799,68364.0,46086.816
300102.SZ,2022-12-07,6.69,6.7,6.59,6.6,6.7,-0.1,-1.4925,58190.0,38631.948
300102.SZ,2022-12-08,6.62,6.64,6.51,6.51,6.6,-0.09,-1.3636,50419.0,32996.398
300102.SZ,2022-12-09,6.52,6.59,6.5,6.54,6.51,0.03,0.4608,42957.47,28111.758
300102.SZ,2022-12-12,6.54,6.59,6.45,6.54,6.54,0.0,0.0,50726.1,33101.926
300102.SZ,2022-12-13,6.55,6.57,6.42,6.44,6.54,-0.1,-1.5291,46751.8,30286.369
300102.SZ,2022-12-14,6.57,6.75,6.53,6.55,6.44,0.11,1.7081,123656.92,82360.497
300102.SZ,2022-12-15,6.48,6.73,6.42,6.64,6.55,0.09,1.374,107224.2,71175.262
300102.SZ,2022-12-16,6.59,6.64,6.49,6.5,6.64,-0.14,-2.1084,65137.69,42607.04
300102.SZ,2022-12-19,6.52,6.55,6.21,6.23,6.5,-0.27,-4.1538,74197.0,46967.826
300102.SZ,2022-12-20,6.23,6.38,6.22,6.29,6.23,0.06,0.9631,54563.67,34368.423
300102.SZ,2022-12-21,6.29,6.29,6.11,6.17,6.29,-0.12,-1.9078,44688.0,27672.3
300102.SZ,2022-12-22,6.19,6.21,6.01,6.04,6.17,-0.13,-2.107,50947.67,31047.093
300102.SZ,2022-12-23,5.99,6.16,5.99,6.07,6.04,0.03,0.4967,40569.4,24612.829
300102.SZ,2022-12-26,6.05,6.18,6.03,6.18,6.07,0.11,1.8122,46864.82,28771.314
300102.SZ,2022-12-27,6.19,6.2,6.08,6.13,6.18,-0.05,-0.8091,39175.05,24006.586
300102.SZ,2022-12-28,6.11,6.12,6.0,6.01,6.13,-0.12,-1.9576,34971.0,21117.658
300102.SZ,2022-12-29,6.0,6.34,5.97,6.24,6.01,0.23,3.827,103598.0,64417.499
300102.SZ,2022-12-30,6.41,6.41,6.27,6.32,6.24,0.08,1.2821,79988.0,50735.774
300102.SZ,2023-01-03,6.31,6.57,6.29,6.53,6.32,0.21,3.3228,95555.66,61676.03
300102.SZ,2023-01-04,6.5,6.61,6.46,6.5,6.53,-0.03,-0.4594,59910.0,39038.716
300102.SZ,2023-01-05,6.5,6.53,6.43,6.47,6.5,-0.03,-0.4615,49478.0,31989.403
300102.SZ,2023-01-06,6.45,6.51,6.4,6.42,6.47,-0.05,-0.7728,51604.0,33336.1
300102.SZ,2023-01-09,6.41,6.52,6.39,6.4,6.42,-0.02,-0.3115,43014.0,27695.226
300102.SZ,2023-01-10,6.41,6.47,6.38,6.43,6.4,0.03,0.4688,36992.82,23775.811
300102.SZ,2023-01-11,6.45,6.47,6.31,6.34,6.43,-0.09,-1.3997,49027.0,31365.876
300102.SZ,2023-01-12,6.32,6.52,6.29,6.45,6.34,0.11,1.735,79641.1,51275.541
300102.SZ,2023-01-13,6.45,6.48,6.34,6.41,6.45,-0.04,-0.6202,53840.0,34427.754
300102.SZ,2023-01-16,6.39,6.56,6.39,6.53,6.41,0.12,1.8721,68997.4,44802.917
300102.SZ,2023-01-17,6.53,6.59,6.5,6.57,6.53,0.04,0.6126,51763.4,33925.377
300102.SZ,2023-01-18,6.59,6.92,6.55,6.91,6.57,0.34,5.175,176988.0,120391.984
300102.SZ,2023-01-19,6.83,7.0,6.66,6.99,6.91,0.08,1.1577,194060.2,133148.698
300102.SZ,2023-01-20,6.93,7.17,6.92,7.17,6.99,0.18,2.5751,161011.73,114147.438
300102.SZ,2023-01-30,7.24,7.24,6.93,7.09,7.17,-0.08,-1.1158,279599.88,197799.947
300102.SZ,2023-01-31,7.07,7.07,6.95,6.97,7.09,-0.12,-1.6925,80013.26,55939.885
300102.SZ,2023-02-01,7.0,7.07,6.96,7.02,6.97,0.05,0.7174,97273.86,68323.458
300102.SZ,2023-02-02,7.03,7.12,6.97,6.97,7.02,-0.05,-0.7123,109715.1,77014.603
300102.SZ,2023-02-03,6.93,7.02,6.88,6.97,6.97,0.0,0.0,78103.0,54251.611
300102.SZ,2023-02-06,6.96,7.01,6.91,6.92,6.97,-0.05,-0.7174,47450.0,32928.692
300102.SZ,2023-02-07,6.93,7.05,6.91,6.99,6.92,0.07,1.0116,81136.9,56606.876
300102.SZ,2023-02-08,6.98,7.04,6.91,6.92,6.99,-0.07,-1.0014,62842.0,43734.761
300102.SZ,2023-02-09,6.9,7.04,6.86,7.04,6.92,0.12,1.7341,118500.9,83057.479
300102.SZ,2023-02-10,7.04,7.07,6.93,6.98,7.04,-0.06,-0.8523,103325.0,72441.199
300102.SZ,2023-02-13,7.0,7.1,6.97,7.04,6.98,0.06,0.8596,76798.7,54007.194
300102.SZ,2023-02-14,7.04,7.14,7.01,7.04,7.04,0.0,0.0,74946.03,52931.678
300102.SZ,2023-02-15,7.04,7.15,7.02,7.15,7.04,0.11,1.5625,103357.56,73541.577
300102.SZ,2023-02-16,7.12,7.27,6.9,6.98,7.15,-0.17,-2.3776,136974.0,97281.481
300102.SZ,2023-02-17,6.99,7.03,6.81,6.83,6.98,-0.15,-2.149,85451.01,58961.915
300102.SZ,2023-02-20,6.86,6.94,6.8,6.92,6.83,0.09,1.3177,57078.01,39198.615
300102.SZ,2023-02-21,6.94,7.03,6.91,6.95,6.92,0.03,0.4335,61060.0,42516.972
300102.SZ,2023-02-22,6.92,7.04,6.9,7.0,6.95,0.05,0.7194,62675.6,43677.808
300102.SZ,2023-02-23,7.02,7.03,6.88,6.95,7.0,-0.05,-0.7143,59659.9,41476.44
300102.SZ,2023-02-24,7.0,7.06,6.94,6.97,6.95,0.02,0.2878,62393.0,43631.246
300102.SZ,2023-02-27,6.95,7.99,6.8,7.75,6.97,0.78,11.1908,506729.38,378764.775
300102.SZ,2023-02-28,7.6,7.79,7.43,7.55,7.75,-0.2,-2.5806,458481.78,347943.219
300102.SZ,2023-03-01,7.51,7.86,7.45,7.74,7.55,0.19,2.5166,420902.77,320944.173
300102.SZ,2023-03-02,7.36,7.45,7.16,7.33,7.74,-0.41,-5.2972,390767.3,287542.594
300102.SZ,2023-03-03,7.36,7.48,7.3,7.39,7.33,0.06,0.8186,199008.57,147083.682
300102.SZ,2023-03-06,7.39,7.58,7.32,7.49,7.39,0.1,1.3532,203894.7,152418.188
300102.SZ,2023-03-07,7.42,7.5,7.2,7.2,7.49,-0.29,-3.8718,181351.86,132464.333
300102.SZ,2023-03-08,7.17,7.29,7.15,7.27,7.2,0.07,0.9722,102486.0,74196.949
300102.SZ,2023-03-09,7.25,7.42,7.25,7.37,7.27,0.1,1.3755,140069.0,103154.054
300102.SZ,2023-03-10,7.34,7.43,7.24,7.26,7.37,-0.11,-1.4925,141081.42,103422.815
300102.SZ,2023-03-13,7.2,7.29,7.12,7.22,7.26,-0.04,-0.551,97351.0,70140.318
300102.SZ,2023-03-14,7.26,7.41,7.12,7.41,7.22,0.19,2.6316,202944.37,148399.106
300102.SZ,2023-03-15,7.44,7.53,7.35,7.38,7.41,-0.03,-0.4049,170547.32,126894.259
300102.SZ,2023-03-16,7.32,7.44,7.22,7.24,7.38,-0.14,-1.897,118329.99,86422.073
300102.SZ,2023-03-17,7.3,7.38,7.28,7.34,7.24,0.1,1.3812,110132.97,80850.829
300102.SZ,2023-03-20,7.38,7.44,7.33,7.35,7.34,0.01,0.1362,133503.0,98611.149
300102.SZ,2023-03-21,7.34,7.43,7.24,7.43,7.35,0.08,1.0884,116655.25,85749.056
300102.SZ,2023-03-22,7.4,7.53,7.35,7.5,7.43,0.07,0.9421,136974.84,102011.428
300102.SZ,2023-03-23,7.48,7.6,7.45,7.52,7.5,0.02,0.2667,156237.05,117475.546
300102.SZ,2023-03-24,7.54,7.54,7.34,7.4,7.52,-0.12,-1.5957,135491.0,100415.81
300102.SZ,2023-03-27,7.42,7.45,7.29,7.37,7.4,-0.03,-0.4054,99576.18,73410.829
300102.SZ,2023-03-28,7.38,7.4,7.14,7.16,7.37,-0.21,-2.8494,117418.04,84958.452
300102.SZ,2023-03-29,7.18,7.44,7.11,7.36,7.16,0.2,2.7933,142071.09,103583.07
300102.SZ,2023-03-30,7.34,7.47,7.31,7.44,7.36,0.08,1.087,133700.75,99058.273
300102.SZ,2023-03-31,7.44,7.49,7.38,7.47,7.44,0.03,0.4032,113438.0,84379.808
300102.SZ,2023-04-03,7.44,7.63,7.41,7.59,7.47,0.12,1.6064,167555.57,126682.602
300102.SZ,2023-04-04,7.61,7.75,7.54,7.68,7.59,0.09,1.1858,230507.05,176737.013
300102.SZ,2023-04-06,7.58,7.94,7.58,7.79,7.68,0.11,1.4323,319608.6,249242.127
300102.SZ,2023-04-07,7.8,7.82,7.66,7.72,7.79,-0.07,-0.8986,190700.46,147269.71
300102.SZ,2023-04-10,7.69,7.81,7.55,7.57,7.72,-0.15,-1.943,151003.25,115701.906
300102.SZ,2023-04-11,7.59,7.64,7.51,7.56,7.57,-0.01,-0.1321,99077.12,74924.892
300102.SZ,2023-04-12,7.57,7.65,7.51,7.61,7.56,0.05,0.6614,96487.38,73292.727
300102.SZ,2023-04-13,7.63,7.64,7.28,7.31,7.61,-0.3,-3.9422,174821.44,129168.933
300102.SZ,2023-04-14,7.36,7.38,7.16,7.37,7.31,0.06,0.8208,109987.0,80205.277
300102.SZ,2023-04-17,7.33,7.41,7.26,7.33,7.37,-0.04,-0.5427,82232.0,60314.019
300102.SZ,2023-04-18,7.3,7.34,7.11,7.14,7.33,-0.19,-2.5921,105440.69,75708.165
300102.SZ,2023-04-19,7.18,7.42,7.11,7.2,7.14,0.06,0.8403,120370.34,87262.44
300102.SZ,2023-04-20,7.17,7.26,7.15,7.23,7.2,0.03,0.4167,77738.09,56041.089
300102.SZ,2023-04-21,7.04,7.05,6.26,6.32,7.23,-0.91,-12.5864,399887.4,260835.037
300102.SZ,2023-04-24,6.3,6.39,6.21,6.26,6.32,-0.06,-0.9494,140271.0,88159.867
300102.SZ,2023-04-25,6.26,6.29,6.11,6.18,6.26,-0.08,-1.278,112856.06,69967.615
300102.SZ,2023-04-26,6.18,6.31,6.16,6.28,6.18,0.1,1.6181,89750.02,56256.929
300102.SZ,2023-04-27,6.25,6.32,6.18,6.2,6.28,-0.08,-1.2739,81484.97,50842.812
300102.SZ,2023-04-28,6.17,6.34,6.15,6.32,6.2,0.12,1.9355,78002.0,49097.723
300102.SZ,2023-05-04,6.32,6.35,6.23,6.31,6.32,-0.01,-0.1582,70567.86,44364.16
300102.SZ,2023-05-05,6.32,6.33,6.21,6.22,6.31,-0.09,-1.4263,64944.0,40616.399
300102.SZ,2023-05-08,6.26,6.29,6.21,6.24,6.22,0.02,0.3215,56139.02,35088.135
300102.SZ,2023-05-09,6.24,6.29,6.15,6.15,6.24,-0.09,-1.4423,91675.0,56901.28
300102.SZ,2023-05-10,6.14,6.2,6.08,6.18,6.15,0.03,0.4878,48836.04,30114.459
300102.SZ,2023-05-11,6.17,6.26,6.16,6.22,6.18,0.04,0.6472,47996.02,29819.246
300102.SZ,2023-05-12,6.21,6.26,6.15,6.16,6.22,-0.06,-0.9646,47131.0,29192.155
300102.SZ,2023-05-15,6.2,6.26,6.13,6.25,6.16,0.09,1.461,52800.0,32672.557
300102.SZ,2023-05-16,6.29,6.29,6.16,6.22,6.25,-0.03,-0.48,51541.42,31976.783
300102.SZ,2023-05-17,6.22,6.26,6.19,6.25,6.22,0.03,0.4823,49936.58,31148.346
300102.SZ,2023-05-18,6.25,6.37,6.25,6.35,6.25,0.1,1.6,92202.44,58301.529
300102.SZ,2023-05-19,6.37,6.57,6.34,6.49,6.35,0.14,2.2047,119131.46,77116.32
300102.SZ,2023-05-22,6.48,6.53,6.41,6.49,6.49,0.0,0.0,75026.88,48597.963
300102.SZ,2023-05-23,6.49,6.54,6.42,6.42,6.49,-0.07,-1.0786,67945.94,44016.457
300102.SZ,2023-05-24,6.39,6.52,6.38,6.42,6.42,0.0,0.0,60127.58,38778.934
300102.SZ,2023-05-25,6.45,6.49,6.3,6.41,6.42,-0.01,-0.1558,54665.0,34911.762
300102.SZ,2023-05-26,6.43,6.46,6.36,6.44,6.41,0.03,0.468,49766.17,31961.957
300102.SZ,2023-05-29,6.48,6.54,6.43,6.46,6.44,0.02,0.3106,68804.02,44638.499
300102.SZ,2023-05-30,6.43,6.52,6.37,6.51,6.46,0.05,0.774,59542.57,38336.679
300102.SZ,2023-05-31,6.47,6.59,6.47,6.57,6.51,0.06,0.9217,73215.0,47865.886
300102.SZ,2023-06-01,6.53,6.72,6.53,6.66,6.57,0.09,1.3699,80669.0,53649.309
300102.SZ,2023-06-02,6.71,6.81,6.6,6.74,6.66,0.08,1.2012,103764.94,69653.012
300102.SZ,2023-06-05,6.68,6.74,6.63,6.68,6.74,-0.06,-0.8902,82429.02,55159.141
300102.SZ,2023-06-06,6.67,6.75,6.48,6.49,6.68,-0.19,-2.8443,86011.86,56581.514
300102.SZ,2023-06-07,6.51,6.73,6.43,6.67,6.49,0.18,2.7735,91969.73,60796.658
300102.SZ,2023-06-08,6.67,6.67,6.48,6.51,6.67,-0.16,-2.3988,77526.0,50753.9
300102.SZ,2023-06-09,6.53,6.58,6.45,6.55,6.51,0.04,0.6144,49525.88,32266.576
300102.SZ,2023-06-12,6.51,6.65,6.47,6.6,6.55,0.05,0.7634,50516.96,33305.986
300102.SZ,2023-06-13,6.59,6.61,6.54,6.58,6.6,-0.02,-0.303,45248.0,29757.832
300102.SZ,2023-06-14,6.55,6.62,6.48,6.49,6.58,-0.09,-1.3678,56262.42,36645.574
300102.SZ,2023-06-15,6.49,6.52,6.41,6.45,6.49,-0.04,-0.6163,55572.0,35838.972
300102.SZ,2023-06-16,6.45,6.68,6.41,6.61,6.45,0.16,2.4806,118882.2,78457.101
300102.SZ,2023-06-19,6.58,6.91,6.54,6.81,6.61,0.2,3.0257,175404.07,118603.963
300102.SZ,2023-06-20,6.75,6.77,6.6,6.64,6.81,-0.17,-2.4963,123187.0,82079.826
300102.SZ,2023-06-21,6.64,6.96,6.42,6.55,6.64,-0.09,-1.3554,210037.75,139640.572
300102.SZ,2023-06-26,6.54,6.73,6.42,6.42,6.55,-0.13,-1.9847,192242.35,126157.541
300102.SZ,2023-06-27,6.37,6.5,6.37,6.46,6.42,0.04,0.6231,87128.87,56190.954
300102.SZ,2023-06-28,6.46,6.48,6.23,6.42,6.46,-0.04,-0.6192,100934.04,63932.097
300102.SZ,2023-06-29,6.39,6.53,6.37,6.49,6.42,0.07,1.0903,87300.85,56649.333
300102.SZ,2023-06-30,6.48,6.64,6.44,6.58,6.49,0.09,1.3867,80554.0,52623.991
300102.SZ,2023-07-03,6.58,6.82,6.56,6.69,6.58,0.11,1.6717,136085.5,91466.357
300102.SZ,2023-07-04,7.3,7.37,6.95,6.98,6.69,0.29,4.3348,375185.09,264325.252
300102.SZ,2023-07-05,6.98,7.23,6.84,7.14,6.98,0.16,2.2923,391605.27,276604.188
300102.SZ,2023-07-06,7.0,7.12,6.86,6.87,7.14,-0.27,-3.7815,227424.44,158226.129
300102.SZ,2023-07-07,6.92,6.97,6.72,6.78,6.87,-0.09,-1.31,138316.9,93994.219
300102.SZ,2023-07-10,6.79,6.83,6.69,6.72,6.78,-0.06,-0.885,94378.96,63668.479
300102.SZ,2023-07-11,6.68,6.81,6.66,6.78,6.72,0.06,0.8929,83387.06,56409.823
300102.SZ,2023-07-12,6.76,6.82,6.65,6.67,6.78,-0.11,-1.6224,96669.87,64941.913
300102.SZ,2023-07-13,6.7,6.8,6.67,6.78,6.67,0.11,1.6492,89462.98,60474.086
300102.SZ,2023-07-14,6.75,6.94,6.74,6.87,6.78,0.09,1.3274,109587.38,75371.623
300102.SZ,2023-07-17,6.85,7.03,6.84,6.93,6.87,0.06,0.8734,101168.5,69923.707
300102.SZ,2023-07-18,6.91,6.99,6.88,6.91,6.93,-0.02,-0.2886,96311.3,66850.936
300102.SZ,2023-07-19,6.96,7.05,6.87,6.94,6.91,0.03,0.4342,73580.5,51013.596
300102.SZ,2023-07-20,6.96,7.17,6.96,7.08,6.94,0.14,2.0173,273786.68,194430.557
300102.SZ,2023-07-21,7.04,7.19,6.88,6.95,7.08,-0.13,-1.8362,147087.07,102946.593
300102.SZ,2023-07-24,6.93,6.97,6.82,6.86,6.95,-0.09,-1.295,85417.11,58996.15
300102.SZ,2023-07-25,6.94,7.02,6.88,7.0,6.86,0.14,2.0408,105484.33,73530.419
300102.SZ,2023-07-26,6.98,7.01,6.9,6.91,7.0,-0.09,-1.2857,67823.66,46954.426
300102.SZ,2023-07-27,6.9,7.0,6.76,6.84,6.91,-0.07,-1.013,135714.72,93143.116
300102.SZ,2023-07-28,6.85,6.88,6.73,6.83,6.84,-0.01,-0.1462,63990.37,43587.801
300102.SZ,2023-07-31,6.86,6.89,6.76,6.81,6.83,-0.02,-0.2928,87040.64,59326.632
300102.SZ,2023-08-01,6.79,6.88,6.77,6.86,6.81,0.05,0.7342,52686.67,35927.833
300102.SZ,2023-08-02,6.88,6.89,6.78,6.8,6.86,-0.06,-0.8746,45641.84,31091.874
300102.SZ,2023-08-03,6.8,6.8,6.69,6.71,6.8,-0.09,-1.3235,64903.0,43693.589
300102.SZ,2023-08-04,6.74,6.8,6.71,6.73,6.71,0.02,0.2981,63218.79,42735.362
300102.SZ,2023-08-07,6.73,6.76,6.63,6.65,6.73,-0.08,-1.1887,69073.81,46160.488
300102.SZ,2023-08-08,6.65,6.7,6.61,6.62,6.65,-0.03,-0.4511,41447.0,27523.734
300102.SZ,2023-08-09,6.61,6.64,6.54,6.56,6.62,-0.06,-0.9063,42711.02,28053.876
300102.SZ,2023-08-10,6.58,6.65,6.56,6.61,6.56,0.05,0.7622,45566.5,30068.698
300102.SZ,2023-08-11,6.63,6.63,6.39,6.4,6.61,-0.21,-3.177,60300.38,39048.131
300102.SZ,2023-08-14,6.37,6.56,6.34,6.53,6.4,0.13,2.0313,63784.4,41092.065
300102.SZ,2023-08-15,6.56,6.57,6.4,6.44,6.53,-0.09,-1.3783,38033.0,24551.733
300102.SZ,2023-08-16,6.43,6.43,6.29,6.32,6.44,-0.12,-1.8634,46260.0,29363.274
300102.SZ,2023-08-17,6.28,6.39,6.25,6.38,6.32,0.06,0.9494,33951.14,21526.279
300102.SZ,2023-08-18,6.4,6.45,6.3,6.3,6.38,-0.08,-1.2539,41034.14,26135.995
300102.SZ,2023-08-21,6.28,6.43,6.26,6.29,6.3,-0.01,-0.1587,56961.0,36160.216
300102.SZ,2023-08-22,6.32,6.4,6.25,6.38,6.29,0.09,1.4308,64489.37,40866.614
300102.SZ,2023-08-23,6.38,6.39,6.28,6.3,6.38,-0.08,-1.2539,42015.66,26588.07
300102.SZ,2023-08-24,6.3,6.37,6.27,6.29,6.3,-0.01,-0.1587,45414.13,28705.251
300102.SZ,2023-08-25,6.25,6.28,6.13,6.16,6.29,-0.13,-2.0668,61652.11,38277.932
300102.SZ,2023-08-28,6.49,6.49,6.18,6.2,6.16,0.04,0.6494,74374.32,47119.416
300102.SZ,2023-08-29,6.2,6.42,6.17,6.4,6.2,0.2,3.2258,75938.31,48281.508
300102.SZ,2023-08-30,6.38,6.57,6.38,6.48,6.4,0.08,1.25,78834.91,51206.101
300102.SZ,2023-08-31,6.47,6.54,6.42,6.5,6.48,0.02,0.3086,55820.65,36211.879
300102.SZ,2023-09-01,6.53,6.54,6.47,6.52,6.5,0.02,0.3077,40800.25,26503.693
300102.SZ,2023-09-04,6.52,6.6,6.5,6.6,6.52,0.08,1.227,47496.0,31096.619
300102.SZ,2023-09-05,6.6,6.68,6.6,6.62,6.6,0.02,0.303,63751.98,42303.243
300102.SZ,2023-09-06,6.62,6.92,6.6,6.89,6.62,0.27,4.0785,179744.66,122206.669
300102.SZ,2023-09-07,6.9,7.0,6.84,6.86,6.89,-0.03,-0.4354,159193.62,109872.037
300102.SZ,2023-09-08,6.84,7.01,6.82,6.98,6.86,0.12,1.7493,117553.72,81588.608
300102.SZ,2023-09-11,6.97,7.06,6.89,6.9,6.98,-0.08,-1.1461,126769.07,87938.046
300102.SZ,2023-09-12,6.89,6.93,6.83,6.86,6.9,-0.04,-0.5797,87351.65,59977.804
300102.SZ,2023-09-13,6.92,6.95,6.77,6.82,6.86,-0.04,-0.5831,72686.63,49660.072
300102.SZ,2023-09-14,6.83,6.83,6.73,6.76,6.82,-0.06,-0.8798,49454.0,33454.296
300102.SZ,2023-09-15,6.77,6.88,6.72,6.81,6.76,0.05,0.7396,60391.0,41045.139
300102.SZ,2023-09-18,6.77,6.84,6.73,6.75,6.81,-0.06,-0.8811,50967.0,34486.647
300102.SZ,2023-09-19,6.75,6.76,6.65,6.71,6.75,-0.04,-0.5926,54046.0,36224.5
300102.SZ,2023-09-20,6.68,6.73,6.59,6.6,6.71,-0.11,-1.6393,72827.02,48324.665
300102.SZ,2023-09-21,6.58,6.67,6.57,6.62,6.6,0.02,0.303,51096.07,33810.536
300102.SZ,2023-09-22,6.6,6.83,6.57,6.76,6.62,0.14,2.1148,66833.73,44696.284
300102.SZ,2023-09-25,6.75,6.76,6.6,6.62,6.76,-0.14,-2.071,64262.0,42686.314
300102.SZ,2023-09-26,6.59,6.62,6.5,6.52,6.62,-0.1,-1.5106,42612.0,27873.006
300102.SZ,2023-09-27,6.51,6.61,6.49,6.5,6.52,-0.02,-0.3067,44839.2,29379.204
300102.SZ,2023-09-28,6.51,6.79,6.51,6.74,6.5,0.24,3.6923,88323.0,59057.521
300102.SZ,2023-10-09,6.74,6.91,6.71,6.78,6.74,0.04,0.5935,67793.13,45971.277
300102.SZ,2023-10-10,6.81,6.89,6.8,6.88,6.78,0.1,1.4749,76909.0,52768.987
300102.SZ,2023-10-11,6.88,7.0,6.85,6.94,6.88,0.06,0.8721,93337.62,64759.278
300102.SZ,2023-10-12,6.99,7.03,6.92,7.02,6.94,0.08,1.1527,92542.54,64666.668
300102.SZ,2023-10-13,7.0,7.32,7.0,7.22,7.02,0.2,2.849,251933.0,181466.503
300102.SZ,2023-10-16,7.18,7.28,7.02,7.18,7.22,-0.04,-0.554,150023.62,106854.898
300102.SZ,2023-10-17,7.18,7.2,7.06,7.09,7.18,-0.09,-1.2535,77958.58,55291.211
300102.SZ,2023-10-18,7.11,7.11,6.98,6.99,7.09,-0.1,-1.4104,73468.82,51689.225
300102.SZ,2023-10-19,6.95,7.11,6.95,6.97,6.99,-0.02,-0.2861,70574.0,49635.644
300102.SZ,2023-10-20,6.96,7.06,6.85,6.85,6.97,-0.12,-1.7217,70038.0,48451.913
300102.SZ,2023-10-23,7.04,7.08,6.82,6.86,6.85,0.01,0.146,165660.97,114518.026
300102.SZ,2023-10-24,6.84,7.05,6.79,6.99,6.86,0.13,1.895,120162.17,83327.631
300102.SZ,2023-10-25,6.96,7.06,6.91,7.02,6.99,0.03,0.4292,112624.0,79018.524
300102.SZ,2023-10-26,7.01,7.09,6.94,7.05,7.02,0.03,0.4274,117135.0,82157.928
300102.SZ,2023-10-27,7.0,7.14,6.96,7.13,7.05,0.08,1.1348,145122.15,102592.429
300102.SZ,2023-10-30,7.14,7.75,7.08,7.64,7.13,0.51,7.1529,422525.83,314777.052
300102.SZ,2023-10-31,7.65,8.28,7.58,8.07,7.64,0.43,5.6283,1026572.82,828493.323
300102.SZ,2023-11-01,7.86,8.48,7.86,8.07,8.07,0.0,0.0,825551.82,673155.168
300102.SZ,2023-11-02,8.1,8.29,7.53,7.6,8.07,-0.47,-5.824,563041.75,438297.055
300102.SZ,2023-11-03,7.67,8.08,7.6,8.0,7.6,0.4,5.2632,498470.44,392100.216
300102.SZ,2023-11-06,8.18,8.5,8.05,8.42,8.0,0.42,5.25,665664.39,552711.726
300102.SZ,2023-11-07,8.26,8.35,8.15,8.19,8.42,-0.23,-2.7316,364884.84,299715.38
300102.SZ,2023-11-08,8.15,8.18,7.97,8.09,8.19,-0.1,-1.221,249501.58,200578.493
300102.SZ,2023-11-09,8.02,8.15,7.9,7.95,8.09,-0.14,-1.7305,178772.38,143050.112
300102.SZ,2023-11-10,7.93,8.4,7.83,8.19,7.95,0.24,3.0189,382992.2,312472.187
300102.SZ,2023-11-13,8.18,8.75,8.07,8.68,8.19,0.49,5.9829,598477.42,506868.774
300102.SZ,2023-11-14,8.76,9.0,8.61,8.69,8.68,0.01,0.1152,550219.93,483527.168
300102.SZ,2023-11-15,8.64,8.85,8.49,8.65,8.69,-0.04,-0.4603,318922.55,276232.51
300102.SZ,2023-11-16,8.65,8.76,8.47,8.5,8.65,-0.15,-1.7341,205744.36,176619.303
300102.SZ,2023-11-17,8.54,8.59,8.37,8.42,8.5,-0.08,-0.9412,201918.34,170670.643
300102.SZ,2023-11-20,8.42,8.55,8.3,8.38,8.42,-0.04,-0.4751,234453.0,196979.572
300102.SZ,2023-11-21,8.44,8.46,8.24,8.29,8.38,-0.09,-1.074,162617.0,135345.746
300102.SZ,2023-11-22,8.26,8.33,8.13,8.16,8.29,-0.13,-1.5682,142755.0,117379.246
300102.SZ,2023-11-23,8.14,8.17,8.02,8.16,8.16,0.0,0.0,190692.22,154458.155
300102.SZ,2023-11-24,8.16,8.16,7.92,8.01,8.16,-0.15,-1.8382,135093.0,108057.879
300102.SZ,2023-11-27,8.0,8.07,7.91,8.0,8.01,-0.01,-0.1248,118156.0,94319.817
300102.SZ,2023-11-28,7.99,8.2,7.98,8.12,8.0,0.12,1.5,156512.68,126906.233
300102.SZ,2023-11-29,8.08,8.41,8.07,8.14,8.12,0.02,0.2463,144731.91,118603.96
300102.SZ,2023-11-30,8.15,8.15,7.83,7.9,8.14,-0.24,-2.9484,215620.09,170878.093
300102.SZ,2023-12-01,7.9,7.96,7.76,7.92,7.9,0.02,0.2532,142923.55,112585.328
300102.SZ,2023-12-04,7.91,8.0,7.82,7.87,7.92,-0.05,-0.6313,129545.0,102644.25
300102.SZ,2023-12-05,7.85,7.91,7.69,7.71,7.87,-0.16,-2.033,173533.0,135013.364
300102.SZ,2023-12-06,7.69,7.77,7.62,7.63,7.71,-0.08,-1.0376,112063.4,85914.906
300102.SZ,2023-12-07,7.65,7.69,7.55,7.59,7.63,-0.04,-0.5242,111543.93,85053.848
300102.SZ,2023-12-08,7.57,7.7,7.53,7.53,7.59,-0.06,-0.7905,158642.48,120479.985
300102.SZ,2023-12-11,7.53,7.57,7.39,7.46,7.53,-0.07,-0.9296,180815.0,134817.959
300102.SZ,2023-12-12,7.47,7.5,7.38,7.43,7.46,-0.03,-0.4021,128059.0,95066.317
300102.SZ,2023-12-13,7.44,7.52,7.36,7.38,7.43,-0.05,-0.6729,94127.86,69925.551
300102.SZ,2023-12-14,7.44,7.45,7.31,7.35,7.38,-0.03,-0.4065,109179.47,80458.373
300102.SZ,2023-12-15,7.37,7.39,7.27,7.3,7.35,-0.05,-0.6803,79856.0,58420.167
300102.SZ,2023-12-18,7.22,7.31,7.17,7.19,7.3,-0.11,-1.5068,95964.0,69281.711
300102.SZ,2023-12-19,7.27,7.29,7.18,7.25,7.19,0.06,0.8345,93021.51,67303.074
300102.SZ,2023-12-20,7.26,7.32,7.17,7.18,7.25,-0.07,-0.9655,93973.0,68101.155
300102.SZ,2023-12-21,7.14,7.24,7.05,7.17,7.18,-0.01,-0.1393,89588.94,63914.464
300102.SZ,2023-12-22,7.22,7.23,7.04,7.07,7.17,-0.1,-1.3947,83585.0,59561.337
300102.SZ,2023-12-25,7.07,7.2,7.05,7.18,7.07,0.11,1.5559,110531.86,78994.272
300102.SZ,2023-12-26,7.15,7.18,6.9,6.96,7.18,-0.22,-3.0641,136787.0,95423.689
300102.SZ,2023-12-27,6.99,7.1,6.96,7.06,6.96,0.1,1.4368,119399.0,84073.653
300102.SZ,2023-12-28,7.07,7.2,6.94,7.13,7.06,0.07,0.9915,124763.06,88501.02
300102.SZ,2023-12-29,7.13,7.44,7.09,7.35,7.13,0.22,3.0856,200396.8,146725.633
